image_id,image_path,existed_before,deleted
d1ebc07cf1375909d41a2021249820e5,D:\prostat\train_images\d1ebc07cf1375909d41a2021249820e5.tiff,True,True
9e89237d1483cf290f0d69c5e62c8f98,D:\prostat\train_images\9e89237d1483cf290f0d69c5e62c8f98.tiff,True,True
d4c24da9724759ae8e6ad6358b5cb620,D:\prostat\train_images\d4c24da9724759ae8e6ad6358b5cb620.tiff,True,True
75d610802826f390bbda0f4e11260a56,D:\prostat\train_images\75d610802826f390bbda0f4e11260a56.tiff,True,True
b65538bb9960f77e666ad4a6dcb6a77e,D:\prostat\train_images\b65538bb9960f77e666ad4a6dcb6a77e.tiff,True,True
a88041b3adc88de08545e214311d3e17,D:\prostat\train_images\a88041b3adc88de08545e214311d3e17.tiff,True,True
84f400518ff3cba2786849ea4dc3bbfb,D:\prostat\train_images\84f400518ff3cba2786849ea4dc3bbfb.tiff,True,True
44f20df33112cfc1ae49f18ee2efc913,D:\prostat\train_images\44f20df33112cfc1ae49f18ee2efc913.tiff,True,True
17bf343efd84faecfcdbfcd7eda18280,D:\prostat\train_images\17bf343efd84faecfcdbfcd7eda18280.tiff,True,True
45d223ee70909ce1839b31a988beec22,D:\prostat\train_images\45d223ee70909ce1839b31a988beec22.tiff,True,True
de7b957abbadd1ccd6808254a157207c,D:\prostat\train_images\de7b957abbadd1ccd6808254a157207c.tiff,True,True
5e92f3c50fdcef3ece4646e985bbb2a4,D:\prostat\train_images\5e92f3c50fdcef3ece4646e985bbb2a4.tiff,True,True
fc8679d6d29a34f76d3c2c7f128b9f54,D:\prostat\train_images\fc8679d6d29a34f76d3c2c7f128b9f54.tiff,True,True
d9a122f3cfcf06a7768de8f5eb27a6d1,D:\prostat\train_images\d9a122f3cfcf06a7768de8f5eb27a6d1.tiff,True,True
7b3c5e07fd05616a34fa757f17029f99,D:\prostat\train_images\7b3c5e07fd05616a34fa757f17029f99.tiff,True,True
106b34c5c7cef8e43594524c9fd1c999,D:\prostat\train_images\106b34c5c7cef8e43594524c9fd1c999.tiff,True,True
184b98556b06d9962dee7e737b23902b,D:\prostat\train_images\184b98556b06d9962dee7e737b23902b.tiff,True,True
60a15dda8570e347a3529a062fb1d5c9,D:\prostat\train_images\60a15dda8570e347a3529a062fb1d5c9.tiff,True,True
a66b818d221a0cb079b4b8945a8bacb1,D:\prostat\train_images\a66b818d221a0cb079b4b8945a8bacb1.tiff,True,True
81d80ab1d978f1669977d2185e798d56,D:\prostat\train_images\81d80ab1d978f1669977d2185e798d56.tiff,True,True
190fdc642be1770bf973c7e1b354f1b9,D:\prostat\train_images\190fdc642be1770bf973c7e1b354f1b9.tiff,True,True
21ae1b71e4e2007a2893cbcd00c28631,D:\prostat\train_images\21ae1b71e4e2007a2893cbcd00c28631.tiff,True,True
02367dd4a62007ff4dc3226886c93f47,D:\prostat\train_images\02367dd4a62007ff4dc3226886c93f47.tiff,True,True
6f23c9de94899d380bd7a075209ef415,D:\prostat\train_images\6f23c9de94899d380bd7a075209ef415.tiff,True,True
26aeae00f116e0b0154b8e9e7df44f28,D:\prostat\train_images\26aeae00f116e0b0154b8e9e7df44f28.tiff,True,True
fd672406fefb198aa1c5822e90c6170d,D:\prostat\train_images\fd672406fefb198aa1c5822e90c6170d.tiff,True,True
4ed67b0a0bcbb6d69e596f84124a091a,D:\prostat\train_images\4ed67b0a0bcbb6d69e596f84124a091a.tiff,True,True
87d977502667eb1d44ca13d5b658dc3a,D:\prostat\train_images\87d977502667eb1d44ca13d5b658dc3a.tiff,True,True
ca1d0ba4f959e2f47667b94fa5e958c0,D:\prostat\train_images\ca1d0ba4f959e2f47667b94fa5e958c0.tiff,True,True
46bda1c583bcc95f403dcffddfbf7578,D:\prostat\train_images\46bda1c583bcc95f403dcffddfbf7578.tiff,True,True
cee7b2752a60314af93ae14dae4124ec,D:\prostat\train_images\cee7b2752a60314af93ae14dae4124ec.tiff,True,True
2a484c7522f0a5e3a41654eb2c452fd8,D:\prostat\train_images\2a484c7522f0a5e3a41654eb2c452fd8.tiff,True,True
3c009593bcf6cdfd25a06a0488c76941,D:\prostat\train_images\3c009593bcf6cdfd25a06a0488c76941.tiff,True,True
86d57d54f0bf4d5a091aaa2d8a8ed9e7,D:\prostat\train_images\86d57d54f0bf4d5a091aaa2d8a8ed9e7.tiff,True,True
d61cca1e607df1b865e3975a5b2d74da,D:\prostat\train_images\d61cca1e607df1b865e3975a5b2d74da.tiff,True,True
93d0dc29c48d0c31738d20d3c5c38aab,D:\prostat\train_images\93d0dc29c48d0c31738d20d3c5c38aab.tiff,True,True
b64b0fc3bbfde95fb265773a61962813,D:\prostat\train_images\b64b0fc3bbfde95fb265773a61962813.tiff,True,True
9312f1d67670056fcff9a88c21a07e7a,D:\prostat\train_images\9312f1d67670056fcff9a88c21a07e7a.tiff,True,True
78bd2af7d449cc2185aaf861f61531aa,D:\prostat\train_images\78bd2af7d449cc2185aaf861f61531aa.tiff,True,True
cb56eeb149fe1d3df30a43e374d7ab94,D:\prostat\train_images\cb56eeb149fe1d3df30a43e374d7ab94.tiff,True,True
fc6a695ba44f4b64425c522f590bac48,D:\prostat\train_images\fc6a695ba44f4b64425c522f590bac48.tiff,True,True
32a8d32ea13e14000f83964e0af6101f,D:\prostat\train_images\32a8d32ea13e14000f83964e0af6101f.tiff,True,True
52b651323a91da711733ee07620a32c4,D:\prostat\train_images\52b651323a91da711733ee07620a32c4.tiff,True,True
ea60e3c915ba5b5c9a8baa619e3752bc,D:\prostat\train_images\ea60e3c915ba5b5c9a8baa619e3752bc.tiff,True,True
2fb68d6713a52e322692dbc99ac82444,D:\prostat\train_images\2fb68d6713a52e322692dbc99ac82444.tiff,True,True
401c18c4391e1550b5b2718a2493e261,D:\prostat\train_images\401c18c4391e1550b5b2718a2493e261.tiff,True,True
ccf54a0693ec67516add9b4218fc3b68,D:\prostat\train_images\ccf54a0693ec67516add9b4218fc3b68.tiff,True,True
3f6bcb7f394cd841f7eb69b7d0786f9a,D:\prostat\train_images\3f6bcb7f394cd841f7eb69b7d0786f9a.tiff,True,True
6be426efd18e180fd898190490340f66,D:\prostat\train_images\6be426efd18e180fd898190490340f66.tiff,True,True
a93eb7e0b8eda6a822f36448c946b9e3,D:\prostat\train_images\a93eb7e0b8eda6a822f36448c946b9e3.tiff,True,True
3dde322f1be699760d69795509fc8ea0,D:\prostat\train_images\3dde322f1be699760d69795509fc8ea0.tiff,True,True
4726ffb66a6516baff6de98df2b5a26b,D:\prostat\train_images\4726ffb66a6516baff6de98df2b5a26b.tiff,True,True
5793129d5309364fe1d706764c78cf3e,D:\prostat\train_images\5793129d5309364fe1d706764c78cf3e.tiff,True,True
1fc07c65ff0dc92429f8f5990785cec7,D:\prostat\train_images\1fc07c65ff0dc92429f8f5990785cec7.tiff,True,True
f919ae65f2a3963ffab277696ddad291,D:\prostat\train_images\f919ae65f2a3963ffab277696ddad291.tiff,True,True
1e01dfede475c7b0f80e89d31bb99f1d,D:\prostat\train_images\1e01dfede475c7b0f80e89d31bb99f1d.tiff,True,True
0076bcb66e46fb485f5ba432b9a1fe8a,D:\prostat\train_images\0076bcb66e46fb485f5ba432b9a1fe8a.tiff,True,True
50416fa0e1642f024c10c25c90ec5bff,D:\prostat\train_images\50416fa0e1642f024c10c25c90ec5bff.tiff,True,True
b616fe31986a6609e8efdb30885abb5e,D:\prostat\train_images\b616fe31986a6609e8efdb30885abb5e.tiff,True,True
d9872b11bb4b59a34062b36e8a64e3a7,D:\prostat\train_images\d9872b11bb4b59a34062b36e8a64e3a7.tiff,True,True
6022674dabca016474586aa350e7a67e,D:\prostat\train_images\6022674dabca016474586aa350e7a67e.tiff,True,True
4daf2f3a2e1888094201c1fcb98fd7d6,D:\prostat\train_images\4daf2f3a2e1888094201c1fcb98fd7d6.tiff,True,True
b0d088f4fea23e7b17ef4c042f791727,D:\prostat\train_images\b0d088f4fea23e7b17ef4c042f791727.tiff,True,True
acb7fc21fae5acfeb3eae17fbefa0e58,D:\prostat\train_images\acb7fc21fae5acfeb3eae17fbefa0e58.tiff,True,True
47791bc4ed9a7eb5329f4af7c4bbb84d,D:\prostat\train_images\47791bc4ed9a7eb5329f4af7c4bbb84d.tiff,True,True
ddb64fec2f66e001804e629c20867e59,D:\prostat\train_images\ddb64fec2f66e001804e629c20867e59.tiff,True,True
d238858042506302cfc15c63db81341b,D:\prostat\train_images\d238858042506302cfc15c63db81341b.tiff,True,True
479d197a08b7290b7c5e1a44da8759b5,D:\prostat\train_images\479d197a08b7290b7c5e1a44da8759b5.tiff,True,True
cb9583fccca3f6bc29a0a8d0cbe5462f,D:\prostat\train_images\cb9583fccca3f6bc29a0a8d0cbe5462f.tiff,True,True
84c489d89dcbf2ceeba8a30147b9e79b,D:\prostat\train_images\84c489d89dcbf2ceeba8a30147b9e79b.tiff,True,True
69240805aeb7c006dffd474b1253139f,D:\prostat\train_images\69240805aeb7c006dffd474b1253139f.tiff,True,True
ecbf3405442e732ce340669db10f18b4,D:\prostat\train_images\ecbf3405442e732ce340669db10f18b4.tiff,True,True
ccb5f65e5ba0f01182793b589905b123,D:\prostat\train_images\ccb5f65e5ba0f01182793b589905b123.tiff,True,True
07ddaea003b6959246d07c44c6a67b29,D:\prostat\train_images\07ddaea003b6959246d07c44c6a67b29.tiff,True,True
5b35810de01fe586e598f49e17cfcecc,D:\prostat\train_images\5b35810de01fe586e598f49e17cfcecc.tiff,True,True
2afed834461cca7b071d5dfe604e1586,D:\prostat\train_images\2afed834461cca7b071d5dfe604e1586.tiff,True,True
b53db1580f4195765d45ddd7c4907e2a,D:\prostat\train_images\b53db1580f4195765d45ddd7c4907e2a.tiff,True,True
11fb56dd38d8f4179c702afacbd70d41,D:\prostat\train_images\11fb56dd38d8f4179c702afacbd70d41.tiff,True,True
2f45cafe638848ee98e0b998d9aeb888,D:\prostat\train_images\2f45cafe638848ee98e0b998d9aeb888.tiff,True,True
1307e25950ec553c3d02121252e6a80f,D:\prostat\train_images\1307e25950ec553c3d02121252e6a80f.tiff,True,True
a3fa13e9535729ec9cb08f17bc8c03cc,D:\prostat\train_images\a3fa13e9535729ec9cb08f17bc8c03cc.tiff,True,True
b339e44aaf55e0e76d307ffb21ad5eac,D:\prostat\train_images\b339e44aaf55e0e76d307ffb21ad5eac.tiff,True,True
d527d0d353eef920f47505af9fe37956,D:\prostat\train_images\d527d0d353eef920f47505af9fe37956.tiff,True,True
04e1a953bceb9b1a0a5bf8840614aa04,D:\prostat\train_images\04e1a953bceb9b1a0a5bf8840614aa04.tiff,True,True
431054766be0a31b6a652aa5d1caea41,D:\prostat\train_images\431054766be0a31b6a652aa5d1caea41.tiff,True,True
ed35861a0e509708086dd37a78745967,D:\prostat\train_images\ed35861a0e509708086dd37a78745967.tiff,True,True
184ade4deb68e6299183b68f1289ca5b,D:\prostat\train_images\184ade4deb68e6299183b68f1289ca5b.tiff,True,True
e83b38f721f767604aa2bea3cdc633de,D:\prostat\train_images\e83b38f721f767604aa2bea3cdc633de.tiff,True,True
4c9cb3b8e0f18845b3911cdc31d6fa94,D:\prostat\train_images\4c9cb3b8e0f18845b3911cdc31d6fa94.tiff,True,True
7d32888275863ea91d8db46b242b0368,D:\prostat\train_images\7d32888275863ea91d8db46b242b0368.tiff,True,True
6f8a4164d3e4d3d168d51cc090ee7723,D:\prostat\train_images\6f8a4164d3e4d3d168d51cc090ee7723.tiff,True,True
6e492df128e671c548bf49fd855c42ce,D:\prostat\train_images\6e492df128e671c548bf49fd855c42ce.tiff,True,True
2d346d8348eaadb0b8951b85f1024ec2,D:\prostat\train_images\2d346d8348eaadb0b8951b85f1024ec2.tiff,True,True
2f033389ca7cbabc0ccb14b1b57d03cb,D:\prostat\train_images\2f033389ca7cbabc0ccb14b1b57d03cb.tiff,True,True
0c86c8cc04ce1ef02e6f280a932a2624,D:\prostat\train_images\0c86c8cc04ce1ef02e6f280a932a2624.tiff,True,True
48c293293f88598d043cb59ebdab037b,D:\prostat\train_images\48c293293f88598d043cb59ebdab037b.tiff,True,True
51614a1f724e95ac43d0fcb6e990c759,D:\prostat\train_images\51614a1f724e95ac43d0fcb6e990c759.tiff,True,True
2ad16b523a703a18fa164a4d7d12d852,D:\prostat\train_images\2ad16b523a703a18fa164a4d7d12d852.tiff,True,True
ef7e5ebd23757e3446d0bc4c47dc8e96,D:\prostat\train_images\ef7e5ebd23757e3446d0bc4c47dc8e96.tiff,True,True
9af692888cef9a1698853f1424cc6fe2,D:\prostat\train_images\9af692888cef9a1698853f1424cc6fe2.tiff,True,True
3ec245a98fd9d114e1d6d6caaf9c7813,D:\prostat\train_images\3ec245a98fd9d114e1d6d6caaf9c7813.tiff,True,True
84788a5d87253ff74149afcce0a4edb3,D:\prostat\train_images\84788a5d87253ff74149afcce0a4edb3.tiff,True,True
0905d7115955cdd6f438a64bf5061902,D:\prostat\train_images\0905d7115955cdd6f438a64bf5061902.tiff,True,True
89bdb0f20bb2e4b15583af626d26ad62,D:\prostat\train_images\89bdb0f20bb2e4b15583af626d26ad62.tiff,True,True
edeef50ef0dc1fbbd190a737db0d3937,D:\prostat\train_images\edeef50ef0dc1fbbd190a737db0d3937.tiff,True,True
ac6ac43819c3e01b53b7c63fc4c4c24e,D:\prostat\train_images\ac6ac43819c3e01b53b7c63fc4c4c24e.tiff,True,True
7076140156bc53d5b1f3df9056a30568,D:\prostat\train_images\7076140156bc53d5b1f3df9056a30568.tiff,True,True
e3360926180928287a4d96973e10926a,D:\prostat\train_images\e3360926180928287a4d96973e10926a.tiff,True,True
5d7ca212ea70ef050c80f5088155cbf2,D:\prostat\train_images\5d7ca212ea70ef050c80f5088155cbf2.tiff,True,True
d76be95baca47c31d827d59abbe132b6,D:\prostat\train_images\d76be95baca47c31d827d59abbe132b6.tiff,True,True
aae4be2e608ea6085e8f8b0f6f363d85,D:\prostat\train_images\aae4be2e608ea6085e8f8b0f6f363d85.tiff,True,True
6e4dcecad6279bd08a31ec5d920a4984,D:\prostat\train_images\6e4dcecad6279bd08a31ec5d920a4984.tiff,True,True
76b8865c3acb3c9ac2d796f523bd2da7,D:\prostat\train_images\76b8865c3acb3c9ac2d796f523bd2da7.tiff,True,True
4271f838ba2f13ffd46386db5248e904,D:\prostat\train_images\4271f838ba2f13ffd46386db5248e904.tiff,True,True
b31da8462061d770024e293ca92e0086,D:\prostat\train_images\b31da8462061d770024e293ca92e0086.tiff,True,True
21f3767f9a827e5b9f64d2a47594ad27,D:\prostat\train_images\21f3767f9a827e5b9f64d2a47594ad27.tiff,True,True
4681c871c48fa6b0e8621ead93d5d45a,D:\prostat\train_images\4681c871c48fa6b0e8621ead93d5d45a.tiff,True,True
25c2b08a48f106eab07ae2586a70a5fe,D:\prostat\train_images\25c2b08a48f106eab07ae2586a70a5fe.tiff,True,True
87fab5372e284fdfb9c1e7cd659f7779,D:\prostat\train_images\87fab5372e284fdfb9c1e7cd659f7779.tiff,True,True
422d0aeb811f23710ffe99ecc5233a77,D:\prostat\train_images\422d0aeb811f23710ffe99ecc5233a77.tiff,True,True
55d91c32710982de78a975ed0f45395c,D:\prostat\train_images\55d91c32710982de78a975ed0f45395c.tiff,True,True
bb66f91b996df6a4a78aa9b7f3ea844b,D:\prostat\train_images\bb66f91b996df6a4a78aa9b7f3ea844b.tiff,True,True
6cf2ce789a2ce4d7cab31131423f597f,D:\prostat\train_images\6cf2ce789a2ce4d7cab31131423f597f.tiff,True,True
954e9c58e7e2007d308584e35368996d,D:\prostat\train_images\954e9c58e7e2007d308584e35368996d.tiff,True,True
cabfce354dfee1e33454eac72a312677,D:\prostat\train_images\cabfce354dfee1e33454eac72a312677.tiff,True,True
1b5076baaa25ce4ab5e9da8e0ae041ca,D:\prostat\train_images\1b5076baaa25ce4ab5e9da8e0ae041ca.tiff,True,True
4a76cf6ae9a94a533b65c6a14ef464e5,D:\prostat\train_images\4a76cf6ae9a94a533b65c6a14ef464e5.tiff,True,True
4df50e072ddab1882a4795b15f3a7124,D:\prostat\train_images\4df50e072ddab1882a4795b15f3a7124.tiff,True,True
f220cd5dfa5321a4f3a29ddfb0a775bf,D:\prostat\train_images\f220cd5dfa5321a4f3a29ddfb0a775bf.tiff,True,True
1a2aac625091eebb572f8b74bb8d1ce2,D:\prostat\train_images\1a2aac625091eebb572f8b74bb8d1ce2.tiff,True,True
cd8d74b77f1fc44b5fb034049913af43,D:\prostat\train_images\cd8d74b77f1fc44b5fb034049913af43.tiff,True,True
a21ea7caca40bc45f043ed27ae2b573d,D:\prostat\train_images\a21ea7caca40bc45f043ed27ae2b573d.tiff,True,True
637e9203f2969b9fd192ce0b1d93167a,D:\prostat\train_images\637e9203f2969b9fd192ce0b1d93167a.tiff,True,True
e8d76da2d567c88a5f7ea429e58b74f1,D:\prostat\train_images\e8d76da2d567c88a5f7ea429e58b74f1.tiff,True,True
a32e09e8ff4f2b362d60fb71db87abfe,D:\prostat\train_images\a32e09e8ff4f2b362d60fb71db87abfe.tiff,True,True
31bebafb463103bcfb0d5be7141720b0,D:\prostat\train_images\31bebafb463103bcfb0d5be7141720b0.tiff,True,True
b368187a74f04f31a73030862c85e1b6,D:\prostat\train_images\b368187a74f04f31a73030862c85e1b6.tiff,True,True
a7eceb34129047ee2d36352e12e12fbc,D:\prostat\train_images\a7eceb34129047ee2d36352e12e12fbc.tiff,True,True
94e805801918bb97b698e5190edab934,D:\prostat\train_images\94e805801918bb97b698e5190edab934.tiff,True,True
5c8221e41ea4fd14580697ff97fa38b6,D:\prostat\train_images\5c8221e41ea4fd14580697ff97fa38b6.tiff,True,True
22e864a06b508693b7cba4119282a1df,D:\prostat\train_images\22e864a06b508693b7cba4119282a1df.tiff,True,True
26ffc10557b83c414ab624b0dc6c8b24,D:\prostat\train_images\26ffc10557b83c414ab624b0dc6c8b24.tiff,True,True
df534809f2a9f7bdae92f507f3827816,D:\prostat\train_images\df534809f2a9f7bdae92f507f3827816.tiff,True,True
b0d8837a448cda944694a01d825bdab8,D:\prostat\train_images\b0d8837a448cda944694a01d825bdab8.tiff,True,True
9f8ffcb10930f5dd48949eceb79a869f,D:\prostat\train_images\9f8ffcb10930f5dd48949eceb79a869f.tiff,True,True
9841424d99b28242ac069a04eccf5155,D:\prostat\train_images\9841424d99b28242ac069a04eccf5155.tiff,True,True
21e4e2533162dc9eea4b2508b0d3df46,D:\prostat\train_images\21e4e2533162dc9eea4b2508b0d3df46.tiff,True,True
7775b519430c6dff66beb29f1cc9f003,D:\prostat\train_images\7775b519430c6dff66beb29f1cc9f003.tiff,True,True
d52d28b99ef14ecc6e55b92170b883e9,D:\prostat\train_images\d52d28b99ef14ecc6e55b92170b883e9.tiff,True,True
034add55dd7134b7b5893d787eb5a32c,D:\prostat\train_images\034add55dd7134b7b5893d787eb5a32c.tiff,True,True
f4b4036b067b9eb61cd9b86629ffb7dc,D:\prostat\train_images\f4b4036b067b9eb61cd9b86629ffb7dc.tiff,True,True
03b7d118c5f1988fe73e568f23269c47,D:\prostat\train_images\03b7d118c5f1988fe73e568f23269c47.tiff,True,True
908d0fea96e1e85c8b7c772b397dbe8e,D:\prostat\train_images\908d0fea96e1e85c8b7c772b397dbe8e.tiff,True,True
d59534f97e8598b8673e7793c08b1694,D:\prostat\train_images\d59534f97e8598b8673e7793c08b1694.tiff,True,True
bb2635a6c0d41f1ec1e60ba92747205b,D:\prostat\train_images\bb2635a6c0d41f1ec1e60ba92747205b.tiff,True,True
9b420fa839c2a9e3f03836e9b1b6de4b,D:\prostat\train_images\9b420fa839c2a9e3f03836e9b1b6de4b.tiff,True,True
a3abbe79d581ceec56f3be32f1fd145e,D:\prostat\train_images\a3abbe79d581ceec56f3be32f1fd145e.tiff,True,True
3659fd7b7207e8a9c2595c04aef3587e,D:\prostat\train_images\3659fd7b7207e8a9c2595c04aef3587e.tiff,True,True
62202e376a671af629cc7c309561ff56,D:\prostat\train_images\62202e376a671af629cc7c309561ff56.tiff,True,True
be9401af560205c77fd69612e607dbd9,D:\prostat\train_images\be9401af560205c77fd69612e607dbd9.tiff,True,True
8fccff804b4b917572a6bfa3f32b3132,D:\prostat\train_images\8fccff804b4b917572a6bfa3f32b3132.tiff,True,True
6da58949332bdb1e6d73aa850280188a,D:\prostat\train_images\6da58949332bdb1e6d73aa850280188a.tiff,True,True
dc474e15a61e861a6a14f334e10a7934,D:\prostat\train_images\dc474e15a61e861a6a14f334e10a7934.tiff,True,True
919408ee796bb1d71ca9fc5ee0019400,D:\prostat\train_images\919408ee796bb1d71ca9fc5ee0019400.tiff,True,True
1fc49bfab631583981f96f285ec0c94d,D:\prostat\train_images\1fc49bfab631583981f96f285ec0c94d.tiff,True,True
2ce35862db5e157ec48188318c015576,D:\prostat\train_images\2ce35862db5e157ec48188318c015576.tiff,True,True
b604630290e6316c1cbc586733ed08c1,D:\prostat\train_images\b604630290e6316c1cbc586733ed08c1.tiff,True,True
aff0ff7d9ea2579b314c0f0ac87a9772,D:\prostat\train_images\aff0ff7d9ea2579b314c0f0ac87a9772.tiff,True,True
afe7eb15c8438861ca43f2b20dccf260,D:\prostat\train_images\afe7eb15c8438861ca43f2b20dccf260.tiff,True,True
b93fe47e90403bccd91da0fa479dbb2e,D:\prostat\train_images\b93fe47e90403bccd91da0fa479dbb2e.tiff,True,True
1b3a2a301b7ad171ab00b79bf7760934,D:\prostat\train_images\1b3a2a301b7ad171ab00b79bf7760934.tiff,True,True
f3dcef8ce7e98c1f6dd6311a5fc7a5ed,D:\prostat\train_images\f3dcef8ce7e98c1f6dd6311a5fc7a5ed.tiff,True,True
7f67cf96a4d9f32131fee1d436ecacc0,D:\prostat\train_images\7f67cf96a4d9f32131fee1d436ecacc0.tiff,True,True
1f16f094f5488694af5785d517bda17b,D:\prostat\train_images\1f16f094f5488694af5785d517bda17b.tiff,True,True
1879de2690c241fab002235b2d6e0d6a,D:\prostat\train_images\1879de2690c241fab002235b2d6e0d6a.tiff,True,True
a43ae1d4fbbb8606f3e38d2f21824b61,D:\prostat\train_images\a43ae1d4fbbb8606f3e38d2f21824b61.tiff,True,True
421bc0d45878fbe83068fb1923e3bffd,D:\prostat\train_images\421bc0d45878fbe83068fb1923e3bffd.tiff,True,True
159013703bc13afa6207bfcba78ec64a,D:\prostat\train_images\159013703bc13afa6207bfcba78ec64a.tiff,True,True
f56b848ef716237930644c45b7480b09,D:\prostat\train_images\f56b848ef716237930644c45b7480b09.tiff,True,True
8334f4fbcf2dc31f0142d5b66ec36400,D:\prostat\train_images\8334f4fbcf2dc31f0142d5b66ec36400.tiff,True,True
7fff6b6143de8f92c066b3fc8296ffbe,D:\prostat\train_images\7fff6b6143de8f92c066b3fc8296ffbe.tiff,True,True
76d4adfe37540b9f618888092c2bc162,D:\prostat\train_images\76d4adfe37540b9f618888092c2bc162.tiff,True,True
7d7cfbfd0ce292bde2b9e39f3a304276,D:\prostat\train_images\7d7cfbfd0ce292bde2b9e39f3a304276.tiff,True,True
b06a67b1cfc4b815fbe169d323633c3e,D:\prostat\train_images\b06a67b1cfc4b815fbe169d323633c3e.tiff,True,True
09320344c2ed4da7bdf50d9f03b9e0be,D:\prostat\train_images\09320344c2ed4da7bdf50d9f03b9e0be.tiff,True,True
93788e79ae389079b97441ca122fca06,D:\prostat\train_images\93788e79ae389079b97441ca122fca06.tiff,True,True
765f379ba8bbc988d29c8e706512d053,D:\prostat\train_images\765f379ba8bbc988d29c8e706512d053.tiff,True,True
63006577b07056d2789dedce40da466d,D:\prostat\train_images\63006577b07056d2789dedce40da466d.tiff,True,True
9809fc0befb899cfc165fb56479d0362,D:\prostat\train_images\9809fc0befb899cfc165fb56479d0362.tiff,True,True
b28d4d6124a0ac2910a1629df758cc37,D:\prostat\train_images\b28d4d6124a0ac2910a1629df758cc37.tiff,True,True
5d00686aeee37bfef71ad623ab4abaa5,D:\prostat\train_images\5d00686aeee37bfef71ad623ab4abaa5.tiff,True,True
14cff64d674f558dc47ee5e817b7f671,D:\prostat\train_images\14cff64d674f558dc47ee5e817b7f671.tiff,True,True
bd6a39de18227e44730c228369cea0f4,D:\prostat\train_images\bd6a39de18227e44730c228369cea0f4.tiff,True,True
3d6722eef724e54d6e4847d091c50c3c,D:\prostat\train_images\3d6722eef724e54d6e4847d091c50c3c.tiff,True,True
d52aeb8671398a50464cabf9927fd86d,D:\prostat\train_images\d52aeb8671398a50464cabf9927fd86d.tiff,True,True
e45b0f108cd8bf28681860aec3120cbd,D:\prostat\train_images\e45b0f108cd8bf28681860aec3120cbd.tiff,True,True
def34835d0079f5fdd5bfd81b01ff7ee,D:\prostat\train_images\def34835d0079f5fdd5bfd81b01ff7ee.tiff,True,True
29d70921c5346342007bb79603c58303,D:\prostat\train_images\29d70921c5346342007bb79603c58303.tiff,True,True
ce8d8607d29aff038a6e27528a9789ee,D:\prostat\train_images\ce8d8607d29aff038a6e27528a9789ee.tiff,True,True
6523c91279b338c2527c4fb6c80ab542,D:\prostat\train_images\6523c91279b338c2527c4fb6c80ab542.tiff,True,True
be636d17226e4adfd7ee577877591cac,D:\prostat\train_images\be636d17226e4adfd7ee577877591cac.tiff,True,True
dab5ccc01be2e36c4abd9ae34a04f3b7,D:\prostat\train_images\dab5ccc01be2e36c4abd9ae34a04f3b7.tiff,True,True
c8f84d9ecff20af2842de863f6963dfa,D:\prostat\train_images\c8f84d9ecff20af2842de863f6963dfa.tiff,True,True
d37503369b9381675b7e76753febca9e,D:\prostat\train_images\d37503369b9381675b7e76753febca9e.tiff,True,True
7641921e308edd4de40ad5f83db43a04,D:\prostat\train_images\7641921e308edd4de40ad5f83db43a04.tiff,True,True
de86ead27d995c8f57c1d8f56b425358,D:\prostat\train_images\de86ead27d995c8f57c1d8f56b425358.tiff,True,True
13707d91437e3023c635b4a1c5c25185,D:\prostat\train_images\13707d91437e3023c635b4a1c5c25185.tiff,True,True
6361e60acba5610963d88c4ea96bfc7b,D:\prostat\train_images\6361e60acba5610963d88c4ea96bfc7b.tiff,True,True
df37b8ec68090eec1e663b71c5ea6371,D:\prostat\train_images\df37b8ec68090eec1e663b71c5ea6371.tiff,True,True
1f60da87c3550bcd5f66be5f76416113,D:\prostat\train_images\1f60da87c3550bcd5f66be5f76416113.tiff,True,True
62ae29a00798380735401c06f45114dd,D:\prostat\train_images\62ae29a00798380735401c06f45114dd.tiff,True,True
d7bd6d0c6842670b171b5592dcc1e9bd,D:\prostat\train_images\d7bd6d0c6842670b171b5592dcc1e9bd.tiff,True,True
0bd0a172d1f92a1c8bb43585affe0648,D:\prostat\train_images\0bd0a172d1f92a1c8bb43585affe0648.tiff,True,True
5b01a2f268bd6365a7ef77b16ffd7173,D:\prostat\train_images\5b01a2f268bd6365a7ef77b16ffd7173.tiff,True,True
a16f4b2fd513d669c5b8dddc7bfa9fa6,D:\prostat\train_images\a16f4b2fd513d669c5b8dddc7bfa9fa6.tiff,True,True
9f7ee4a75044aace7725bf008d651003,D:\prostat\train_images\9f7ee4a75044aace7725bf008d651003.tiff,True,True
5db6b9c77ea8fcefc06c939edde1ad85,D:\prostat\train_images\5db6b9c77ea8fcefc06c939edde1ad85.tiff,True,True
5de921452c721c77d8ffa775b9241542,D:\prostat\train_images\5de921452c721c77d8ffa775b9241542.tiff,True,True
0dccbb58add854759951038d5ee736ab,D:\prostat\train_images\0dccbb58add854759951038d5ee736ab.tiff,True,True
cee96dcc8648f60d9fa96e7b5f5fbe09,D:\prostat\train_images\cee96dcc8648f60d9fa96e7b5f5fbe09.tiff,True,True
022544d1446c2c44f8ca8ff53262dc5b,D:\prostat\train_images\022544d1446c2c44f8ca8ff53262dc5b.tiff,True,True
5be8d68eedfec296cca5d90a403e1025,D:\prostat\train_images\5be8d68eedfec296cca5d90a403e1025.tiff,True,True
13e4be70b22c03bb8e39b3804e6a9099,D:\prostat\train_images\13e4be70b22c03bb8e39b3804e6a9099.tiff,True,True
5904fa2121ec88a1db8251d6d986f38a,D:\prostat\train_images\5904fa2121ec88a1db8251d6d986f38a.tiff,True,True
62eab77211bf839bdd26e6ca7c93bc00,D:\prostat\train_images\62eab77211bf839bdd26e6ca7c93bc00.tiff,True,True
7bc0cca2cee2bf4522192fd5ba79347c,D:\prostat\train_images\7bc0cca2cee2bf4522192fd5ba79347c.tiff,True,True
78d8d01ea0cec064b6ad7c9b283eff55,D:\prostat\train_images\78d8d01ea0cec064b6ad7c9b283eff55.tiff,True,True
347a582c6b8c3415b576cc8a53c83599,D:\prostat\train_images\347a582c6b8c3415b576cc8a53c83599.tiff,True,True
4d6c76889d79e798e81658246e8b590e,D:\prostat\train_images\4d6c76889d79e798e81658246e8b590e.tiff,True,True
af34155bb150ec04e0a358815337876c,D:\prostat\train_images\af34155bb150ec04e0a358815337876c.tiff,True,True
f94a2f497ba431ae01c0d557d8c2a78f,D:\prostat\train_images\f94a2f497ba431ae01c0d557d8c2a78f.tiff,True,True
1f6da112dfe5edad33a992c7906ef1cc,D:\prostat\train_images\1f6da112dfe5edad33a992c7906ef1cc.tiff,True,True
b8a598ecf3d3351a07ef690f0336b8a3,D:\prostat\train_images\b8a598ecf3d3351a07ef690f0336b8a3.tiff,True,True
d9a927bfb26b22cde6b52515c9adda7b,D:\prostat\train_images\d9a927bfb26b22cde6b52515c9adda7b.tiff,True,True
b1114c073fca61e3458f31b3c3a5b155,D:\prostat\train_images\b1114c073fca61e3458f31b3c3a5b155.tiff,True,True
9eb7f1c7814891f609ef2fd6d80cf80a,D:\prostat\train_images\9eb7f1c7814891f609ef2fd6d80cf80a.tiff,True,True
1bb0fc2e65f114c35ff38339c532bd5b,D:\prostat\train_images\1bb0fc2e65f114c35ff38339c532bd5b.tiff,True,True
22d0fa89e2f644d9c6ef77735619d760,D:\prostat\train_images\22d0fa89e2f644d9c6ef77735619d760.tiff,True,True
61ece421cba834e92bb6338e30c5f6e4,D:\prostat\train_images\61ece421cba834e92bb6338e30c5f6e4.tiff,True,True
75f88e0160a54ef358eb9c6aba970f0d,D:\prostat\train_images\75f88e0160a54ef358eb9c6aba970f0d.tiff,True,True
74a3e5ce5ddfb279a32bbcd378b5474b,D:\prostat\train_images\74a3e5ce5ddfb279a32bbcd378b5474b.tiff,True,True
5d7632f1794e2cebb36e21c51c9f4402,D:\prostat\train_images\5d7632f1794e2cebb36e21c51c9f4402.tiff,True,True
2a8d5c257563e9fdad0a0ecb62d63a9d,D:\prostat\train_images\2a8d5c257563e9fdad0a0ecb62d63a9d.tiff,True,True
6e4144e35f78acb00792c409e87b308b,D:\prostat\train_images\6e4144e35f78acb00792c409e87b308b.tiff,True,True
f381888b35f1fac93c009d7cd38d1608,D:\prostat\train_images\f381888b35f1fac93c009d7cd38d1608.tiff,True,True
60d4bb410d7a6dbbd05b26bc73da2d9c,D:\prostat\train_images\60d4bb410d7a6dbbd05b26bc73da2d9c.tiff,True,True
c9600084eb770e9fd5eecff32421e4d3,D:\prostat\train_images\c9600084eb770e9fd5eecff32421e4d3.tiff,True,True
815f7c4e93ad872cb7b7281bb98625a1,D:\prostat\train_images\815f7c4e93ad872cb7b7281bb98625a1.tiff,True,True
41b5859aa0d162eb72387b3ee8a8903e,D:\prostat\train_images\41b5859aa0d162eb72387b3ee8a8903e.tiff,True,True
9aaa737a20544b0e1a40fba9b57d43ca,D:\prostat\train_images\9aaa737a20544b0e1a40fba9b57d43ca.tiff,True,True
23a5352a05eb718d38fc0e2e8e22e9b5,D:\prostat\train_images\23a5352a05eb718d38fc0e2e8e22e9b5.tiff,True,True
ea257fa5a05b773eb44f42d2804578c3,D:\prostat\train_images\ea257fa5a05b773eb44f42d2804578c3.tiff,True,True
59fce17965127867763cdd31e2b88ae2,D:\prostat\train_images\59fce17965127867763cdd31e2b88ae2.tiff,True,True
4a445aac57bd6e284f3ea4bd3ee9198f,D:\prostat\train_images\4a445aac57bd6e284f3ea4bd3ee9198f.tiff,True,True
d069c3a1245936e89b9d7d8beff2f1d6,D:\prostat\train_images\d069c3a1245936e89b9d7d8beff2f1d6.tiff,True,True
9fa1b4e617cbc88646794a6204e2d897,D:\prostat\train_images\9fa1b4e617cbc88646794a6204e2d897.tiff,True,True
48ae1bdf69446ba5fb0b7fe8fc2863c5,D:\prostat\train_images\48ae1bdf69446ba5fb0b7fe8fc2863c5.tiff,True,True
087fd9ebfe6fa82728be6c7eabe1d4e4,D:\prostat\train_images\087fd9ebfe6fa82728be6c7eabe1d4e4.tiff,True,True
dcdea3763106a19e15cc052a3a251f9e,D:\prostat\train_images\dcdea3763106a19e15cc052a3a251f9e.tiff,True,True
adb6453b3935267a4d77a60fd75d807d,D:\prostat\train_images\adb6453b3935267a4d77a60fd75d807d.tiff,True,True
516598fef0cb4c22e42999b3df120e2c,D:\prostat\train_images\516598fef0cb4c22e42999b3df120e2c.tiff,True,True
fc547d2e786c1d19163f39dc576c0231,D:\prostat\train_images\fc547d2e786c1d19163f39dc576c0231.tiff,True,True
89a8c3dacb902dfad95f51a5832d238d,D:\prostat\train_images\89a8c3dacb902dfad95f51a5832d238d.tiff,True,True
19840ff5d82db210608c67b2d2d7c96c,D:\prostat\train_images\19840ff5d82db210608c67b2d2d7c96c.tiff,True,True
615b8a4e40699ea384e5f518ac0c68b4,D:\prostat\train_images\615b8a4e40699ea384e5f518ac0c68b4.tiff,True,True
31b128f74dbeb86a08d310524b772c05,D:\prostat\train_images\31b128f74dbeb86a08d310524b772c05.tiff,True,True
f96cc0b4bfe5c400bb8e198728e301d2,D:\prostat\train_images\f96cc0b4bfe5c400bb8e198728e301d2.tiff,True,True
ac115e6c259bf4b3f6f3240c26c35eab,D:\prostat\train_images\ac115e6c259bf4b3f6f3240c26c35eab.tiff,True,True
9ce2de72495a68f5728c8b7292f79805,D:\prostat\train_images\9ce2de72495a68f5728c8b7292f79805.tiff,True,True
5b5ecc77a66ee3e3d5ea183b2bf81553,D:\prostat\train_images\5b5ecc77a66ee3e3d5ea183b2bf81553.tiff,True,True
eea0cd8ab449057ce50b7d411b63d6e3,D:\prostat\train_images\eea0cd8ab449057ce50b7d411b63d6e3.tiff,True,True
0cb3f826fc871be280fd81ddd875b221,D:\prostat\train_images\0cb3f826fc871be280fd81ddd875b221.tiff,True,True
0f79d6c2d500c1538179ab617b99c21c,D:\prostat\train_images\0f79d6c2d500c1538179ab617b99c21c.tiff,True,True
834654070eb44fb589d68557f0f48587,D:\prostat\train_images\834654070eb44fb589d68557f0f48587.tiff,True,True
4edb7eed09d7198c868527ccd77e9a02,D:\prostat\train_images\4edb7eed09d7198c868527ccd77e9a02.tiff,True,True
15a6a06636e0bb96ad2703a64d06fcfc,D:\prostat\train_images\15a6a06636e0bb96ad2703a64d06fcfc.tiff,True,True
7a7cf950c048a74193c9420df36cff77,D:\prostat\train_images\7a7cf950c048a74193c9420df36cff77.tiff,True,True
c9b5b46c1774c3fe3b37f798558cb208,D:\prostat\train_images\c9b5b46c1774c3fe3b37f798558cb208.tiff,True,True
07a7ef0ba3bb0d6564a73f4f3e1c2293,D:\prostat\train_images\07a7ef0ba3bb0d6564a73f4f3e1c2293.tiff,True,True
8809e1cb2640ba1c6ebf7fb3c72dc250,D:\prostat\train_images\8809e1cb2640ba1c6ebf7fb3c72dc250.tiff,True,True
8b53e39fef183c0f3af56a47f42177ec,D:\prostat\train_images\8b53e39fef183c0f3af56a47f42177ec.tiff,True,True
10f2e4aecfe1402c6de73772cd78c8a3,D:\prostat\train_images\10f2e4aecfe1402c6de73772cd78c8a3.tiff,True,True
721c5739be68d229d30b8a616886a17f,D:\prostat\train_images\721c5739be68d229d30b8a616886a17f.tiff,True,True
fc12d2a7d97431711f9e80af51c1760f,D:\prostat\train_images\fc12d2a7d97431711f9e80af51c1760f.tiff,True,True
fbe70c8e6e77c016d43dd68ef9079363,D:\prostat\train_images\fbe70c8e6e77c016d43dd68ef9079363.tiff,True,True
c5d6646dda31ee94cf4bbfef14e08e76,D:\prostat\train_images\c5d6646dda31ee94cf4bbfef14e08e76.tiff,True,True
c707c255c4694985f6f68331571bc656,D:\prostat\train_images\c707c255c4694985f6f68331571bc656.tiff,True,True
751016133b7a6d0cea31c75ed46ca532,D:\prostat\train_images\751016133b7a6d0cea31c75ed46ca532.tiff,True,True
4bdf5f5b4c6230bf40cdd5b56d9529f6,D:\prostat\train_images\4bdf5f5b4c6230bf40cdd5b56d9529f6.tiff,True,True
dc5d3a5a2d4d114e5e4f3cd07fb55fc1,D:\prostat\train_images\dc5d3a5a2d4d114e5e4f3cd07fb55fc1.tiff,True,True
4f745b85014ec7c571b4239dee6233cc,D:\prostat\train_images\4f745b85014ec7c571b4239dee6233cc.tiff,True,True
35a2ba270ef1fe91e4434cc83ccac50d,D:\prostat\train_images\35a2ba270ef1fe91e4434cc83ccac50d.tiff,True,True
51aa1de7c4bbf08d3dacf37183832cbe,D:\prostat\train_images\51aa1de7c4bbf08d3dacf37183832cbe.tiff,True,True
8845e2a5497b43f86bb2ff4b8a0abd97,D:\prostat\train_images\8845e2a5497b43f86bb2ff4b8a0abd97.tiff,True,True
6d0a1caf87967cd36a6a2a850f8b6c52,D:\prostat\train_images\6d0a1caf87967cd36a6a2a850f8b6c52.tiff,True,True
89b546943efa4c35011b93b560303933,D:\prostat\train_images\89b546943efa4c35011b93b560303933.tiff,True,True
e692db297233f27312315e8a5c75c32a,D:\prostat\train_images\e692db297233f27312315e8a5c75c32a.tiff,True,True
69e1d84705d16c89fb361da179c7303e,D:\prostat\train_images\69e1d84705d16c89fb361da179c7303e.tiff,True,True
6fe956eb5739f0877752cba783828cd2,D:\prostat\train_images\6fe956eb5739f0877752cba783828cd2.tiff,True,True
dafa723ac789768ed1e863cce1681e4f,D:\prostat\train_images\dafa723ac789768ed1e863cce1681e4f.tiff,True,True
12592e0c38df5d4d8222fabaeb5ed8bd,D:\prostat\train_images\12592e0c38df5d4d8222fabaeb5ed8bd.tiff,True,True
f334ec537ee5bdf988d09fdbfeaac2c7,D:\prostat\train_images\f334ec537ee5bdf988d09fdbfeaac2c7.tiff,True,True
e424946aa014c140468320fda4683cb4,D:\prostat\train_images\e424946aa014c140468320fda4683cb4.tiff,True,True
291ae123af90c4831e5a504e909e52ec,D:\prostat\train_images\291ae123af90c4831e5a504e909e52ec.tiff,True,True
6b44920a6758d2dc91635ccb975b3bb7,D:\prostat\train_images\6b44920a6758d2dc91635ccb975b3bb7.tiff,True,True
8d58a0c1160a5cea99d5073231becd89,D:\prostat\train_images\8d58a0c1160a5cea99d5073231becd89.tiff,True,True
ff6e67a5f0b674097f5142ec24eb8fcb,D:\prostat\train_images\ff6e67a5f0b674097f5142ec24eb8fcb.tiff,True,True
6bf2342213bed4c588b88c50af3810df,D:\prostat\train_images\6bf2342213bed4c588b88c50af3810df.tiff,True,True
8ecdb6b16476fa6610c7200a093f562c,D:\prostat\train_images\8ecdb6b16476fa6610c7200a093f562c.tiff,True,True
8aeccaf12d3173a0c09f873be67be5a5,D:\prostat\train_images\8aeccaf12d3173a0c09f873be67be5a5.tiff,True,True
03a9c795eb81e64e11d95584e3eb76c8,D:\prostat\train_images\03a9c795eb81e64e11d95584e3eb76c8.tiff,True,True
f9c0aa4cd5ad8ff43fcd67fd626964b0,D:\prostat\train_images\f9c0aa4cd5ad8ff43fcd67fd626964b0.tiff,True,True
095647135b81501cbb9ba7fa58528e3c,D:\prostat\train_images\095647135b81501cbb9ba7fa58528e3c.tiff,True,True
4003370eebb3027fb2f1213afd7537af,D:\prostat\train_images\4003370eebb3027fb2f1213afd7537af.tiff,True,True
fa33d8e17c61c79a65034494d37fa4a7,D:\prostat\train_images\fa33d8e17c61c79a65034494d37fa4a7.tiff,True,True
d69b8fd852515da7355d327ebad76a77,D:\prostat\train_images\d69b8fd852515da7355d327ebad76a77.tiff,True,True
07fd8d4f02f9b95d86da4bc89563e077,D:\prostat\train_images\07fd8d4f02f9b95d86da4bc89563e077.tiff,True,True
0c063b8b2ba5bc8f6a77695dab1a8562,D:\prostat\train_images\0c063b8b2ba5bc8f6a77695dab1a8562.tiff,True,True
072fc649567e358ff3c69f6e5c1f630f,D:\prostat\train_images\072fc649567e358ff3c69f6e5c1f630f.tiff,True,True
ceca3540b0d27bc1db9400138e1bf518,D:\prostat\train_images\ceca3540b0d27bc1db9400138e1bf518.tiff,True,True
446664c5c1545096585825aad5bc9310,D:\prostat\train_images\446664c5c1545096585825aad5bc9310.tiff,True,True
e4cabafdbaf00676b92fae9436dc4c6c,D:\prostat\train_images\e4cabafdbaf00676b92fae9436dc4c6c.tiff,True,True
d8530375294e4c94c9c2aa2c7f79c13c,D:\prostat\train_images\d8530375294e4c94c9c2aa2c7f79c13c.tiff,True,True
ea5004ea2c5535f023f9f4457146b110,D:\prostat\train_images\ea5004ea2c5535f023f9f4457146b110.tiff,True,True
42e82f9af1c127c73cb4845bb919ac86,D:\prostat\train_images\42e82f9af1c127c73cb4845bb919ac86.tiff,True,True
4062ce560462d86b1958be7fc155d9ce,D:\prostat\train_images\4062ce560462d86b1958be7fc155d9ce.tiff,True,True
beb35c12ff6f8649daef79766c83750e,D:\prostat\train_images\beb35c12ff6f8649daef79766c83750e.tiff,True,True
5bb50bb8d8df795210537f17ca113f28,D:\prostat\train_images\5bb50bb8d8df795210537f17ca113f28.tiff,True,True
d4af3a08f3cae4cd616609c9b4b2e9f6,D:\prostat\train_images\d4af3a08f3cae4cd616609c9b4b2e9f6.tiff,True,True
764e8e5bd4476d6859fae2b16ef6e2cc,D:\prostat\train_images\764e8e5bd4476d6859fae2b16ef6e2cc.tiff,True,True
87f37025744c522347f79521cd465f7b,D:\prostat\train_images\87f37025744c522347f79521cd465f7b.tiff,True,True
e766ccca7358b76d085a6b526800e309,D:\prostat\train_images\e766ccca7358b76d085a6b526800e309.tiff,True,True
26ca4dbc8c6f341f304cd49e4fa0a215,D:\prostat\train_images\26ca4dbc8c6f341f304cd49e4fa0a215.tiff,True,True
bf63d7c0db0eb42782143eb768d81b91,D:\prostat\train_images\bf63d7c0db0eb42782143eb768d81b91.tiff,True,True
a2d2d3edfd1258bca33aeea4d9cc8d0c,D:\prostat\train_images\a2d2d3edfd1258bca33aeea4d9cc8d0c.tiff,True,True
cc66d0b4ad6375c6bed929d10c98a716,D:\prostat\train_images\cc66d0b4ad6375c6bed929d10c98a716.tiff,True,True
78e1c4d579f35d13b3b38053622061ab,D:\prostat\train_images\78e1c4d579f35d13b3b38053622061ab.tiff,True,True
3ae1d089ff7057827bdff109c96633a6,D:\prostat\train_images\3ae1d089ff7057827bdff109c96633a6.tiff,True,True
cac4a6e019153f88b52ae2fba6b20cef,D:\prostat\train_images\cac4a6e019153f88b52ae2fba6b20cef.tiff,True,True
6af07a7340e7f59f1acc0973007d0946,D:\prostat\train_images\6af07a7340e7f59f1acc0973007d0946.tiff,True,True
bedb1f9a2d4d520cda873892fab58ad8,D:\prostat\train_images\bedb1f9a2d4d520cda873892fab58ad8.tiff,True,True
6c2184be6158e9b5c7fb8c829c5e8585,D:\prostat\train_images\6c2184be6158e9b5c7fb8c829c5e8585.tiff,True,True
481683ac49436653f9185487ada8d978,D:\prostat\train_images\481683ac49436653f9185487ada8d978.tiff,True,True
f1e4ff27b4e88679ebb3a4547c9a5a04,D:\prostat\train_images\f1e4ff27b4e88679ebb3a4547c9a5a04.tiff,True,True
977cf7eff248c3fe87a235ae3d051b1f,D:\prostat\train_images\977cf7eff248c3fe87a235ae3d051b1f.tiff,True,True
dbad8f645978711294f000ea54f903d3,D:\prostat\train_images\dbad8f645978711294f000ea54f903d3.tiff,True,True
bec17c112d594862438fd3ae9d7c9188,D:\prostat\train_images\bec17c112d594862438fd3ae9d7c9188.tiff,True,True
55141dd28c366c05a4a4f0e39e2a37fc,D:\prostat\train_images\55141dd28c366c05a4a4f0e39e2a37fc.tiff,True,True
810482a949cbe7f5cd785a1dd9f0122c,D:\prostat\train_images\810482a949cbe7f5cd785a1dd9f0122c.tiff,True,True
ce81743c50635f1d90f3fb8ad3d00858,D:\prostat\train_images\ce81743c50635f1d90f3fb8ad3d00858.tiff,True,True
78b2a52265722810be3fc2f3a562630c,D:\prostat\train_images\78b2a52265722810be3fc2f3a562630c.tiff,True,True
601b0ee3f58bd12e3f3f1ff3a91d2ac1,D:\prostat\train_images\601b0ee3f58bd12e3f3f1ff3a91d2ac1.tiff,True,True
1ff4d64bee09dc1b72b7a2adb9dd097a,D:\prostat\train_images\1ff4d64bee09dc1b72b7a2adb9dd097a.tiff,True,True
8423df90dddd142668c18b6ab5ff7f17,D:\prostat\train_images\8423df90dddd142668c18b6ab5ff7f17.tiff,True,True
ed11e2d10934289d2cc9bbc84e2b991b,D:\prostat\train_images\ed11e2d10934289d2cc9bbc84e2b991b.tiff,True,True
980f8fd33567de616b236e564de3330e,D:\prostat\train_images\980f8fd33567de616b236e564de3330e.tiff,True,True
67f5929b81aef7c91f8501e93cb04193,D:\prostat\train_images\67f5929b81aef7c91f8501e93cb04193.tiff,True,True
ca7e20935c1f277b2ac228ab363b371a,D:\prostat\train_images\ca7e20935c1f277b2ac228ab363b371a.tiff,True,True
bc1cf017913e28ca316244b52d1fc59d,D:\prostat\train_images\bc1cf017913e28ca316244b52d1fc59d.tiff,True,True
c5c891b6bea4c3cb0737b1df170f2485,D:\prostat\train_images\c5c891b6bea4c3cb0737b1df170f2485.tiff,True,True
528114503e2cb700bff67662ee5dc9f1,D:\prostat\train_images\528114503e2cb700bff67662ee5dc9f1.tiff,True,True
22bc9ce13212880e57eb842bd19375d6,D:\prostat\train_images\22bc9ce13212880e57eb842bd19375d6.tiff,True,True
cf14096dd1f7d3e89c3ff718f29fb985,D:\prostat\train_images\cf14096dd1f7d3e89c3ff718f29fb985.tiff,True,True
ebbe9b2029fd5389f5bb93d6b2b822ab,D:\prostat\train_images\ebbe9b2029fd5389f5bb93d6b2b822ab.tiff,True,True
6042f48687f6cc750599e86362d97080,D:\prostat\train_images\6042f48687f6cc750599e86362d97080.tiff,True,True
409d6815cecdf483be748a75c63c0b2e,D:\prostat\train_images\409d6815cecdf483be748a75c63c0b2e.tiff,True,True
815cdf5c920260e8174242bc3395b527,D:\prostat\train_images\815cdf5c920260e8174242bc3395b527.tiff,True,True
8410fae68bb5de5c8c1b080810903bed,D:\prostat\train_images\8410fae68bb5de5c8c1b080810903bed.tiff,True,True
d5110b3363bff16460ad266f1ce4ea06,D:\prostat\train_images\d5110b3363bff16460ad266f1ce4ea06.tiff,True,True
b57e87397f4281b1d3a918c7bd2c9e3a,D:\prostat\train_images\b57e87397f4281b1d3a918c7bd2c9e3a.tiff,True,True
31a3f7a3ae29edf51a356c3e8eaa023e,D:\prostat\train_images\31a3f7a3ae29edf51a356c3e8eaa023e.tiff,True,True
9df245b977114ae9df07bc5aadaaf841,D:\prostat\train_images\9df245b977114ae9df07bc5aadaaf841.tiff,True,True
8aaec063e9ddc9511008aaa0ae48d0ce,D:\prostat\train_images\8aaec063e9ddc9511008aaa0ae48d0ce.tiff,True,True
0f09d54c1c7484c7892e834be3153964,D:\prostat\train_images\0f09d54c1c7484c7892e834be3153964.tiff,True,True
2c24476310b2a011fb8bca443400c361,D:\prostat\train_images\2c24476310b2a011fb8bca443400c361.tiff,True,True
1225755051562b0885a33b3f0fb25e43,D:\prostat\train_images\1225755051562b0885a33b3f0fb25e43.tiff,True,True
9c43b91f79cd9660d0e9dbcfa3488147,D:\prostat\train_images\9c43b91f79cd9660d0e9dbcfa3488147.tiff,True,True
0a8b2cefacdad96c6005799832055629,D:\prostat\train_images\0a8b2cefacdad96c6005799832055629.tiff,True,True
6ff318a6d23cd703fa230a51d9e36834,D:\prostat\train_images\6ff318a6d23cd703fa230a51d9e36834.tiff,True,True
5a94f8031f8dfc6f222e1f4c2df0fade,D:\prostat\train_images\5a94f8031f8dfc6f222e1f4c2df0fade.tiff,True,True
16272df65f00bdc126b5ca32de2b3a6b,D:\prostat\train_images\16272df65f00bdc126b5ca32de2b3a6b.tiff,True,True
214c897059e8c37741b74163b21ef4c9,D:\prostat\train_images\214c897059e8c37741b74163b21ef4c9.tiff,True,True
ad9edb9b14bbf3ae9abd4f861c5462c7,D:\prostat\train_images\ad9edb9b14bbf3ae9abd4f861c5462c7.tiff,True,True
4b1312d9b5424760305a6430a174d8c0,D:\prostat\train_images\4b1312d9b5424760305a6430a174d8c0.tiff,True,True
92ac26cd740768dd6ff5f648f2bcf618,D:\prostat\train_images\92ac26cd740768dd6ff5f648f2bcf618.tiff,True,True
2672914ac9d2dec1a04d09aaac482df1,D:\prostat\train_images\2672914ac9d2dec1a04d09aaac482df1.tiff,True,True
a01a079113eb9c126a407defe6571315,D:\prostat\train_images\a01a079113eb9c126a407defe6571315.tiff,True,True
172d4c7386d55a10b4ab726280279cd6,D:\prostat\train_images\172d4c7386d55a10b4ab726280279cd6.tiff,True,True
5a581e131e99127fdb7f263d38c0ace0,D:\prostat\train_images\5a581e131e99127fdb7f263d38c0ace0.tiff,True,True
bb96341b3835968d02a0d02ff4def303,D:\prostat\train_images\bb96341b3835968d02a0d02ff4def303.tiff,True,True
3a025fffbcd1734f4472d6cc8fbb7d0c,D:\prostat\train_images\3a025fffbcd1734f4472d6cc8fbb7d0c.tiff,True,True
435a306cba979f69d8502d354592d020,D:\prostat\train_images\435a306cba979f69d8502d354592d020.tiff,True,True
a87ae06869fe9beb4ce6e82bf5a5794c,D:\prostat\train_images\a87ae06869fe9beb4ce6e82bf5a5794c.tiff,True,True
539afe8ddc8d58e7a0c07463298fb019,D:\prostat\train_images\539afe8ddc8d58e7a0c07463298fb019.tiff,True,True
13b816b6539dfd7561e1884454a31405,D:\prostat\train_images\13b816b6539dfd7561e1884454a31405.tiff,True,True
0f7afae16aa8f61f8f1682665e53ef98,D:\prostat\train_images\0f7afae16aa8f61f8f1682665e53ef98.tiff,True,True
2ce127e7731155d1373bfbd0abdc368b,D:\prostat\train_images\2ce127e7731155d1373bfbd0abdc368b.tiff,True,True
888a60018916e6e3a5f6042e285ea011,D:\prostat\train_images\888a60018916e6e3a5f6042e285ea011.tiff,True,True
75cf9bec1ba79a53d29d9d81762e1817,D:\prostat\train_images\75cf9bec1ba79a53d29d9d81762e1817.tiff,True,True
1fc2550b52a90b15a9b20484c012b6dc,D:\prostat\train_images\1fc2550b52a90b15a9b20484c012b6dc.tiff,True,True
c7a395e5b1d45e9828ebb765b175e823,D:\prostat\train_images\c7a395e5b1d45e9828ebb765b175e823.tiff,True,True
f6b3c12a983a398bfafee0027cf523d5,D:\prostat\train_images\f6b3c12a983a398bfafee0027cf523d5.tiff,True,True
de968c43966646a7f5f5959707b38421,D:\prostat\train_images\de968c43966646a7f5f5959707b38421.tiff,True,True
bd3d353c7d62399239bbf5ecd28f729b,D:\prostat\train_images\bd3d353c7d62399239bbf5ecd28f729b.tiff,True,True
a338a8d26e5253dbe0fd5ee41aa528a5,D:\prostat\train_images\a338a8d26e5253dbe0fd5ee41aa528a5.tiff,True,True
e73d1aad9bd7f12ae2d10de5932462c6,D:\prostat\train_images\e73d1aad9bd7f12ae2d10de5932462c6.tiff,True,True
c52636abf2b202b4f65f5c85799ce363,D:\prostat\train_images\c52636abf2b202b4f65f5c85799ce363.tiff,True,True
5d70e6a66652c5872f26f3da9233ff4b,D:\prostat\train_images\5d70e6a66652c5872f26f3da9233ff4b.tiff,True,True
0849749bd2b9fc46b88a56b4c47e4093,D:\prostat\train_images\0849749bd2b9fc46b88a56b4c47e4093.tiff,True,True
5752b761672c420fc1df9cbaf860bcd6,D:\prostat\train_images\5752b761672c420fc1df9cbaf860bcd6.tiff,True,True
96907a7abf71ca7e5e48b36514d6c7f2,D:\prostat\train_images\96907a7abf71ca7e5e48b36514d6c7f2.tiff,True,True
a00844370a83e216bd79a161d794c423,D:\prostat\train_images\a00844370a83e216bd79a161d794c423.tiff,True,True
49baf3efa08649c094e80012393aaac4,D:\prostat\train_images\49baf3efa08649c094e80012393aaac4.tiff,True,True
bda25c48ac8086cccbf2397e13166046,D:\prostat\train_images\bda25c48ac8086cccbf2397e13166046.tiff,True,True
0c9932a7962d6d5a4765b2c9850e9c56,D:\prostat\train_images\0c9932a7962d6d5a4765b2c9850e9c56.tiff,True,True
94430d425fcce2eb8de96209bbead0c5,D:\prostat\train_images\94430d425fcce2eb8de96209bbead0c5.tiff,True,True
c137649e6a6e22b208cdf785a004603b,D:\prostat\train_images\c137649e6a6e22b208cdf785a004603b.tiff,True,True
cb109658cc3e8b87465e9359425e202f,D:\prostat\train_images\cb109658cc3e8b87465e9359425e202f.tiff,True,True
1cd489bab8e8776d5f2882e97799f30e,D:\prostat\train_images\1cd489bab8e8776d5f2882e97799f30e.tiff,True,True
771d1a07ddea7dc129a58d50f749d042,D:\prostat\train_images\771d1a07ddea7dc129a58d50f749d042.tiff,True,True
3f3f6a1f515cd9ae79e323a4759f0888,D:\prostat\train_images\3f3f6a1f515cd9ae79e323a4759f0888.tiff,True,True
a081ddde3cf1cf227b66ca1273be9459,D:\prostat\train_images\a081ddde3cf1cf227b66ca1273be9459.tiff,True,True
a3794ec31a02fbf429486dd464f83d25,D:\prostat\train_images\a3794ec31a02fbf429486dd464f83d25.tiff,True,True
8addcf68a92fde8dba0b2a99caf9bff9,D:\prostat\train_images\8addcf68a92fde8dba0b2a99caf9bff9.tiff,True,True
7e26b6fec976755158177577cf4c9183,D:\prostat\train_images\7e26b6fec976755158177577cf4c9183.tiff,True,True
67bc9a23a87b07457464561b22515733,D:\prostat\train_images\67bc9a23a87b07457464561b22515733.tiff,True,True
6b118d99ff206c8660e79fa075685713,D:\prostat\train_images\6b118d99ff206c8660e79fa075685713.tiff,True,True
7d60fa34382d46eddec04ec8acb4cb52,D:\prostat\train_images\7d60fa34382d46eddec04ec8acb4cb52.tiff,True,True
673035951194fa335f11d0bb408449de,D:\prostat\train_images\673035951194fa335f11d0bb408449de.tiff,True,True
b0f2cb16755d46186dbcd813ce76ea05,D:\prostat\train_images\b0f2cb16755d46186dbcd813ce76ea05.tiff,True,True
8ce7e69e255980b50a2f8a7289bce5a6,D:\prostat\train_images\8ce7e69e255980b50a2f8a7289bce5a6.tiff,True,True
056806d7a40db6e21868f74a6f4fccc2,D:\prostat\train_images\056806d7a40db6e21868f74a6f4fccc2.tiff,True,True
167ff6e9aa4e03593520c277f4071557,D:\prostat\train_images\167ff6e9aa4e03593520c277f4071557.tiff,True,True
f9285fe284ce30f4d249635062db619a,D:\prostat\train_images\f9285fe284ce30f4d249635062db619a.tiff,True,True
3bab742acf3fdc581cbc57468eac9603,D:\prostat\train_images\3bab742acf3fdc581cbc57468eac9603.tiff,True,True
aa6fa0228a86251c04d6a74b7bcf1b12,D:\prostat\train_images\aa6fa0228a86251c04d6a74b7bcf1b12.tiff,True,True
5000f1e3635cd4bf1ac50930e885e935,D:\prostat\train_images\5000f1e3635cd4bf1ac50930e885e935.tiff,True,True
20bfdfeb0d070454d02b2c98e351e5f6,D:\prostat\train_images\20bfdfeb0d070454d02b2c98e351e5f6.tiff,True,True
f06771072117359ea7dd8012054a3e5b,D:\prostat\train_images\f06771072117359ea7dd8012054a3e5b.tiff,True,True
11f1519eb38ea10e74539a5d96cc8567,D:\prostat\train_images\11f1519eb38ea10e74539a5d96cc8567.tiff,True,True
b502324488d82fb0e428d5bc4e0cd36b,D:\prostat\train_images\b502324488d82fb0e428d5bc4e0cd36b.tiff,True,True
e004796dbc56fa09c543d415a360c17b,D:\prostat\train_images\e004796dbc56fa09c543d415a360c17b.tiff,True,True
3ff30b9406f4c44c9b8dba47615f1fca,D:\prostat\train_images\3ff30b9406f4c44c9b8dba47615f1fca.tiff,True,True
b987a21400fdf7668214076d0ba9b34c,D:\prostat\train_images\b987a21400fdf7668214076d0ba9b34c.tiff,True,True
f64bc2a754fc8d937ef7f307f381c9ef,D:\prostat\train_images\f64bc2a754fc8d937ef7f307f381c9ef.tiff,True,True
199cac82a1dd58d80c3f29213f2de1cc,D:\prostat\train_images\199cac82a1dd58d80c3f29213f2de1cc.tiff,True,True
6d2cf90cf2df03cf1d9f2eb38362f58d,D:\prostat\train_images\6d2cf90cf2df03cf1d9f2eb38362f58d.tiff,True,True
6282cd1e1f1c2d9b269406d556571736,D:\prostat\train_images\6282cd1e1f1c2d9b269406d556571736.tiff,True,True
848c7be5504d4f2e9ba4e949c619ef62,D:\prostat\train_images\848c7be5504d4f2e9ba4e949c619ef62.tiff,True,True
433a1eea85c4450c1814a8ad781ff244,D:\prostat\train_images\433a1eea85c4450c1814a8ad781ff244.tiff,True,True
3dedb469b5184d4d8920dd9b6af01139,D:\prostat\train_images\3dedb469b5184d4d8920dd9b6af01139.tiff,True,True
6b41aaf5ecafc9000a9f40fee0db9e64,D:\prostat\train_images\6b41aaf5ecafc9000a9f40fee0db9e64.tiff,True,True
13181ac5a364d28673e6bbe718133c71,D:\prostat\train_images\13181ac5a364d28673e6bbe718133c71.tiff,True,True
2bae80bd95f31d80a4e101ff44f4c0e8,D:\prostat\train_images\2bae80bd95f31d80a4e101ff44f4c0e8.tiff,True,True
e8d2f499e64b8d562838572bee7ea53f,D:\prostat\train_images\e8d2f499e64b8d562838572bee7ea53f.tiff,True,True
880c1f78ee7e01cee8776b5ec789bd80,D:\prostat\train_images\880c1f78ee7e01cee8776b5ec789bd80.tiff,True,True
d18c24df948f2d59ce38b6c97a0045d0,D:\prostat\train_images\d18c24df948f2d59ce38b6c97a0045d0.tiff,True,True
051a2228aadbb0d44e61f8507114a4c0,D:\prostat\train_images\051a2228aadbb0d44e61f8507114a4c0.tiff,True,True
5a19b7514d9adb447ed6aa694811f1eb,D:\prostat\train_images\5a19b7514d9adb447ed6aa694811f1eb.tiff,True,True
b3b6e6cf4fcbf6e6b9812f6b1097d7b8,D:\prostat\train_images\b3b6e6cf4fcbf6e6b9812f6b1097d7b8.tiff,True,True
008308f099f0c565fbc024ece6b8b08c,D:\prostat\train_images\008308f099f0c565fbc024ece6b8b08c.tiff,True,True
da8a2cc5804ba27b9767059bb1a99e42,D:\prostat\train_images\da8a2cc5804ba27b9767059bb1a99e42.tiff,True,True
903c88d5dc12315b4f6e9d6ad6b82537,D:\prostat\train_images\903c88d5dc12315b4f6e9d6ad6b82537.tiff,True,True
0e347ad243e4019fad579d3282a730f9,D:\prostat\train_images\0e347ad243e4019fad579d3282a730f9.tiff,True,True
9a6168de2cb3b67a0473fa5a5f0d9115,D:\prostat\train_images\9a6168de2cb3b67a0473fa5a5f0d9115.tiff,True,True
bbe3ebb10d3477aa01bb01a6c91a8622,D:\prostat\train_images\bbe3ebb10d3477aa01bb01a6c91a8622.tiff,True,True
3353690a5d3c6a384c545ef8caf56f95,D:\prostat\train_images\3353690a5d3c6a384c545ef8caf56f95.tiff,True,True
87c2116787ff620957ecc95521bc3c0f,D:\prostat\train_images\87c2116787ff620957ecc95521bc3c0f.tiff,True,True
ab8ad31b80419f9f49c6b62f25d6fe59,D:\prostat\train_images\ab8ad31b80419f9f49c6b62f25d6fe59.tiff,True,True
89d67babd435cc76b1366455fd89044f,D:\prostat\train_images\89d67babd435cc76b1366455fd89044f.tiff,True,True
55a01c1ebef6b40ac9916b6abe9b57b0,D:\prostat\train_images\55a01c1ebef6b40ac9916b6abe9b57b0.tiff,True,True
c692cc057dffd5f92149af235f2bde51,D:\prostat\train_images\c692cc057dffd5f92149af235f2bde51.tiff,True,True
480b4b3b0b1ec9ec41980ff45a5fbaa7,D:\prostat\train_images\480b4b3b0b1ec9ec41980ff45a5fbaa7.tiff,True,True
eaae490bfc1d9f10fd34caf902a6900d,D:\prostat\train_images\eaae490bfc1d9f10fd34caf902a6900d.tiff,True,True
410d4294d2a7981623f97ff5311dfa27,D:\prostat\train_images\410d4294d2a7981623f97ff5311dfa27.tiff,True,True
9b238129762edd83f472e5b3abf9e639,D:\prostat\train_images\9b238129762edd83f472e5b3abf9e639.tiff,True,True
a273a79b0d6373074b9f75aafd1dd11c,D:\prostat\train_images\a273a79b0d6373074b9f75aafd1dd11c.tiff,True,True
e0c4272da1f0609fa73fd440d4c6865d,D:\prostat\train_images\e0c4272da1f0609fa73fd440d4c6865d.tiff,True,True
9b1f3966737b74ae375dd220e56806d1,D:\prostat\train_images\9b1f3966737b74ae375dd220e56806d1.tiff,True,True
d097cacf525058ef294e46c7e6cd2f1b,D:\prostat\train_images\d097cacf525058ef294e46c7e6cd2f1b.tiff,True,True
9b53b228ff67761f58de2688904b4837,D:\prostat\train_images\9b53b228ff67761f58de2688904b4837.tiff,True,True
04952a4d6f0309a8a317a56ad88d9145,D:\prostat\train_images\04952a4d6f0309a8a317a56ad88d9145.tiff,True,True
3ad48056423f5a0710d13d943f112fe1,D:\prostat\train_images\3ad48056423f5a0710d13d943f112fe1.tiff,True,True
6e9b1dced21f3757410975de012f3a15,D:\prostat\train_images\6e9b1dced21f3757410975de012f3a15.tiff,True,True
1b875804696c16df1c91abf6d16a7b4e,D:\prostat\train_images\1b875804696c16df1c91abf6d16a7b4e.tiff,True,True
4674372bd1be97535314d987e253a6c5,D:\prostat\train_images\4674372bd1be97535314d987e253a6c5.tiff,True,True
6928865353a420988c1206560b232c38,D:\prostat\train_images\6928865353a420988c1206560b232c38.tiff,True,True
bf55f33acd7b0809b48cd8a1372b7c9c,D:\prostat\train_images\bf55f33acd7b0809b48cd8a1372b7c9c.tiff,True,True
f2b4695127e8d36d54b5214ac6675000,D:\prostat\train_images\f2b4695127e8d36d54b5214ac6675000.tiff,True,True
853e2ccb308b7e1119a563ca6e12a7ef,D:\prostat\train_images\853e2ccb308b7e1119a563ca6e12a7ef.tiff,True,True
20eacac6717ec529a2629ed8e6baf29c,D:\prostat\train_images\20eacac6717ec529a2629ed8e6baf29c.tiff,True,True
84ab35dab9c19149b6e2977d9e7dad71,D:\prostat\train_images\84ab35dab9c19149b6e2977d9e7dad71.tiff,True,True
8f08fea7cd2b67c68a1b388b197b6ff1,D:\prostat\train_images\8f08fea7cd2b67c68a1b388b197b6ff1.tiff,True,True
640fe9b2e7bf30c2bd5e5d9c9a4ed258,D:\prostat\train_images\640fe9b2e7bf30c2bd5e5d9c9a4ed258.tiff,True,True
c00150f4dde0bf6e3c62c57c33d77731,D:\prostat\train_images\c00150f4dde0bf6e3c62c57c33d77731.tiff,True,True
445d5d7f60a018ce7be8c09b2af9012d,D:\prostat\train_images\445d5d7f60a018ce7be8c09b2af9012d.tiff,True,True
81b61c22e893d8f7d5d9a32e6ff1bc3c,D:\prostat\train_images\81b61c22e893d8f7d5d9a32e6ff1bc3c.tiff,True,True
714fe03e012bb674fd7f3fc8f6763c3e,D:\prostat\train_images\714fe03e012bb674fd7f3fc8f6763c3e.tiff,True,True
001d865e65ef5d2579c190a0e0350d8f,D:\prostat\train_images\001d865e65ef5d2579c190a0e0350d8f.tiff,True,True
637bca124ad0ca9466e48b63b898bccd,D:\prostat\train_images\637bca124ad0ca9466e48b63b898bccd.tiff,True,True
287288c13cab7312a9ced8268cad03ef,D:\prostat\train_images\287288c13cab7312a9ced8268cad03ef.tiff,True,True
b69f37414ea0d604250324f8bd0e10ec,D:\prostat\train_images\b69f37414ea0d604250324f8bd0e10ec.tiff,True,True
5ce3c1ea8008cd274f8a9e47537143ff,D:\prostat\train_images\5ce3c1ea8008cd274f8a9e47537143ff.tiff,True,True
05657a4cdbbe3bd466402d227bf0b2c7,D:\prostat\train_images\05657a4cdbbe3bd466402d227bf0b2c7.tiff,True,True
f38dbf8baa31d34599b8673cb0303405,D:\prostat\train_images\f38dbf8baa31d34599b8673cb0303405.tiff,True,True
283624a201d08d9abc72c51af1da7923,D:\prostat\train_images\283624a201d08d9abc72c51af1da7923.tiff,True,True
708254de6b71fa82c4d3479035c52a83,D:\prostat\train_images\708254de6b71fa82c4d3479035c52a83.tiff,True,True
d036e99b65edb7c803b047c4d5f43dce,D:\prostat\train_images\d036e99b65edb7c803b047c4d5f43dce.tiff,True,True
1d645028ae7e6bb2c83f3b6207d074ad,D:\prostat\train_images\1d645028ae7e6bb2c83f3b6207d074ad.tiff,True,True
244dc87fa913b692535f446758a0d700,D:\prostat\train_images\244dc87fa913b692535f446758a0d700.tiff,True,True
6bdf65f6a0afc05e0f9eb9b9bb2a7efd,D:\prostat\train_images\6bdf65f6a0afc05e0f9eb9b9bb2a7efd.tiff,True,True
f756a136d382cfc37704069809199f5d,D:\prostat\train_images\f756a136d382cfc37704069809199f5d.tiff,True,True
adae03ea908e72c0e179f10f8df094ef,D:\prostat\train_images\adae03ea908e72c0e179f10f8df094ef.tiff,True,True
449eceb8af969d35147598b1ccb828f5,D:\prostat\train_images\449eceb8af969d35147598b1ccb828f5.tiff,True,True
bbde3819952e358ed7c67acd1cd4516e,D:\prostat\train_images\bbde3819952e358ed7c67acd1cd4516e.tiff,True,True
e84a9aadb35ccba696e45cc79779525e,D:\prostat\train_images\e84a9aadb35ccba696e45cc79779525e.tiff,True,True
bbc2dc35eb3231adbd2b6f35c029b34d,D:\prostat\train_images\bbc2dc35eb3231adbd2b6f35c029b34d.tiff,True,True
b790c95b8efb85a4e600533cf0444937,D:\prostat\train_images\b790c95b8efb85a4e600533cf0444937.tiff,True,True
13ce15fcef18b33d4fe66796504c2be8,D:\prostat\train_images\13ce15fcef18b33d4fe66796504c2be8.tiff,True,True
ac7b0dbd7220fa8abe977efe1030ddcc,D:\prostat\train_images\ac7b0dbd7220fa8abe977efe1030ddcc.tiff,True,True
636a1fa2cd4d66297c4f63eda2ba16d1,D:\prostat\train_images\636a1fa2cd4d66297c4f63eda2ba16d1.tiff,True,True
58e55ede6357406f7868d3c58b80476e,D:\prostat\train_images\58e55ede6357406f7868d3c58b80476e.tiff,True,True
e15826e3b403aeca10aa2a512d3a9d60,D:\prostat\train_images\e15826e3b403aeca10aa2a512d3a9d60.tiff,True,True
4aea6a7376cb4d0696c87776c511e9f5,D:\prostat\train_images\4aea6a7376cb4d0696c87776c511e9f5.tiff,True,True
dd183e3dd9d4391170f8d2c0125037f8,D:\prostat\train_images\dd183e3dd9d4391170f8d2c0125037f8.tiff,True,True
eb17125d3f2909f7e1702013b65188e5,D:\prostat\train_images\eb17125d3f2909f7e1702013b65188e5.tiff,True,True
6518dd103748ee00e9bdb448f585bdef,D:\prostat\train_images\6518dd103748ee00e9bdb448f585bdef.tiff,True,True
36e1858ce9463be49695c4517cc3855c,D:\prostat\train_images\36e1858ce9463be49695c4517cc3855c.tiff,True,True
9f887e6311f6062c5741bfae853edb80,D:\prostat\train_images\9f887e6311f6062c5741bfae853edb80.tiff,True,True
2071295e7aaa84c087939f5017e7f7b3,D:\prostat\train_images\2071295e7aaa84c087939f5017e7f7b3.tiff,True,True
a44fd7663c5ae9bfd375e6dc75b497f6,D:\prostat\train_images\a44fd7663c5ae9bfd375e6dc75b497f6.tiff,True,True
c876728a121713f5d999154f0730d5e9,D:\prostat\train_images\c876728a121713f5d999154f0730d5e9.tiff,True,True
5347a36e1d6860792dfa5c88c32853a6,D:\prostat\train_images\5347a36e1d6860792dfa5c88c32853a6.tiff,True,True
6525e666ca51cdae0b292dcd0b8e7483,D:\prostat\train_images\6525e666ca51cdae0b292dcd0b8e7483.tiff,True,True
86d4621be3deca4f8d461e3abce7d585,D:\prostat\train_images\86d4621be3deca4f8d461e3abce7d585.tiff,True,True
5005f9cc40ba417daf4ceefa86fab751,D:\prostat\train_images\5005f9cc40ba417daf4ceefa86fab751.tiff,True,True
de06480e9ad90fd6fbb3b2496eb6d35b,D:\prostat\train_images\de06480e9ad90fd6fbb3b2496eb6d35b.tiff,True,True
9148ac834e0fda9d90c7cdb797c444b7,D:\prostat\train_images\9148ac834e0fda9d90c7cdb797c444b7.tiff,True,True
ffe9bcababc858e04840669e788065a1,D:\prostat\train_images\ffe9bcababc858e04840669e788065a1.tiff,True,True
be8d828b7d90bca42ca4274f57e70cf5,D:\prostat\train_images\be8d828b7d90bca42ca4274f57e70cf5.tiff,True,True
d7c97e7055f847f17a4572f7f2ccabb0,D:\prostat\train_images\d7c97e7055f847f17a4572f7f2ccabb0.tiff,True,True
46bdfe8b48f921b057335e201445e4be,D:\prostat\train_images\46bdfe8b48f921b057335e201445e4be.tiff,True,True
1abf1e5a8a5aef4100c97ffd8ea09ce4,D:\prostat\train_images\1abf1e5a8a5aef4100c97ffd8ea09ce4.tiff,True,True
d62ce3650d7f19142f16efdaa85d0c3f,D:\prostat\train_images\d62ce3650d7f19142f16efdaa85d0c3f.tiff,True,True
1fcf738e075d2efad20e9b1d6cf3961f,D:\prostat\train_images\1fcf738e075d2efad20e9b1d6cf3961f.tiff,True,True
150fa2f94a0066c9e5d2a604f90a5b82,D:\prostat\train_images\150fa2f94a0066c9e5d2a604f90a5b82.tiff,True,True
c60d25e72004ddd6bc308d3a42ce6dba,D:\prostat\train_images\c60d25e72004ddd6bc308d3a42ce6dba.tiff,True,True
577e010bab3273901812fba55ea8706c,D:\prostat\train_images\577e010bab3273901812fba55ea8706c.tiff,True,True
6468063d0445cf082716fa830a507de2,D:\prostat\train_images\6468063d0445cf082716fa830a507de2.tiff,True,True
19057c319689cbcd2d3f4453be1d9c4f,D:\prostat\train_images\19057c319689cbcd2d3f4453be1d9c4f.tiff,True,True
d3cf96c8fbb358768a0a65207b27ba3a,D:\prostat\train_images\d3cf96c8fbb358768a0a65207b27ba3a.tiff,True,True
f9c3775b0d8868f38c4f86ca51ca84f6,D:\prostat\train_images\f9c3775b0d8868f38c4f86ca51ca84f6.tiff,True,True
166631bd73e53e8ebb1ab844dcd6d3dd,D:\prostat\train_images\166631bd73e53e8ebb1ab844dcd6d3dd.tiff,True,True
0bb6facc3ebad1582fca77968ff757c6,D:\prostat\train_images\0bb6facc3ebad1582fca77968ff757c6.tiff,True,True
99f67e0699d1a1230968cad37c3fa985,D:\prostat\train_images\99f67e0699d1a1230968cad37c3fa985.tiff,True,True
4a9fb957b8c5af5a98c8e8fbb70d2e74,D:\prostat\train_images\4a9fb957b8c5af5a98c8e8fbb70d2e74.tiff,True,True
6811459c1bf02a325e7b475a97abbdb5,D:\prostat\train_images\6811459c1bf02a325e7b475a97abbdb5.tiff,True,True
99d7160bba4f712fee688794520b4137,D:\prostat\train_images\99d7160bba4f712fee688794520b4137.tiff,True,True
505c99086b5c2c2aff4bed177070fb1a,D:\prostat\train_images\505c99086b5c2c2aff4bed177070fb1a.tiff,True,True
afc06705359dffc9ef87a66939bf7c04,D:\prostat\train_images\afc06705359dffc9ef87a66939bf7c04.tiff,True,True
5e79a8e720579946198a701deeed3a4a,D:\prostat\train_images\5e79a8e720579946198a701deeed3a4a.tiff,True,True
0bd231c85b2695e2cf021299e67a6afc,D:\prostat\train_images\0bd231c85b2695e2cf021299e67a6afc.tiff,True,True
5255e5cae8fc9b03ddb4dc1c2512f355,D:\prostat\train_images\5255e5cae8fc9b03ddb4dc1c2512f355.tiff,True,True
ba5301b5d8d10f16ca7f1f4f8b82f692,D:\prostat\train_images\ba5301b5d8d10f16ca7f1f4f8b82f692.tiff,True,True
a26020fc089bd826b2d3eee48435b5e1,D:\prostat\train_images\a26020fc089bd826b2d3eee48435b5e1.tiff,True,True
f3b08a5e211d74b09025915fa906449a,D:\prostat\train_images\f3b08a5e211d74b09025915fa906449a.tiff,True,True
69782ae700f84033ac9b654140f7229e,D:\prostat\train_images\69782ae700f84033ac9b654140f7229e.tiff,True,True
b1403f9f47c9544b0ee85dc0f319bc90,D:\prostat\train_images\b1403f9f47c9544b0ee85dc0f319bc90.tiff,True,True
2362d93816e6dff7db5f3de85b660777,D:\prostat\train_images\2362d93816e6dff7db5f3de85b660777.tiff,True,True
458bcc2e21a2359ff2e4013522bc40b0,D:\prostat\train_images\458bcc2e21a2359ff2e4013522bc40b0.tiff,True,True
3754b01d3ce8fb9f89062dd30929b7f0,D:\prostat\train_images\3754b01d3ce8fb9f89062dd30929b7f0.tiff,True,True
82b8e31cf5bd59934af005c609d05e64,D:\prostat\train_images\82b8e31cf5bd59934af005c609d05e64.tiff,True,True
7a4eeb9ad072b4c2c72ae24347705635,D:\prostat\train_images\7a4eeb9ad072b4c2c72ae24347705635.tiff,True,True
ef354802197e3eaceeaa43a62e39cf6d,D:\prostat\train_images\ef354802197e3eaceeaa43a62e39cf6d.tiff,True,True
8ca4eea53dab8fb41f2ba01deb4e84db,D:\prostat\train_images\8ca4eea53dab8fb41f2ba01deb4e84db.tiff,True,True
c2e7580519b62b7183c1924211ee8603,D:\prostat\train_images\c2e7580519b62b7183c1924211ee8603.tiff,True,True
b3852036b9bab5f90891f5f18617b559,D:\prostat\train_images\b3852036b9bab5f90891f5f18617b559.tiff,True,True
fd7ed01abdedc287a61da7fd194ba30b,D:\prostat\train_images\fd7ed01abdedc287a61da7fd194ba30b.tiff,True,True
f16f7b3c4a274f17b2f1fad6c37714a8,D:\prostat\train_images\f16f7b3c4a274f17b2f1fad6c37714a8.tiff,True,True
11c5d0603ad03546001b684977df9993,D:\prostat\train_images\11c5d0603ad03546001b684977df9993.tiff,True,True
746b95b3a32975082d0ad357527ad701,D:\prostat\train_images\746b95b3a32975082d0ad357527ad701.tiff,True,True
bfe60c94647ba0ae7fb7da6f6508c42f,D:\prostat\train_images\bfe60c94647ba0ae7fb7da6f6508c42f.tiff,True,True
a184260ef13d42e03b958406346024e2,D:\prostat\train_images\a184260ef13d42e03b958406346024e2.tiff,True,True
f683044312e78c93b51910d9734d17ad,D:\prostat\train_images\f683044312e78c93b51910d9734d17ad.tiff,True,True
a1eb67fb9f6f39764b1859e175f0995a,D:\prostat\train_images\a1eb67fb9f6f39764b1859e175f0995a.tiff,True,True
fb6ce8bf80f431fc63a72a6e3bd94901,D:\prostat\train_images\fb6ce8bf80f431fc63a72a6e3bd94901.tiff,True,True
4323ac4da38573dd8e35cb58fbe53c3b,D:\prostat\train_images\4323ac4da38573dd8e35cb58fbe53c3b.tiff,True,True
cbff820f299b577e2af5ed136b6ef6eb,D:\prostat\train_images\cbff820f299b577e2af5ed136b6ef6eb.tiff,True,True
cb4e0cc18babaee27c613971a3155fb8,D:\prostat\train_images\cb4e0cc18babaee27c613971a3155fb8.tiff,True,True
366b8bdacfad3a89f0284b0ab0f3e294,D:\prostat\train_images\366b8bdacfad3a89f0284b0ab0f3e294.tiff,True,True
e46980d2dd4b7f4178b2cea4c4088014,D:\prostat\train_images\e46980d2dd4b7f4178b2cea4c4088014.tiff,True,True
628099e7b5b1e0c00288a4d3cfb2260a,D:\prostat\train_images\628099e7b5b1e0c00288a4d3cfb2260a.tiff,True,True
ba7eaa33d6aca6ec1ce59e741e922664,D:\prostat\train_images\ba7eaa33d6aca6ec1ce59e741e922664.tiff,True,True
1f7d9fb7fcfae8b5c2395fb7dd5222f3,D:\prostat\train_images\1f7d9fb7fcfae8b5c2395fb7dd5222f3.tiff,True,True
a420d76844dd359a2d3a268be4827768,D:\prostat\train_images\a420d76844dd359a2d3a268be4827768.tiff,True,True
5d35e9a318e04684020a42c3a2ca19fa,D:\prostat\train_images\5d35e9a318e04684020a42c3a2ca19fa.tiff,True,True
3f73471876577f909fcf6464ca0cd25a,D:\prostat\train_images\3f73471876577f909fcf6464ca0cd25a.tiff,True,True
dba7a6be42536168990912ae6efdc887,D:\prostat\train_images\dba7a6be42536168990912ae6efdc887.tiff,True,True
1932b8075d97a1cb1d45fee931bc99f8,D:\prostat\train_images\1932b8075d97a1cb1d45fee931bc99f8.tiff,True,True
913a2707c4014d58fc950f0bcad251e2,D:\prostat\train_images\913a2707c4014d58fc950f0bcad251e2.tiff,True,True
d3eb5180ac60d44370855f0c9c54f2b9,D:\prostat\train_images\d3eb5180ac60d44370855f0c9c54f2b9.tiff,True,True
5beed3b27daf64fe7fbc4d065883826e,D:\prostat\train_images\5beed3b27daf64fe7fbc4d065883826e.tiff,True,True
41cd8bc4e00e30e50dcf91c09bb5c32a,D:\prostat\train_images\41cd8bc4e00e30e50dcf91c09bb5c32a.tiff,True,True
97a072070bccd353b385580daed8b3f5,D:\prostat\train_images\97a072070bccd353b385580daed8b3f5.tiff,True,True
bedeb6cf82f3257a34cfdad3dba80413,D:\prostat\train_images\bedeb6cf82f3257a34cfdad3dba80413.tiff,True,True
0c74834f412d04ad87c230fc337d9e80,D:\prostat\train_images\0c74834f412d04ad87c230fc337d9e80.tiff,True,True
9818479424ae4919526b658917dd6b1b,D:\prostat\train_images\9818479424ae4919526b658917dd6b1b.tiff,True,True
2ebf6b50e4c245e4078976a271b7aa79,D:\prostat\train_images\2ebf6b50e4c245e4078976a271b7aa79.tiff,True,True
3c71188a45f5bd87ff4736de84cad35e,D:\prostat\train_images\3c71188a45f5bd87ff4736de84cad35e.tiff,True,True
cf98288a084de953fd69b8cde784b755,D:\prostat\train_images\cf98288a084de953fd69b8cde784b755.tiff,True,True
b245cf055b22a9d837cc4f5c97b63a8c,D:\prostat\train_images\b245cf055b22a9d837cc4f5c97b63a8c.tiff,True,True
3b58fcd7537d02088146c3b4d1ba1e38,D:\prostat\train_images\3b58fcd7537d02088146c3b4d1ba1e38.tiff,True,True
0e1d010df72414d8873b594afd64a34b,D:\prostat\train_images\0e1d010df72414d8873b594afd64a34b.tiff,True,True
9127ce46a7d8ebdad6c877c3ea4624fe,D:\prostat\train_images\9127ce46a7d8ebdad6c877c3ea4624fe.tiff,True,True
8cdb32e9279d50b6b26cd8eadd29d19f,D:\prostat\train_images\8cdb32e9279d50b6b26cd8eadd29d19f.tiff,True,True
a0e3ae771cc087ecfd5251a95043f1f0,D:\prostat\train_images\a0e3ae771cc087ecfd5251a95043f1f0.tiff,True,True
55b803fc495e1b30553a8b5b589eab7a,D:\prostat\train_images\55b803fc495e1b30553a8b5b589eab7a.tiff,True,True
da9c302c67df4c32f2f05be779393b7c,D:\prostat\train_images\da9c302c67df4c32f2f05be779393b7c.tiff,True,True
72e64850d127c65815492af84473a26e,D:\prostat\train_images\72e64850d127c65815492af84473a26e.tiff,True,True
eee4c72a63e67252e0f2a3462a16ea95,D:\prostat\train_images\eee4c72a63e67252e0f2a3462a16ea95.tiff,True,True
bba14a84e299b972be4c0213767b848c,D:\prostat\train_images\bba14a84e299b972be4c0213767b848c.tiff,True,True
f078e8a043122dd2b87426178bec0601,D:\prostat\train_images\f078e8a043122dd2b87426178bec0601.tiff,True,True
f3ce2fe86e455dbc9fc1ddbddf94c827,D:\prostat\train_images\f3ce2fe86e455dbc9fc1ddbddf94c827.tiff,True,True
a0e79ca3b7a02a0d6c5ed69ab4a5c8b4,D:\prostat\train_images\a0e79ca3b7a02a0d6c5ed69ab4a5c8b4.tiff,True,True
69d0aae1adb4068191d4b119e45bfddc,D:\prostat\train_images\69d0aae1adb4068191d4b119e45bfddc.tiff,True,True
1dfa9e0e91f817fbd98ae93fc20d6255,D:\prostat\train_images\1dfa9e0e91f817fbd98ae93fc20d6255.tiff,True,True
76c4369a05d0822a0f8280b70f7a179d,D:\prostat\train_images\76c4369a05d0822a0f8280b70f7a179d.tiff,True,True
fbe139b6227a1430960fe9359826cf89,D:\prostat\train_images\fbe139b6227a1430960fe9359826cf89.tiff,True,True
b7f4472c49758c448fc8642fc27045aa,D:\prostat\train_images\b7f4472c49758c448fc8642fc27045aa.tiff,True,True
898611b9150c6ea8e3c491f337ee203b,D:\prostat\train_images\898611b9150c6ea8e3c491f337ee203b.tiff,True,True
340517b590a8d20a3c8a13c8d3df4099,D:\prostat\train_images\340517b590a8d20a3c8a13c8d3df4099.tiff,True,True
a593fab93f41311d8ca7225382c96cb6,D:\prostat\train_images\a593fab93f41311d8ca7225382c96cb6.tiff,True,True
e610af2c9bdb892102c1c239c836121f,D:\prostat\train_images\e610af2c9bdb892102c1c239c836121f.tiff,True,True
16d60f4cf354e55767cd9ad2b7ccc4bb,D:\prostat\train_images\16d60f4cf354e55767cd9ad2b7ccc4bb.tiff,True,True
76d8f3c423e04492b02311274ebc49ac,D:\prostat\train_images\76d8f3c423e04492b02311274ebc49ac.tiff,True,True
317dd757da6889845fe0d4dc109d0485,D:\prostat\train_images\317dd757da6889845fe0d4dc109d0485.tiff,True,True
611dad205c637ac04eb23386dc32601c,D:\prostat\train_images\611dad205c637ac04eb23386dc32601c.tiff,True,True
3af3acea1b27322f4739f69684830d32,D:\prostat\train_images\3af3acea1b27322f4739f69684830d32.tiff,True,True
fe1f14cea57aebdfa87ee2c1ca6515b3,D:\prostat\train_images\fe1f14cea57aebdfa87ee2c1ca6515b3.tiff,True,True
ef9853b01c42ddaeaad2b6261652f13e,D:\prostat\train_images\ef9853b01c42ddaeaad2b6261652f13e.tiff,True,True
288a512bf5affa970a81d9c553feef40,D:\prostat\train_images\288a512bf5affa970a81d9c553feef40.tiff,True,True
4ba2c9a9103bbbaa575dfb3b888dc195,D:\prostat\train_images\4ba2c9a9103bbbaa575dfb3b888dc195.tiff,True,True
2c338fdeda4b425aec3800c89246828a,D:\prostat\train_images\2c338fdeda4b425aec3800c89246828a.tiff,True,True
4c547c4817c06b4e77da45768358eb98,D:\prostat\train_images\4c547c4817c06b4e77da45768358eb98.tiff,True,True
3822f7eb7af4fcf5d490147fb171e436,D:\prostat\train_images\3822f7eb7af4fcf5d490147fb171e436.tiff,True,True
9dd40c0127d217bc4917e4db40e06e94,D:\prostat\train_images\9dd40c0127d217bc4917e4db40e06e94.tiff,True,True
ebd0b86bc3cf2b3fc044d8178f6541dc,D:\prostat\train_images\ebd0b86bc3cf2b3fc044d8178f6541dc.tiff,True,True
ec15fa638f2a0a362a2d989a5cef16f5,D:\prostat\train_images\ec15fa638f2a0a362a2d989a5cef16f5.tiff,True,True
011d38d07a0d228d2d3f8433ff483738,D:\prostat\train_images\011d38d07a0d228d2d3f8433ff483738.tiff,True,True
5618c8129a6db9d5d94bb26f2b58fe4f,D:\prostat\train_images\5618c8129a6db9d5d94bb26f2b58fe4f.tiff,True,True
beac155ed4bdcad4a5a4ce22717a6c58,D:\prostat\train_images\beac155ed4bdcad4a5a4ce22717a6c58.tiff,True,True
41d8bdf4fa44175df755d930dd4bcf45,D:\prostat\train_images\41d8bdf4fa44175df755d930dd4bcf45.tiff,True,True
5d09d184630b9a20ed727e0f375a2dd9,D:\prostat\train_images\5d09d184630b9a20ed727e0f375a2dd9.tiff,True,True
3a4465af672ccb78b09364132ba9e4d4,D:\prostat\train_images\3a4465af672ccb78b09364132ba9e4d4.tiff,True,True
605dda4fe6ac848340fecec8714fe760,D:\prostat\train_images\605dda4fe6ac848340fecec8714fe760.tiff,True,True
12493fb2b3ab6e3a628dfff875cbb335,D:\prostat\train_images\12493fb2b3ab6e3a628dfff875cbb335.tiff,True,True
887d935886b409acc14fa55a3c7e05ba,D:\prostat\train_images\887d935886b409acc14fa55a3c7e05ba.tiff,True,True
3f638d3c10fa933ab5f71af5eece1d2b,D:\prostat\train_images\3f638d3c10fa933ab5f71af5eece1d2b.tiff,True,True
a28c776023b9b5ce3eaf55c05b5b1214,D:\prostat\train_images\a28c776023b9b5ce3eaf55c05b5b1214.tiff,True,True
ebbe1801ed68a97e435b960a9582a39e,D:\prostat\train_images\ebbe1801ed68a97e435b960a9582a39e.tiff,True,True
f0a73ffe7d71950702ebd0ef7efa86cb,D:\prostat\train_images\f0a73ffe7d71950702ebd0ef7efa86cb.tiff,True,True
df29712be2badfd7ae0ef37d30759042,D:\prostat\train_images\df29712be2badfd7ae0ef37d30759042.tiff,True,True
81adb00db7e7b3034900a1f95a4dc257,D:\prostat\train_images\81adb00db7e7b3034900a1f95a4dc257.tiff,True,True
573cdbd8eda0e7ccf8a1df177f1764cc,D:\prostat\train_images\573cdbd8eda0e7ccf8a1df177f1764cc.tiff,True,True
8dbbf6f6aebb8aea3339f70dbfd7cf07,D:\prostat\train_images\8dbbf6f6aebb8aea3339f70dbfd7cf07.tiff,True,True
f84a1ebc74a6004395262124e0ab1d9e,D:\prostat\train_images\f84a1ebc74a6004395262124e0ab1d9e.tiff,True,True
b9445f54b56479caf17cc14534d4ff79,D:\prostat\train_images\b9445f54b56479caf17cc14534d4ff79.tiff,True,True
43dd1d762afad36444938fa931630a93,D:\prostat\train_images\43dd1d762afad36444938fa931630a93.tiff,True,True
8236be723e0508ca90e57849b2004311,D:\prostat\train_images\8236be723e0508ca90e57849b2004311.tiff,True,True
bd7b04d0b48b5fc9d004e93b536f72aa,D:\prostat\train_images\bd7b04d0b48b5fc9d004e93b536f72aa.tiff,True,True
ba4a7100888e96520a047cbd8f889371,D:\prostat\train_images\ba4a7100888e96520a047cbd8f889371.tiff,True,True
b1fbe9701b14bf285318abcbf002d5ea,D:\prostat\train_images\b1fbe9701b14bf285318abcbf002d5ea.tiff,True,True
71a66ea303504eb43f3369162d0a9307,D:\prostat\train_images\71a66ea303504eb43f3369162d0a9307.tiff,True,True
6f763254ac599960c572c3ab0c0666d0,D:\prostat\train_images\6f763254ac599960c572c3ab0c0666d0.tiff,True,True
c233968ed8653578230b2556054cd675,D:\prostat\train_images\c233968ed8653578230b2556054cd675.tiff,True,True
5eeb5f06877a051a7a7f99ff151919c3,D:\prostat\train_images\5eeb5f06877a051a7a7f99ff151919c3.tiff,True,True
a4ff02d4ba4e5f4420fab051ebd975aa,D:\prostat\train_images\a4ff02d4ba4e5f4420fab051ebd975aa.tiff,True,True
35978c997f83d969e02f26305f3983ec,D:\prostat\train_images\35978c997f83d969e02f26305f3983ec.tiff,True,True
ad566960d1448f7dd463fe507e917556,D:\prostat\train_images\ad566960d1448f7dd463fe507e917556.tiff,True,True
6fa92edb736bd9191d197ab8eab2e535,D:\prostat\train_images\6fa92edb736bd9191d197ab8eab2e535.tiff,True,True
08fb451c085cb309fdd5c2650070185f,D:\prostat\train_images\08fb451c085cb309fdd5c2650070185f.tiff,True,True
4cbde67c6d4feb90b93497fa08b413f7,D:\prostat\train_images\4cbde67c6d4feb90b93497fa08b413f7.tiff,True,True
5112ffdb6b267c33eb57cb47580d7bb5,D:\prostat\train_images\5112ffdb6b267c33eb57cb47580d7bb5.tiff,True,True
daea028622491dc3205333a809c233bb,D:\prostat\train_images\daea028622491dc3205333a809c233bb.tiff,True,True
ae273cd134a79165e360f2df1d6ad5a2,D:\prostat\train_images\ae273cd134a79165e360f2df1d6ad5a2.tiff,True,True
06bf945aaacb9a67d9f2439d9a7d73ea,D:\prostat\train_images\06bf945aaacb9a67d9f2439d9a7d73ea.tiff,True,True
c37c0f37a50ccbf5e51b148a28055111,D:\prostat\train_images\c37c0f37a50ccbf5e51b148a28055111.tiff,True,True
ccc369b1011a0bf8ab0d11b2ac495bc8,D:\prostat\train_images\ccc369b1011a0bf8ab0d11b2ac495bc8.tiff,True,True
1b79e625b909d41c61c81bce580b1c97,D:\prostat\train_images\1b79e625b909d41c61c81bce580b1c97.tiff,True,True
85e36b2e92010c5d08a31ade8df8089c,D:\prostat\train_images\85e36b2e92010c5d08a31ade8df8089c.tiff,True,True
3605ec5ecd6cd8f36a046746b1888cad,D:\prostat\train_images\3605ec5ecd6cd8f36a046746b1888cad.tiff,True,True
deab20c8aba3a3b09fa8f703b6b50453,D:\prostat\train_images\deab20c8aba3a3b09fa8f703b6b50453.tiff,True,True
7fb53b604b22a738ee3be852cdd84f14,D:\prostat\train_images\7fb53b604b22a738ee3be852cdd84f14.tiff,True,True
2ff022519be7751ee90020e3c71c7c4f,D:\prostat\train_images\2ff022519be7751ee90020e3c71c7c4f.tiff,True,True
915845d6283e37f8855d3ac5c0bcd599,D:\prostat\train_images\915845d6283e37f8855d3ac5c0bcd599.tiff,True,True
c830e13bcc901a882b0107569025d583,D:\prostat\train_images\c830e13bcc901a882b0107569025d583.tiff,True,True
8062ef2efbbe38879dcbbe93f69a9e28,D:\prostat\train_images\8062ef2efbbe38879dcbbe93f69a9e28.tiff,True,True
97072543ae9c3b84a7f9ae1cf3dee70c,D:\prostat\train_images\97072543ae9c3b84a7f9ae1cf3dee70c.tiff,True,True
f3ffd2029fb675801fe3d8c39a1c591a,D:\prostat\train_images\f3ffd2029fb675801fe3d8c39a1c591a.tiff,True,True
b289df6139ddbf04d953c2c01ec60405,D:\prostat\train_images\b289df6139ddbf04d953c2c01ec60405.tiff,True,True
fd4fbeeff2ad449dc7c8e6194a4f8403,D:\prostat\train_images\fd4fbeeff2ad449dc7c8e6194a4f8403.tiff,True,True
55ef26c752d337b792969f498c5cb45f,D:\prostat\train_images\55ef26c752d337b792969f498c5cb45f.tiff,True,True
0794712a5fdd9d31bdb4ea7c4f175054,D:\prostat\train_images\0794712a5fdd9d31bdb4ea7c4f175054.tiff,True,True
b975fb616a704b596fd49c6ffce543a9,D:\prostat\train_images\b975fb616a704b596fd49c6ffce543a9.tiff,True,True
7e424dff3f544c36ace6d9219aea34ef,D:\prostat\train_images\7e424dff3f544c36ace6d9219aea34ef.tiff,True,True
222b3051fe1a0783b2ec382191714e54,D:\prostat\train_images\222b3051fe1a0783b2ec382191714e54.tiff,True,True
c5a693a66e80be6c0326c76a4b748a64,D:\prostat\train_images\c5a693a66e80be6c0326c76a4b748a64.tiff,True,True
cef9240f1890be3b038655d71f74fa78,D:\prostat\train_images\cef9240f1890be3b038655d71f74fa78.tiff,True,True
c318254a6de21ceee63f97a015e90d3d,D:\prostat\train_images\c318254a6de21ceee63f97a015e90d3d.tiff,True,True
988c264d9ed6d1d26345b3a938ba1998,D:\prostat\train_images\988c264d9ed6d1d26345b3a938ba1998.tiff,True,True
f2920e8b3c4e7dfd3680bd19cb10846d,D:\prostat\train_images\f2920e8b3c4e7dfd3680bd19cb10846d.tiff,True,True
6c2022824b8716c8e152df5830db229a,D:\prostat\train_images\6c2022824b8716c8e152df5830db229a.tiff,True,True
cdffccb112b4bc1ccd2dcc1cc3e948cd,D:\prostat\train_images\cdffccb112b4bc1ccd2dcc1cc3e948cd.tiff,True,True
2ae016457e8ff8e21723a91b57a96d7d,D:\prostat\train_images\2ae016457e8ff8e21723a91b57a96d7d.tiff,True,True
aaad0b3cad311ccd5d82959e14491fdb,D:\prostat\train_images\aaad0b3cad311ccd5d82959e14491fdb.tiff,True,True
ba8e50f3e374a63eae8af2f9d9a7acb0,D:\prostat\train_images\ba8e50f3e374a63eae8af2f9d9a7acb0.tiff,True,True
bdcf536c984be757589271cd6a80066e,D:\prostat\train_images\bdcf536c984be757589271cd6a80066e.tiff,True,True
fa1a79a5248bf5f5742fb14dabc070c6,D:\prostat\train_images\fa1a79a5248bf5f5742fb14dabc070c6.tiff,True,True
4b6acd6c2e0bbb54e988ca7093d312eb,D:\prostat\train_images\4b6acd6c2e0bbb54e988ca7093d312eb.tiff,True,True
8b012a7302f32e3f7d03c59473992462,D:\prostat\train_images\8b012a7302f32e3f7d03c59473992462.tiff,True,True
a0714e2fe169ac0e6bfcacc028a4f391,D:\prostat\train_images\a0714e2fe169ac0e6bfcacc028a4f391.tiff,True,True
0fcdf945e3bffc4de6384a63733b5572,D:\prostat\train_images\0fcdf945e3bffc4de6384a63733b5572.tiff,True,True
7a24335ccadf8e33ed1a62cafd70f6f2,D:\prostat\train_images\7a24335ccadf8e33ed1a62cafd70f6f2.tiff,True,True
d8dc5358795768819f229a681d2dc483,D:\prostat\train_images\d8dc5358795768819f229a681d2dc483.tiff,True,True
aca465b1eb4bbea86b38939c897a462a,D:\prostat\train_images\aca465b1eb4bbea86b38939c897a462a.tiff,True,True
101a772946573d407bb440a3e38c5684,D:\prostat\train_images\101a772946573d407bb440a3e38c5684.tiff,True,True
34f9cb8a992bc7fab6593d27d59f6abe,D:\prostat\train_images\34f9cb8a992bc7fab6593d27d59f6abe.tiff,True,True
86affd43ac0b016e71332fed824b9108,D:\prostat\train_images\86affd43ac0b016e71332fed824b9108.tiff,True,True
b2d4e1936bbd844314468799f1f35443,D:\prostat\train_images\b2d4e1936bbd844314468799f1f35443.tiff,True,True
cc7108d87539f2f33927e77866055774,D:\prostat\train_images\cc7108d87539f2f33927e77866055774.tiff,True,True
d6a278e15348ef7d083adf43578dfdbd,D:\prostat\train_images\d6a278e15348ef7d083adf43578dfdbd.tiff,True,True
e7b2e7be13f4ec42d08f3c202cbae21c,D:\prostat\train_images\e7b2e7be13f4ec42d08f3c202cbae21c.tiff,True,True
72e0bd3f347c8619508cbf214024f647,D:\prostat\train_images\72e0bd3f347c8619508cbf214024f647.tiff,True,True
63f8656a7b3d99b56154a4098568b894,D:\prostat\train_images\63f8656a7b3d99b56154a4098568b894.tiff,True,True
ec98a1abb0df9d1de21534c1e40698ab,D:\prostat\train_images\ec98a1abb0df9d1de21534c1e40698ab.tiff,True,True
d0acc11d83aab44601a615247aaa1622,D:\prostat\train_images\d0acc11d83aab44601a615247aaa1622.tiff,True,True
cea19364daf850fbabfbdcd07cd145c1,D:\prostat\train_images\cea19364daf850fbabfbdcd07cd145c1.tiff,True,True
204e4ce65d86ea74521e5c7236aa6232,D:\prostat\train_images\204e4ce65d86ea74521e5c7236aa6232.tiff,True,True
dddcb2b194943868b940d25aa3ee6183,D:\prostat\train_images\dddcb2b194943868b940d25aa3ee6183.tiff,True,True
1de948cc0f1296a7351a00312f501f62,D:\prostat\train_images\1de948cc0f1296a7351a00312f501f62.tiff,True,True
e3431a477f2320c8f49cce14add89e41,D:\prostat\train_images\e3431a477f2320c8f49cce14add89e41.tiff,True,True
df41c0b953a75cf30e764321a0493fe3,D:\prostat\train_images\df41c0b953a75cf30e764321a0493fe3.tiff,True,True
35b2e442142f53c58e83e1a0f0636472,D:\prostat\train_images\35b2e442142f53c58e83e1a0f0636472.tiff,True,True
7b917641f2ce238b8ea819f9b0497d3c,D:\prostat\train_images\7b917641f2ce238b8ea819f9b0497d3c.tiff,True,True
963cdce0573b4883f8c416d9808d6e84,D:\prostat\train_images\963cdce0573b4883f8c416d9808d6e84.tiff,True,True
6d451a9fd1764df154ba4c19c16ad79f,D:\prostat\train_images\6d451a9fd1764df154ba4c19c16ad79f.tiff,True,True
917d123875f9235226a28cdef5320302,D:\prostat\train_images\917d123875f9235226a28cdef5320302.tiff,True,True
fca1f600d0d453a15d9251eb505523fc,D:\prostat\train_images\fca1f600d0d453a15d9251eb505523fc.tiff,True,True
cdddbff5034599ef91bdeb764280916c,D:\prostat\train_images\cdddbff5034599ef91bdeb764280916c.tiff,True,True
59aa903a1ceb3e9793bedda411a4a2cd,D:\prostat\train_images\59aa903a1ceb3e9793bedda411a4a2cd.tiff,True,True
e10ea1f294e02f216204a965c2fe09e0,D:\prostat\train_images\e10ea1f294e02f216204a965c2fe09e0.tiff,True,True
f05260d375197325c7cf1775306b9eb4,D:\prostat\train_images\f05260d375197325c7cf1775306b9eb4.tiff,True,True
0501146a8a4c4f0f20309ff360059862,D:\prostat\train_images\0501146a8a4c4f0f20309ff360059862.tiff,True,True
51acf15cbc6a76eb67f442f1d9dfa7a0,D:\prostat\train_images\51acf15cbc6a76eb67f442f1d9dfa7a0.tiff,True,True
8ed11de0354e0571d6972983dfcefd60,D:\prostat\train_images\8ed11de0354e0571d6972983dfcefd60.tiff,True,True
b3c3c28fdfab12058aab2e7f8a37896a,D:\prostat\train_images\b3c3c28fdfab12058aab2e7f8a37896a.tiff,True,True
29392c4ed2a73fc38cdce3db84fa624a,D:\prostat\train_images\29392c4ed2a73fc38cdce3db84fa624a.tiff,True,True
fae6996aeed84a9a75cbe726be46bab3,D:\prostat\train_images\fae6996aeed84a9a75cbe726be46bab3.tiff,True,True
7626a74f93075073e51994c4f3c5f2a5,D:\prostat\train_images\7626a74f93075073e51994c4f3c5f2a5.tiff,True,True
d72d765ec852ae3f40b39fa6111aa1a0,D:\prostat\train_images\d72d765ec852ae3f40b39fa6111aa1a0.tiff,True,True
14d1af536fcad0a2463bd59d34c9f1dc,D:\prostat\train_images\14d1af536fcad0a2463bd59d34c9f1dc.tiff,True,True
c286cf324f3d429aaf5d3f903e5ce634,D:\prostat\train_images\c286cf324f3d429aaf5d3f903e5ce634.tiff,True,True
0f871f7b53fefec938ee7569319f74e2,D:\prostat\train_images\0f871f7b53fefec938ee7569319f74e2.tiff,True,True
8e03d0bfa55336cccbfa604e66a878fb,D:\prostat\train_images\8e03d0bfa55336cccbfa604e66a878fb.tiff,True,True
cb3da5be4fa20fa73ff61d8b6f7d3492,D:\prostat\train_images\cb3da5be4fa20fa73ff61d8b6f7d3492.tiff,True,True
8948231e22708d60c8f855d7cbae5cf3,D:\prostat\train_images\8948231e22708d60c8f855d7cbae5cf3.tiff,True,True
9bb08719f4422442cba4253b2ba34b62,D:\prostat\train_images\9bb08719f4422442cba4253b2ba34b62.tiff,True,True
9e40b83c6ac2b92e2426b717ed1a200e,D:\prostat\train_images\9e40b83c6ac2b92e2426b717ed1a200e.tiff,True,True
1dda4dfc7a97b5f37085727da5852db2,D:\prostat\train_images\1dda4dfc7a97b5f37085727da5852db2.tiff,True,True
84c2a5a9252e223ab8e84010b685dc11,D:\prostat\train_images\84c2a5a9252e223ab8e84010b685dc11.tiff,True,True
aabf04e96b9413a43527cd933de53a31,D:\prostat\train_images\aabf04e96b9413a43527cd933de53a31.tiff,True,True
77e19d39a45757f4de12589e87d83312,D:\prostat\train_images\77e19d39a45757f4de12589e87d83312.tiff,True,True
69ec87fc8b561ab7d3ba7b86b10e2356,D:\prostat\train_images\69ec87fc8b561ab7d3ba7b86b10e2356.tiff,True,True
d451ec7b30cdbf594212c1bf7549a212,D:\prostat\train_images\d451ec7b30cdbf594212c1bf7549a212.tiff,True,True
8b48c767af9bb73efebdd338e8f07891,D:\prostat\train_images\8b48c767af9bb73efebdd338e8f07891.tiff,True,True
a4a6631cd1b0ff0b8df03675f8debad8,D:\prostat\train_images\a4a6631cd1b0ff0b8df03675f8debad8.tiff,True,True
70f71c6fa7ad2baeaff157a299e276a0,D:\prostat\train_images\70f71c6fa7ad2baeaff157a299e276a0.tiff,True,True
4a139d2a586bba55c6389985432780ea,D:\prostat\train_images\4a139d2a586bba55c6389985432780ea.tiff,True,True
cf55f513b16209a90e3d71b1f5234c95,D:\prostat\train_images\cf55f513b16209a90e3d71b1f5234c95.tiff,True,True
fb4fc6ed5524cdb6492d80bcc0a8f6e4,D:\prostat\train_images\fb4fc6ed5524cdb6492d80bcc0a8f6e4.tiff,True,True
0789100b2b992fa6f2f281a65fa06db1,D:\prostat\train_images\0789100b2b992fa6f2f281a65fa06db1.tiff,True,True
be06224070078f6c0e89c247768c7cd4,D:\prostat\train_images\be06224070078f6c0e89c247768c7cd4.tiff,True,True
7120c2334b94794a94cf54a4ef1a2303,D:\prostat\train_images\7120c2334b94794a94cf54a4ef1a2303.tiff,True,True
d3dd5bb57e15006aae47d7be82b94438,D:\prostat\train_images\d3dd5bb57e15006aae47d7be82b94438.tiff,True,True
ee7a0b58f510f1f47bfc4ad434f7ddd4,D:\prostat\train_images\ee7a0b58f510f1f47bfc4ad434f7ddd4.tiff,True,True
8a80defb01a1065b67e9ae7dd65ac165,D:\prostat\train_images\8a80defb01a1065b67e9ae7dd65ac165.tiff,True,True
8bdc3910c484c12ed3b0752ab704d539,D:\prostat\train_images\8bdc3910c484c12ed3b0752ab704d539.tiff,True,True
7e11c52b13383a5b0d309fbdb2df0185,D:\prostat\train_images\7e11c52b13383a5b0d309fbdb2df0185.tiff,True,True
1ef4397ef01bbb2381980977b361025a,D:\prostat\train_images\1ef4397ef01bbb2381980977b361025a.tiff,True,True
96e6ff0b83b4aa096f0042d3a8abd4c5,D:\prostat\train_images\96e6ff0b83b4aa096f0042d3a8abd4c5.tiff,True,True
9fa46cfece4259875670f7e788b3326d,D:\prostat\train_images\9fa46cfece4259875670f7e788b3326d.tiff,True,True
85023ba8cc7feea2e418d107c5bb8e92,D:\prostat\train_images\85023ba8cc7feea2e418d107c5bb8e92.tiff,True,True
79c4f98b053a943b41bdc8d47ead9013,D:\prostat\train_images\79c4f98b053a943b41bdc8d47ead9013.tiff,True,True
44dc73a9af8cd93c44706b4152bb449a,D:\prostat\train_images\44dc73a9af8cd93c44706b4152bb449a.tiff,True,True
55f1501ba2898b8842543c1aeb28c891,D:\prostat\train_images\55f1501ba2898b8842543c1aeb28c891.tiff,True,True
2cd0af2f881832c9f718c8f435048cd4,D:\prostat\train_images\2cd0af2f881832c9f718c8f435048cd4.tiff,True,True
4d65e71e1e9562f67cebf7cfb462c5ae,D:\prostat\train_images\4d65e71e1e9562f67cebf7cfb462c5ae.tiff,True,True
f6c0aa4b8c3f21c9077ea8bb373b4c84,D:\prostat\train_images\f6c0aa4b8c3f21c9077ea8bb373b4c84.tiff,True,True
340a470bf7a9667523386de85bafa32f,D:\prostat\train_images\340a470bf7a9667523386de85bafa32f.tiff,True,True
8e8607e7d0a40548501bbb0c8f4ca697,D:\prostat\train_images\8e8607e7d0a40548501bbb0c8f4ca697.tiff,True,True
6cc0dd4d822245ba07dba7fda2b3e57c,D:\prostat\train_images\6cc0dd4d822245ba07dba7fda2b3e57c.tiff,True,True
e90abe191f61b6fed6d6781c8305fe4b,D:\prostat\train_images\e90abe191f61b6fed6d6781c8305fe4b.tiff,True,True
5754cf219e01bd9b8bae58fcdbfa9ce9,D:\prostat\train_images\5754cf219e01bd9b8bae58fcdbfa9ce9.tiff,True,True
ae3c2f3cc03b65e5810bf5655f60fbb7,D:\prostat\train_images\ae3c2f3cc03b65e5810bf5655f60fbb7.tiff,True,True
9f94f5b3ae0b2cf5b345a46ba1a32f1b,D:\prostat\train_images\9f94f5b3ae0b2cf5b345a46ba1a32f1b.tiff,True,True
b463add08c217ce6678245a9873e38fe,D:\prostat\train_images\b463add08c217ce6678245a9873e38fe.tiff,True,True
6bb4cd81976d643a0fdb67c50636d01c,D:\prostat\train_images\6bb4cd81976d643a0fdb67c50636d01c.tiff,True,True
cb64b562b53fad75ad9a575bb9150c00,D:\prostat\train_images\cb64b562b53fad75ad9a575bb9150c00.tiff,True,True
ab0c6950b69d38008bea90173b44aefa,D:\prostat\train_images\ab0c6950b69d38008bea90173b44aefa.tiff,True,True
1e644a98460e4f7ea50717720a001efd,D:\prostat\train_images\1e644a98460e4f7ea50717720a001efd.tiff,True,True
63405137826f43487be86096f7191a76,D:\prostat\train_images\63405137826f43487be86096f7191a76.tiff,True,True
99bc60c2d554be9304993efa0a5ef740,D:\prostat\train_images\99bc60c2d554be9304993efa0a5ef740.tiff,True,True
16ef750c637aff5133cac9c3c5176431,D:\prostat\train_images\16ef750c637aff5133cac9c3c5176431.tiff,True,True
e16d8af9ff08e6af48ab539765fe0de7,D:\prostat\train_images\e16d8af9ff08e6af48ab539765fe0de7.tiff,True,True
6af8999282337b9d7255ad5b12fe3909,D:\prostat\train_images\6af8999282337b9d7255ad5b12fe3909.tiff,True,True
92d641eafe819ad90148027f5da9afd3,D:\prostat\train_images\92d641eafe819ad90148027f5da9afd3.tiff,True,True
85924446350920fb124b657160c966d7,D:\prostat\train_images\85924446350920fb124b657160c966d7.tiff,True,True
468a129567112962f29931a4f8131587,D:\prostat\train_images\468a129567112962f29931a4f8131587.tiff,True,True
dbd4f6f4fee92f77e8847f704635df6a,D:\prostat\train_images\dbd4f6f4fee92f77e8847f704635df6a.tiff,True,True
0dfd3861c03378ff72a1d6607ea72829,D:\prostat\train_images\0dfd3861c03378ff72a1d6607ea72829.tiff,True,True
61b39e218e57b00f7453dff2837fa16b,D:\prostat\train_images\61b39e218e57b00f7453dff2837fa16b.tiff,True,True
c17fbe7ddf1c9b5993bb144c00d5136b,D:\prostat\train_images\c17fbe7ddf1c9b5993bb144c00d5136b.tiff,True,True
d73e0b560ab432a9606ecf0ffe99b67e,D:\prostat\train_images\d73e0b560ab432a9606ecf0ffe99b67e.tiff,True,True
2900c4adc2de0d0e57f2da522a337410,D:\prostat\train_images\2900c4adc2de0d0e57f2da522a337410.tiff,True,True
45bc46a31180f65994e37850418e237b,D:\prostat\train_images\45bc46a31180f65994e37850418e237b.tiff,True,True
9f417ac219c2a547808dd1c143f66e27,D:\prostat\train_images\9f417ac219c2a547808dd1c143f66e27.tiff,True,True
b32c022c602405cbdd8c23ab0a4773d6,D:\prostat\train_images\b32c022c602405cbdd8c23ab0a4773d6.tiff,True,True
23ec43578519dac256b3f6ce800b82e7,D:\prostat\train_images\23ec43578519dac256b3f6ce800b82e7.tiff,True,True
14d85920aa1445d33deaa0d5ff443fd5,D:\prostat\train_images\14d85920aa1445d33deaa0d5ff443fd5.tiff,True,True
825c6002ff3ab0e041ebd7025ba41b4f,D:\prostat\train_images\825c6002ff3ab0e041ebd7025ba41b4f.tiff,True,True
86e9f3d79f01fef41988dd51ca75adbb,D:\prostat\train_images\86e9f3d79f01fef41988dd51ca75adbb.tiff,True,True
e10d5f4e9dd5c9adb81bbe1a744866ec,D:\prostat\train_images\e10d5f4e9dd5c9adb81bbe1a744866ec.tiff,True,True
9e9ace16f4d20d98a65d3936b953f442,D:\prostat\train_images\9e9ace16f4d20d98a65d3936b953f442.tiff,True,True
68f4d04f60368beedcf85796393f45c9,D:\prostat\train_images\68f4d04f60368beedcf85796393f45c9.tiff,True,True
fdb9d38ce2b5a1d31bb030cd2d3a03b9,D:\prostat\train_images\fdb9d38ce2b5a1d31bb030cd2d3a03b9.tiff,True,True
1806b2c1ff66377269ffc9a26ffde9d7,D:\prostat\train_images\1806b2c1ff66377269ffc9a26ffde9d7.tiff,True,True
2eb5bcf03e017074aeab169637feb019,D:\prostat\train_images\2eb5bcf03e017074aeab169637feb019.tiff,True,True
54cec2f3453d7b16499791f8bf5c882d,D:\prostat\train_images\54cec2f3453d7b16499791f8bf5c882d.tiff,True,True
2f3d3eff62b40b0e7a14f0ccbdfde2f8,D:\prostat\train_images\2f3d3eff62b40b0e7a14f0ccbdfde2f8.tiff,True,True
7a037cc442f5e4795192c1631d5af535,D:\prostat\train_images\7a037cc442f5e4795192c1631d5af535.tiff,True,True
ce6affc23b0d11aebf574b6d14e26b79,D:\prostat\train_images\ce6affc23b0d11aebf574b6d14e26b79.tiff,True,True
ff80dfefc41b8863b476c5840f88fec0,D:\prostat\train_images\ff80dfefc41b8863b476c5840f88fec0.tiff,True,True
28c34a837397ac08f276bfac99af6daf,D:\prostat\train_images\28c34a837397ac08f276bfac99af6daf.tiff,True,True
c49e42400702d46c33351ec9e74ccd30,D:\prostat\train_images\c49e42400702d46c33351ec9e74ccd30.tiff,True,True
ebd3d4bfc5d1e9ce090e342869cbdefe,D:\prostat\train_images\ebd3d4bfc5d1e9ce090e342869cbdefe.tiff,True,True
678cd7da1af4a3ce24689c389fb82fd5,D:\prostat\train_images\678cd7da1af4a3ce24689c389fb82fd5.tiff,True,True
2b12c146454d425994569aa61bceb435,D:\prostat\train_images\2b12c146454d425994569aa61bceb435.tiff,True,True
4b6ed79396add87dafb5a4d6846c6972,D:\prostat\train_images\4b6ed79396add87dafb5a4d6846c6972.tiff,True,True
05812e40387f49e4b21a7bfeca0cca2d,D:\prostat\train_images\05812e40387f49e4b21a7bfeca0cca2d.tiff,True,True
83c1a647fece3c47e101b9e53b1fff0a,D:\prostat\train_images\83c1a647fece3c47e101b9e53b1fff0a.tiff,True,True
e8efa9929870f9695be85d3ee7276518,D:\prostat\train_images\e8efa9929870f9695be85d3ee7276518.tiff,True,True
b87f6437fa78d839439ac3052ae57ac2,D:\prostat\train_images\b87f6437fa78d839439ac3052ae57ac2.tiff,True,True
957cf20a917829002fc55aeecaef794c,D:\prostat\train_images\957cf20a917829002fc55aeecaef794c.tiff,True,True
d5eeb98864c5c06106420f8af7b24e8b,D:\prostat\train_images\d5eeb98864c5c06106420f8af7b24e8b.tiff,True,True
88d828c35fb9072e4de849b75fe9f721,D:\prostat\train_images\88d828c35fb9072e4de849b75fe9f721.tiff,True,True
f745878fb0158e4a39cdebce31d6c4ba,D:\prostat\train_images\f745878fb0158e4a39cdebce31d6c4ba.tiff,True,True
03c518ce7998b55e5b33d3cf76391fe0,D:\prostat\train_images\03c518ce7998b55e5b33d3cf76391fe0.tiff,True,True
27556fdb820073abe367089a67ab87d3,D:\prostat\train_images\27556fdb820073abe367089a67ab87d3.tiff,True,True
77a8d4500bd331027b965e1b1e581ab1,D:\prostat\train_images\77a8d4500bd331027b965e1b1e581ab1.tiff,True,True
a18d6821151df6f86203ed6812b285ab,D:\prostat\train_images\a18d6821151df6f86203ed6812b285ab.tiff,True,True
c57f886720b4042062b470f807bf1212,D:\prostat\train_images\c57f886720b4042062b470f807bf1212.tiff,True,True
d2711770cdfacb1f41296664d53a5c51,D:\prostat\train_images\d2711770cdfacb1f41296664d53a5c51.tiff,True,True
f29ba486c7737edeed823f93b9fe25fc,D:\prostat\train_images\f29ba486c7737edeed823f93b9fe25fc.tiff,True,True
abc48431c594fdbb2441e59e9572bee6,D:\prostat\train_images\abc48431c594fdbb2441e59e9572bee6.tiff,True,True
090a77c517a7a2caa23e443a77a78bc7,D:\prostat\train_images\090a77c517a7a2caa23e443a77a78bc7.tiff,True,True
00d8a8c04886379e266406fdeff81c45,D:\prostat\train_images\00d8a8c04886379e266406fdeff81c45.tiff,True,True
497b7731f13ad07c0afe2dd81c52e021,D:\prostat\train_images\497b7731f13ad07c0afe2dd81c52e021.tiff,True,True
8af54c71033c8019017490db924dab70,D:\prostat\train_images\8af54c71033c8019017490db924dab70.tiff,True,True
dd6e5d9f8560b0fa53b25d0ac43a7f62,D:\prostat\train_images\dd6e5d9f8560b0fa53b25d0ac43a7f62.tiff,True,True
b07c8235c0ffccec16ec7caa70c1d4a9,D:\prostat\train_images\b07c8235c0ffccec16ec7caa70c1d4a9.tiff,True,True
c6c9d038c0d0655738c3845ba21e4f08,D:\prostat\train_images\c6c9d038c0d0655738c3845ba21e4f08.tiff,True,True
3b1a389348b3caccc230ca8693c52f93,D:\prostat\train_images\3b1a389348b3caccc230ca8693c52f93.tiff,True,True
ebcbe0cbe5aee5f63c5bed754f3c8be0,D:\prostat\train_images\ebcbe0cbe5aee5f63c5bed754f3c8be0.tiff,True,True
e8b55cf005b13b68d988de5b8ea3da95,D:\prostat\train_images\e8b55cf005b13b68d988de5b8ea3da95.tiff,True,True
3f316d47791713e958f9383d049de6dc,D:\prostat\train_images\3f316d47791713e958f9383d049de6dc.tiff,True,True
c121ab04b9ca50cce4453df738a1d6f5,D:\prostat\train_images\c121ab04b9ca50cce4453df738a1d6f5.tiff,True,True
b53d446fbf97184b24acd35dc7f34429,D:\prostat\train_images\b53d446fbf97184b24acd35dc7f34429.tiff,True,True
f526a2ca5612d5913984a67edabaf991,D:\prostat\train_images\f526a2ca5612d5913984a67edabaf991.tiff,True,True
31c2c473c5f4101dbb928548bd176ae7,D:\prostat\train_images\31c2c473c5f4101dbb928548bd176ae7.tiff,True,True
f297a5e48cdfbd7e8fad7690f6ed6276,D:\prostat\train_images\f297a5e48cdfbd7e8fad7690f6ed6276.tiff,True,True
4f323a5ac8121588c5ddad88eef0f0e5,D:\prostat\train_images\4f323a5ac8121588c5ddad88eef0f0e5.tiff,True,True
d00866f3a286162b27e7a466cb88eb9f,D:\prostat\train_images\d00866f3a286162b27e7a466cb88eb9f.tiff,True,True
937d1baa30563087075199d0756f980d,D:\prostat\train_images\937d1baa30563087075199d0756f980d.tiff,True,True
83a8c0c0755191b2e4a20869efd63cc0,D:\prostat\train_images\83a8c0c0755191b2e4a20869efd63cc0.tiff,True,True
b162d746859235b3c48c02bdd503b8e1,D:\prostat\train_images\b162d746859235b3c48c02bdd503b8e1.tiff,True,True
dee6f372d17c4f4457948f38d13970e9,D:\prostat\train_images\dee6f372d17c4f4457948f38d13970e9.tiff,True,True
fd2c0fd3dccaa4eb53ac8cae0a366969,D:\prostat\train_images\fd2c0fd3dccaa4eb53ac8cae0a366969.tiff,True,True
21d90fcd566bcc6dc30b056ba7675a32,D:\prostat\train_images\21d90fcd566bcc6dc30b056ba7675a32.tiff,True,True
203256da67cb1aab601d3af3f13d5db5,D:\prostat\train_images\203256da67cb1aab601d3af3f13d5db5.tiff,True,True
457db79e5e10857212057da87a95f066,D:\prostat\train_images\457db79e5e10857212057da87a95f066.tiff,True,True
760c42976ae580bcfe3381ccb4bc2a2e,D:\prostat\train_images\760c42976ae580bcfe3381ccb4bc2a2e.tiff,True,True
738dc44527924dc7229e284254e76362,D:\prostat\train_images\738dc44527924dc7229e284254e76362.tiff,True,True
06fe0864a99a2e0cd32cb141b7808912,D:\prostat\train_images\06fe0864a99a2e0cd32cb141b7808912.tiff,True,True
c7bc54c0badbe7691fe5324a83f19cee,D:\prostat\train_images\c7bc54c0badbe7691fe5324a83f19cee.tiff,True,True
66617150a489dc0628762098b0fd8e99,D:\prostat\train_images\66617150a489dc0628762098b0fd8e99.tiff,True,True
1f6a82e2a74957e7ad3d960ee0d0d6a5,D:\prostat\train_images\1f6a82e2a74957e7ad3d960ee0d0d6a5.tiff,True,True
c86e99892a6b79cfb79b2770530b4864,D:\prostat\train_images\c86e99892a6b79cfb79b2770530b4864.tiff,True,True
f59aa908b06ae529d212effa3888e2ea,D:\prostat\train_images\f59aa908b06ae529d212effa3888e2ea.tiff,True,True
d844c98b020831cd13e0dbed2f72e719,D:\prostat\train_images\d844c98b020831cd13e0dbed2f72e719.tiff,True,True
99cc5f5b9f1a86c14dc1970defb07799,D:\prostat\train_images\99cc5f5b9f1a86c14dc1970defb07799.tiff,True,True
03ca7f8d8c993d3959daf10ef57f4489,D:\prostat\train_images\03ca7f8d8c993d3959daf10ef57f4489.tiff,True,True
0b180497f297ce3ae7bba222099115d7,D:\prostat\train_images\0b180497f297ce3ae7bba222099115d7.tiff,True,True
9e03b5aae46d92a1442fd7e439b0c6bd,D:\prostat\train_images\9e03b5aae46d92a1442fd7e439b0c6bd.tiff,True,True
4747cb458c0eb0122fe1624184d3b2e0,D:\prostat\train_images\4747cb458c0eb0122fe1624184d3b2e0.tiff,True,True
1b965b82acd903a38a837ae3d80ce5b9,D:\prostat\train_images\1b965b82acd903a38a837ae3d80ce5b9.tiff,True,True
a984d6acdf209063c490a921cfc53b64,D:\prostat\train_images\a984d6acdf209063c490a921cfc53b64.tiff,True,True
d931f2fc50aca040ea3fd6e917666483,D:\prostat\train_images\d931f2fc50aca040ea3fd6e917666483.tiff,True,True
32ff402bc897175da9f8cef21d98e3f7,D:\prostat\train_images\32ff402bc897175da9f8cef21d98e3f7.tiff,True,True
9b2948ff81b64677a1a152a1532c1a50,D:\prostat\train_images\9b2948ff81b64677a1a152a1532c1a50.tiff,True,True
3c027405c5707d7ba2b67e75a652ba62,D:\prostat\train_images\3c027405c5707d7ba2b67e75a652ba62.tiff,True,True
f0185737bdd21451a34f41515395244f,D:\prostat\train_images\f0185737bdd21451a34f41515395244f.tiff,True,True
83a54cb1fd656a3cdbd7ac9ffbba9d06,D:\prostat\train_images\83a54cb1fd656a3cdbd7ac9ffbba9d06.tiff,True,True
341c392a86a83c179d50ff99330f067c,D:\prostat\train_images\341c392a86a83c179d50ff99330f067c.tiff,True,True
58d439e1cf180a952bd059b6be710665,D:\prostat\train_images\58d439e1cf180a952bd059b6be710665.tiff,True,True
2ede85ae0f0e328331f28b2f9a09d29f,D:\prostat\train_images\2ede85ae0f0e328331f28b2f9a09d29f.tiff,True,True
17f8d9e0325c50e08ea3a4705988842b,D:\prostat\train_images\17f8d9e0325c50e08ea3a4705988842b.tiff,True,True
40d8910aae2678a68e643f3e01cceb1d,D:\prostat\train_images\40d8910aae2678a68e643f3e01cceb1d.tiff,True,True
72b0a410071190d5322512fdf244eec4,D:\prostat\train_images\72b0a410071190d5322512fdf244eec4.tiff,True,True
871709830d72446075ea1b7f0602b1d7,D:\prostat\train_images\871709830d72446075ea1b7f0602b1d7.tiff,True,True
1ee1681eddf2ebd32e9207c583db4d09,D:\prostat\train_images\1ee1681eddf2ebd32e9207c583db4d09.tiff,True,True
dbfc9c44024301555f3cc9118f1f3628,D:\prostat\train_images\dbfc9c44024301555f3cc9118f1f3628.tiff,True,True
cf4938eb30ad64f2e955ad04e90520bb,D:\prostat\train_images\cf4938eb30ad64f2e955ad04e90520bb.tiff,True,True
c8ca4858e14ad4bc1a466796f147f1ca,D:\prostat\train_images\c8ca4858e14ad4bc1a466796f147f1ca.tiff,True,True
6ea2b59534558f0d4b86d1a3891d611d,D:\prostat\train_images\6ea2b59534558f0d4b86d1a3891d611d.tiff,True,True
62a71ed08b3b22927770cebec65e380a,D:\prostat\train_images\62a71ed08b3b22927770cebec65e380a.tiff,True,True
70d2cd1db18265d9f01addecdfe13d7f,D:\prostat\train_images\70d2cd1db18265d9f01addecdfe13d7f.tiff,True,True
a5e2deac3b93d0f64589072881e39ca7,D:\prostat\train_images\a5e2deac3b93d0f64589072881e39ca7.tiff,True,True
30b37bbf7aed29914e4f117eb66f8783,D:\prostat\train_images\30b37bbf7aed29914e4f117eb66f8783.tiff,True,True
f36f5d64f33b3a4d7d9756bbd0048cd0,D:\prostat\train_images\f36f5d64f33b3a4d7d9756bbd0048cd0.tiff,True,True
343071a8c11157ff068bfcdbc0f76ca9,D:\prostat\train_images\343071a8c11157ff068bfcdbc0f76ca9.tiff,True,True
3e28c4f7e177ff4bd6d5b6c32a15d28b,D:\prostat\train_images\3e28c4f7e177ff4bd6d5b6c32a15d28b.tiff,True,True
a21de143bd5da5e90b185bdd8811a535,D:\prostat\train_images\a21de143bd5da5e90b185bdd8811a535.tiff,True,True
db8c4deefe2d5e672481418e9c7fcb99,D:\prostat\train_images\db8c4deefe2d5e672481418e9c7fcb99.tiff,True,True
6cfaf603c5b30bacd9363448ca9fe57f,D:\prostat\train_images\6cfaf603c5b30bacd9363448ca9fe57f.tiff,True,True
433f2b1a2fae8d5143c1b5d7e63d3ec1,D:\prostat\train_images\433f2b1a2fae8d5143c1b5d7e63d3ec1.tiff,True,True
5098373560457463b80922a7357be23c,D:\prostat\train_images\5098373560457463b80922a7357be23c.tiff,True,True
2a0f517e43256b1e6580c389d95cc96b,D:\prostat\train_images\2a0f517e43256b1e6580c389d95cc96b.tiff,True,True
d3b34f76b7192172d6ace4f167cb3924,D:\prostat\train_images\d3b34f76b7192172d6ace4f167cb3924.tiff,True,True
541ca59ea8cf6d83fd1f84351934663a,D:\prostat\train_images\541ca59ea8cf6d83fd1f84351934663a.tiff,True,True
1aa9e4bf5ddf5317e7ff4366a56a8fb6,D:\prostat\train_images\1aa9e4bf5ddf5317e7ff4366a56a8fb6.tiff,True,True
825c8dd05f247898e8a10cd19118805c,D:\prostat\train_images\825c8dd05f247898e8a10cd19118805c.tiff,True,True
e0c98a507ee52f1e87d59390537298db,D:\prostat\train_images\e0c98a507ee52f1e87d59390537298db.tiff,True,True
8ac5528e72bb7fb3e3b0be31ad1f0f20,D:\prostat\train_images\8ac5528e72bb7fb3e3b0be31ad1f0f20.tiff,True,True
cb9467b3ebfe0885daa1f6f2ce03196f,D:\prostat\train_images\cb9467b3ebfe0885daa1f6f2ce03196f.tiff,True,True
a56ae1d3606285c478b66fd417093c25,D:\prostat\train_images\a56ae1d3606285c478b66fd417093c25.tiff,True,True
21dcd35e0e0aaa2e5453c871874a8ae1,D:\prostat\train_images\21dcd35e0e0aaa2e5453c871874a8ae1.tiff,True,True
aec8c9de53039867c46c17647b800778,D:\prostat\train_images\aec8c9de53039867c46c17647b800778.tiff,True,True
864442925e04b7c4018f5c6eeb021212,D:\prostat\train_images\864442925e04b7c4018f5c6eeb021212.tiff,True,True
84a64d55903e7dfbad5e59693be25669,D:\prostat\train_images\84a64d55903e7dfbad5e59693be25669.tiff,True,True
61b3752ad80e246f426e82a72ab8f238,D:\prostat\train_images\61b3752ad80e246f426e82a72ab8f238.tiff,True,True
2a8e0ac626666a2e86b868ff22249946,D:\prostat\train_images\2a8e0ac626666a2e86b868ff22249946.tiff,True,True
9d37a84912687a7594646ce21657db2c,D:\prostat\train_images\9d37a84912687a7594646ce21657db2c.tiff,True,True
89d6d529bd9f478c421a03df16c7f462,D:\prostat\train_images\89d6d529bd9f478c421a03df16c7f462.tiff,True,True
d68a58ba39e3d072bf9e5a1486465bb5,D:\prostat\train_images\d68a58ba39e3d072bf9e5a1486465bb5.tiff,True,True
f96db577fb4251fe7952c30bc5be09e2,D:\prostat\train_images\f96db577fb4251fe7952c30bc5be09e2.tiff,True,True
f232c70ab2ac94bd8efc9c6dde740013,D:\prostat\train_images\f232c70ab2ac94bd8efc9c6dde740013.tiff,True,True
dd025ef522443f0f1e0f2282d7145dde,D:\prostat\train_images\dd025ef522443f0f1e0f2282d7145dde.tiff,True,True
6ccff9b19aed0779af75101e6f468dfb,D:\prostat\train_images\6ccff9b19aed0779af75101e6f468dfb.tiff,True,True
f367f6252be10578dcadc00ded89ecd5,D:\prostat\train_images\f367f6252be10578dcadc00ded89ecd5.tiff,True,True
70a840557099db07a37542bdf701df90,D:\prostat\train_images\70a840557099db07a37542bdf701df90.tiff,True,True
6953f1acbc18152929c4d8e1924a7b4a,D:\prostat\train_images\6953f1acbc18152929c4d8e1924a7b4a.tiff,True,True
367107929408ad6c749310a0f665bdac,D:\prostat\train_images\367107929408ad6c749310a0f665bdac.tiff,True,True
596ac7795d35e94f080254e0e405c0d3,D:\prostat\train_images\596ac7795d35e94f080254e0e405c0d3.tiff,True,True
7ec0f086a920ce703cd2b74895b9be49,D:\prostat\train_images\7ec0f086a920ce703cd2b74895b9be49.tiff,True,True
a112bfd9f4a972330c8fddf14477e458,D:\prostat\train_images\a112bfd9f4a972330c8fddf14477e458.tiff,True,True
e562ef589d0784d8426c0209bc41de67,D:\prostat\train_images\e562ef589d0784d8426c0209bc41de67.tiff,True,True
5ee438137f5f797a700ba9a867b5e001,D:\prostat\train_images\5ee438137f5f797a700ba9a867b5e001.tiff,True,True
51b9b885a29947706f22bc545238cb84,D:\prostat\train_images\51b9b885a29947706f22bc545238cb84.tiff,True,True
f6e5e4bc75b97fe233285449b0e1fb59,D:\prostat\train_images\f6e5e4bc75b97fe233285449b0e1fb59.tiff,True,True
da1bf67eeb0d10c8021d69a0d6128f15,D:\prostat\train_images\da1bf67eeb0d10c8021d69a0d6128f15.tiff,True,True
71fc7343524aad2c6953b454f7dce67c,D:\prostat\train_images\71fc7343524aad2c6953b454f7dce67c.tiff,True,True
60cd3ff208f41abe56a6fd7c594dc103,D:\prostat\train_images\60cd3ff208f41abe56a6fd7c594dc103.tiff,True,True
62a348a227dfe4006295ea31ce48c4b3,D:\prostat\train_images\62a348a227dfe4006295ea31ce48c4b3.tiff,True,True
e573d5bd029fefceb5463707eb41a03a,D:\prostat\train_images\e573d5bd029fefceb5463707eb41a03a.tiff,True,True
2d1ab39f0ff6e7285467da5c26750d20,D:\prostat\train_images\2d1ab39f0ff6e7285467da5c26750d20.tiff,True,True
02ed1bc414852efe74deb5a44bb86336,D:\prostat\train_images\02ed1bc414852efe74deb5a44bb86336.tiff,True,True
163fabe883fcd17de4f899ca8ede45a8,D:\prostat\train_images\163fabe883fcd17de4f899ca8ede45a8.tiff,True,True
b6b7accb239bacc0e3a8455acf3833fd,D:\prostat\train_images\b6b7accb239bacc0e3a8455acf3833fd.tiff,True,True
46247d80557447a1ee718f12f1daba3c,D:\prostat\train_images\46247d80557447a1ee718f12f1daba3c.tiff,True,True
eced1d0653f7c472814889665013f114,D:\prostat\train_images\eced1d0653f7c472814889665013f114.tiff,True,True
504412fae0060c9e33565ee870c5f9b3,D:\prostat\train_images\504412fae0060c9e33565ee870c5f9b3.tiff,True,True
5ea3b6705b0f21ed9cbe1899677a2ae9,D:\prostat\train_images\5ea3b6705b0f21ed9cbe1899677a2ae9.tiff,True,True
eb2f1b1d27fbae69c7467a6bfd0ef5a8,D:\prostat\train_images\eb2f1b1d27fbae69c7467a6bfd0ef5a8.tiff,True,True
4002b1133f43037e87085d13da0db7b7,D:\prostat\train_images\4002b1133f43037e87085d13da0db7b7.tiff,True,True
5204134e82ce75b1109cc1913d81abc6,D:\prostat\train_images\5204134e82ce75b1109cc1913d81abc6.tiff,True,True
f2cdbdce3204d8c92da1db6034ff6a19,D:\prostat\train_images\f2cdbdce3204d8c92da1db6034ff6a19.tiff,True,True
467e6dae0cb2eb1af21e9cc3c602fde7,D:\prostat\train_images\467e6dae0cb2eb1af21e9cc3c602fde7.tiff,True,True
ff328f9aacb5c8844fb3907c5da69c77,D:\prostat\train_images\ff328f9aacb5c8844fb3907c5da69c77.tiff,True,True
bda0fab1431ead234fcca4d4466b12d3,D:\prostat\train_images\bda0fab1431ead234fcca4d4466b12d3.tiff,True,True
dae6cec7cfe92958d8586bd9ac1d7383,D:\prostat\train_images\dae6cec7cfe92958d8586bd9ac1d7383.tiff,True,True
2db286ff4d3398fa6538678a6452497f,D:\prostat\train_images\2db286ff4d3398fa6538678a6452497f.tiff,True,True
a0e96b69eb47e1d045721b5181596708,D:\prostat\train_images\a0e96b69eb47e1d045721b5181596708.tiff,True,True
334bfff5b9f41e36cbc1869ea86aad38,D:\prostat\train_images\334bfff5b9f41e36cbc1869ea86aad38.tiff,True,True
01fe87e27518936463e751691db8f730,D:\prostat\train_images\01fe87e27518936463e751691db8f730.tiff,True,True
7e8136cda906272497595cfb2088f4c4,D:\prostat\train_images\7e8136cda906272497595cfb2088f4c4.tiff,True,True
e02e32f144507cd186bc132d182cfdcc,D:\prostat\train_images\e02e32f144507cd186bc132d182cfdcc.tiff,True,True
599648926096c44487968b630f9b4fb9,D:\prostat\train_images\599648926096c44487968b630f9b4fb9.tiff,True,True
87a463cb0b4da2f78e25cd0986475367,D:\prostat\train_images\87a463cb0b4da2f78e25cd0986475367.tiff,True,True
5483378d5b753f44d72b0c415b378529,D:\prostat\train_images\5483378d5b753f44d72b0c415b378529.tiff,True,True
53f9f8b1c02567febb3209a7671117c1,D:\prostat\train_images\53f9f8b1c02567febb3209a7671117c1.tiff,True,True
a66acc12fbf3f3d375bac7f768336aa5,D:\prostat\train_images\a66acc12fbf3f3d375bac7f768336aa5.tiff,True,True
7df851526f6b96fb36918417d70c559a,D:\prostat\train_images\7df851526f6b96fb36918417d70c559a.tiff,True,True
8175be020f3cf362e1cf5b797bd7a429,D:\prostat\train_images\8175be020f3cf362e1cf5b797bd7a429.tiff,True,True
e704b6e827e5e2b4eeecdd280d6fbe8f,D:\prostat\train_images\e704b6e827e5e2b4eeecdd280d6fbe8f.tiff,True,True
ff1896ab1d89b36e8de1922feb21fa8a,D:\prostat\train_images\ff1896ab1d89b36e8de1922feb21fa8a.tiff,True,True
f73a4bb68c9e268f95ca9d8ce340cce9,D:\prostat\train_images\f73a4bb68c9e268f95ca9d8ce340cce9.tiff,True,True
2a1da196c725cd74cff0d64e7a006551,D:\prostat\train_images\2a1da196c725cd74cff0d64e7a006551.tiff,True,True
b5f2a078a28c53e5271044868a80a74f,D:\prostat\train_images\b5f2a078a28c53e5271044868a80a74f.tiff,True,True
a5e6d53afdf57a843db3e9042f33a10d,D:\prostat\train_images\a5e6d53afdf57a843db3e9042f33a10d.tiff,True,True
69e2eab0eae3bb4ca3650e3854534f32,D:\prostat\train_images\69e2eab0eae3bb4ca3650e3854534f32.tiff,True,True
10c7898fb3c68c0e1b268ddb57590eb3,D:\prostat\train_images\10c7898fb3c68c0e1b268ddb57590eb3.tiff,True,True
325e3be7a65743676ea732b08b9b26d6,D:\prostat\train_images\325e3be7a65743676ea732b08b9b26d6.tiff,True,True
9f1e83226a062a10ceb16bde5cf1a467,D:\prostat\train_images\9f1e83226a062a10ceb16bde5cf1a467.tiff,True,True
f58d3c50b2dce653f173900c37651dd7,D:\prostat\train_images\f58d3c50b2dce653f173900c37651dd7.tiff,True,True
ecad7ce730fc63ac02df4a9da719fa1c,D:\prostat\train_images\ecad7ce730fc63ac02df4a9da719fa1c.tiff,True,True
21dddf092fce415496c5870a23e3266a,D:\prostat\train_images\21dddf092fce415496c5870a23e3266a.tiff,True,True
71f72c0faf8f61d142ab33c4865ca538,D:\prostat\train_images\71f72c0faf8f61d142ab33c4865ca538.tiff,True,True
b2af2b481ff84df45b02df098e9a8e46,D:\prostat\train_images\b2af2b481ff84df45b02df098e9a8e46.tiff,True,True
30714dc10ad30cb8cda2ed487ebd4934,D:\prostat\train_images\30714dc10ad30cb8cda2ed487ebd4934.tiff,True,True
9dc4c474c8f4f01ec503bdcd3043e10a,D:\prostat\train_images\9dc4c474c8f4f01ec503bdcd3043e10a.tiff,True,True
98e4e81e968d40a2b8999f8e6e945a60,D:\prostat\train_images\98e4e81e968d40a2b8999f8e6e945a60.tiff,True,True
dbcfc45f5634deac6e220c62cf942a0c,D:\prostat\train_images\dbcfc45f5634deac6e220c62cf942a0c.tiff,True,True
6c8072d548422d357e97a528a9ce37ec,D:\prostat\train_images\6c8072d548422d357e97a528a9ce37ec.tiff,True,True
bf3467b7d71484452bc834d55ecc88c0,D:\prostat\train_images\bf3467b7d71484452bc834d55ecc88c0.tiff,True,True
f4e3f983033f63b73c0c27dc3b495aab,D:\prostat\train_images\f4e3f983033f63b73c0c27dc3b495aab.tiff,True,True
6a8bc78952e550d8374655274bf3e0fc,D:\prostat\train_images\6a8bc78952e550d8374655274bf3e0fc.tiff,True,True
144fdfa6434011495a994327bff50aa0,D:\prostat\train_images\144fdfa6434011495a994327bff50aa0.tiff,True,True
091b756470ae8748ad9384fb9eb73574,D:\prostat\train_images\091b756470ae8748ad9384fb9eb73574.tiff,True,True
0bdbe5375568e1df2ac1f3aa984081e4,D:\prostat\train_images\0bdbe5375568e1df2ac1f3aa984081e4.tiff,True,True
98c7ea676add7df440b5893d776f7a6d,D:\prostat\train_images\98c7ea676add7df440b5893d776f7a6d.tiff,True,True
83cc96d7745a5a6d2e27c4dcdc9431f8,D:\prostat\train_images\83cc96d7745a5a6d2e27c4dcdc9431f8.tiff,True,True
21842d9a9ebb1e4efb6527fa04163452,D:\prostat\train_images\21842d9a9ebb1e4efb6527fa04163452.tiff,True,True
0c514de56dcdc9d3b7b71173361a5b7b,D:\prostat\train_images\0c514de56dcdc9d3b7b71173361a5b7b.tiff,True,True
49a0c86e2a3844bf8173990d5a5ad279,D:\prostat\train_images\49a0c86e2a3844bf8173990d5a5ad279.tiff,True,True
d5f28a3679e12334214c14d72fe90760,D:\prostat\train_images\d5f28a3679e12334214c14d72fe90760.tiff,True,True
c5a4e4c6224fc6ac14e3e777a04258c1,D:\prostat\train_images\c5a4e4c6224fc6ac14e3e777a04258c1.tiff,True,True
45910500e405b732fd6c0d50c921e3f4,D:\prostat\train_images\45910500e405b732fd6c0d50c921e3f4.tiff,True,True
58db174da2288d958afcc0abf5c6a427,D:\prostat\train_images\58db174da2288d958afcc0abf5c6a427.tiff,True,True
59a74456aabd8137c9297f345f431c71,D:\prostat\train_images\59a74456aabd8137c9297f345f431c71.tiff,True,True
ee690e4e9eb2bc1b23acaa64ecfedb3e,D:\prostat\train_images\ee690e4e9eb2bc1b23acaa64ecfedb3e.tiff,True,True
77086e72bf6d11aa544700a8a3e5da45,D:\prostat\train_images\77086e72bf6d11aa544700a8a3e5da45.tiff,True,True
2529d7548a0f10637e2a6af1c06f2d3a,D:\prostat\train_images\2529d7548a0f10637e2a6af1c06f2d3a.tiff,True,True
b41b3c6ef6d6f620708f59026be02f94,D:\prostat\train_images\b41b3c6ef6d6f620708f59026be02f94.tiff,True,True
94f80c53bdb15bea46fa9ad42bfe7093,D:\prostat\train_images\94f80c53bdb15bea46fa9ad42bfe7093.tiff,True,True
77baa1e549ada2966bd21cb3eb6b5072,D:\prostat\train_images\77baa1e549ada2966bd21cb3eb6b5072.tiff,True,True
b1592124fa872ab5ad10d0d5dbf80a30,D:\prostat\train_images\b1592124fa872ab5ad10d0d5dbf80a30.tiff,True,True
09e7ee8f114d5c39a71113bf04e9d6a8,D:\prostat\train_images\09e7ee8f114d5c39a71113bf04e9d6a8.tiff,True,True
bb0b3a11aafb0768b230a8861d870fd4,D:\prostat\train_images\bb0b3a11aafb0768b230a8861d870fd4.tiff,True,True
2203dab5343f7f0da21b7fce128232db,D:\prostat\train_images\2203dab5343f7f0da21b7fce128232db.tiff,True,True
c4b83afb97bd83a7f8d83ce85cba4dc5,D:\prostat\train_images\c4b83afb97bd83a7f8d83ce85cba4dc5.tiff,True,True
5ac73737e95e35a36d1cdeb5b23cab12,D:\prostat\train_images\5ac73737e95e35a36d1cdeb5b23cab12.tiff,True,True
cf6d2d5e9dd37892e7aeb4cd12f76db3,D:\prostat\train_images\cf6d2d5e9dd37892e7aeb4cd12f76db3.tiff,True,True
1f22040fa64f8ac3d16c27f038b07e62,D:\prostat\train_images\1f22040fa64f8ac3d16c27f038b07e62.tiff,True,True
69f32b20f51e4166809a29e594764865,D:\prostat\train_images\69f32b20f51e4166809a29e594764865.tiff,True,True
8582b59b41635fa38401d1bddad66707,D:\prostat\train_images\8582b59b41635fa38401d1bddad66707.tiff,True,True
bb67cee6297c4c76b83fff361350bc23,D:\prostat\train_images\bb67cee6297c4c76b83fff361350bc23.tiff,True,True
bbfe245b1afa3fe05e45f380b6cbac8d,D:\prostat\train_images\bbfe245b1afa3fe05e45f380b6cbac8d.tiff,True,True
24c94ed90d7bc1ea0353ebf23c887536,D:\prostat\train_images\24c94ed90d7bc1ea0353ebf23c887536.tiff,True,True
7453f914420e9b89a68dae903210b8b8,D:\prostat\train_images\7453f914420e9b89a68dae903210b8b8.tiff,True,True
d5b260922fb628cf83d7960ef02c4e60,D:\prostat\train_images\d5b260922fb628cf83d7960ef02c4e60.tiff,True,True
d8a2411e48aa5feb4fa2ef30d0d7b4b1,D:\prostat\train_images\d8a2411e48aa5feb4fa2ef30d0d7b4b1.tiff,True,True
e5d03ece04ba42ccd467c582a92d667c,D:\prostat\train_images\e5d03ece04ba42ccd467c582a92d667c.tiff,True,True
97b4082f63e7c2840615c9aacf7ba0a6,D:\prostat\train_images\97b4082f63e7c2840615c9aacf7ba0a6.tiff,True,True
0a97bd73cd153b33751d43821ff0a400,D:\prostat\train_images\0a97bd73cd153b33751d43821ff0a400.tiff,True,True
ffe236a25d4cbed59438220799920749,D:\prostat\train_images\ffe236a25d4cbed59438220799920749.tiff,True,True
416319e9adb8ee8ef939608e9ffa6962,D:\prostat\train_images\416319e9adb8ee8ef939608e9ffa6962.tiff,True,True
b82ed1b48b3493902aa7f60e8fd6e795,D:\prostat\train_images\b82ed1b48b3493902aa7f60e8fd6e795.tiff,True,True
45206c040b197610a589574d0345f7ba,D:\prostat\train_images\45206c040b197610a589574d0345f7ba.tiff,True,True
817ba7c0a65b2de36daa0dd30f178f4d,D:\prostat\train_images\817ba7c0a65b2de36daa0dd30f178f4d.tiff,True,True
342ebe047585744a01b924491ecd5222,D:\prostat\train_images\342ebe047585744a01b924491ecd5222.tiff,True,True
78ab08388dcb0af78e8692e9e482952a,D:\prostat\train_images\78ab08388dcb0af78e8692e9e482952a.tiff,True,True
9516b3bb0d6eded8a3095266dc373ad1,D:\prostat\train_images\9516b3bb0d6eded8a3095266dc373ad1.tiff,True,True
8dbc8704ec25e7058252d987bb67b288,D:\prostat\train_images\8dbc8704ec25e7058252d987bb67b288.tiff,True,True
1a66b4d3dbb1089891835d2698c6deec,D:\prostat\train_images\1a66b4d3dbb1089891835d2698c6deec.tiff,True,True
3a58bfbbb6c7828c3bb1d4ddce641d46,D:\prostat\train_images\3a58bfbbb6c7828c3bb1d4ddce641d46.tiff,True,True
9d283bf4e70970f0a5931a65dd0d5211,D:\prostat\train_images\9d283bf4e70970f0a5931a65dd0d5211.tiff,True,True
dfa98f57a4842a0f6d78d0c9e59380fa,D:\prostat\train_images\dfa98f57a4842a0f6d78d0c9e59380fa.tiff,True,True
e7b24e5307a06a2547e4cc31df3e2d1f,D:\prostat\train_images\e7b24e5307a06a2547e4cc31df3e2d1f.tiff,True,True
b9ddd69769597b7910120d47e6a93f06,D:\prostat\train_images\b9ddd69769597b7910120d47e6a93f06.tiff,True,True
cf2d2942b89d99574da83a3dea91d8fe,D:\prostat\train_images\cf2d2942b89d99574da83a3dea91d8fe.tiff,True,True
6553fc05481b944143ac4db2446e98b9,D:\prostat\train_images\6553fc05481b944143ac4db2446e98b9.tiff,True,True
0d369ec1d013037dfa409901c96808b5,D:\prostat\train_images\0d369ec1d013037dfa409901c96808b5.tiff,True,True
a9a2bdda9278e216b19a3a948f4f29ad,D:\prostat\train_images\a9a2bdda9278e216b19a3a948f4f29ad.tiff,True,True
6465a5ab1539fe69d2392408606dfade,D:\prostat\train_images\6465a5ab1539fe69d2392408606dfade.tiff,True,True
59273487fefd0612a56959315cc476a1,D:\prostat\train_images\59273487fefd0612a56959315cc476a1.tiff,True,True
340236fc3587d38939e3dd669bbfe3e8,D:\prostat\train_images\340236fc3587d38939e3dd669bbfe3e8.tiff,True,True
c504a2ef9d6c2f6150037003c5cf3793,D:\prostat\train_images\c504a2ef9d6c2f6150037003c5cf3793.tiff,True,True
c6d58607cc6aeb36e4c1d65fed824e84,D:\prostat\train_images\c6d58607cc6aeb36e4c1d65fed824e84.tiff,True,True
84c4f998d2b48e875c6fe75ea0365f80,D:\prostat\train_images\84c4f998d2b48e875c6fe75ea0365f80.tiff,True,True
8fb12946881047895dd14ed095a99367,D:\prostat\train_images\8fb12946881047895dd14ed095a99367.tiff,True,True
cef4044dc0fb83b93818d1c410591e7b,D:\prostat\train_images\cef4044dc0fb83b93818d1c410591e7b.tiff,True,True
4a13ec6df5b95b9161b6e4c9ca8de864,D:\prostat\train_images\4a13ec6df5b95b9161b6e4c9ca8de864.tiff,True,True
8a992900f5746791539bbaa8a7b15464,D:\prostat\train_images\8a992900f5746791539bbaa8a7b15464.tiff,True,True
90b46d166cca71d23d7158ce41f5863c,D:\prostat\train_images\90b46d166cca71d23d7158ce41f5863c.tiff,True,True
448f3adf7d04225d6e14ace5d1776748,D:\prostat\train_images\448f3adf7d04225d6e14ace5d1776748.tiff,True,True
bbb2cb27e4dde35199f7bf86bd845018,D:\prostat\train_images\bbb2cb27e4dde35199f7bf86bd845018.tiff,True,True
05abe25c883d508ecc15b6e857e59f32,D:\prostat\train_images\05abe25c883d508ecc15b6e857e59f32.tiff,True,True
a4ee1a3f5cdc4faad3b255294bba1cc4,D:\prostat\train_images\a4ee1a3f5cdc4faad3b255294bba1cc4.tiff,True,True
c5710c4b37ee5239e4bf57c55b0a6b6a,D:\prostat\train_images\c5710c4b37ee5239e4bf57c55b0a6b6a.tiff,True,True
60502735df319ec33f862579fb6563d5,D:\prostat\train_images\60502735df319ec33f862579fb6563d5.tiff,True,True
af79e4772667773474dea5134a7d006d,D:\prostat\train_images\af79e4772667773474dea5134a7d006d.tiff,True,True
e1cbad247a96593f8ea911d0edd8cfcb,D:\prostat\train_images\e1cbad247a96593f8ea911d0edd8cfcb.tiff,True,True
695603da155d297ae307ae2d52abfba4,D:\prostat\train_images\695603da155d297ae307ae2d52abfba4.tiff,True,True
3ff66cdd5153f0dcf3edff969f38dd66,D:\prostat\train_images\3ff66cdd5153f0dcf3edff969f38dd66.tiff,True,True
db1d65d349a617c13f53307435d42113,D:\prostat\train_images\db1d65d349a617c13f53307435d42113.tiff,True,True
f00a8cd34ac361a3292c2d2361bbaebe,D:\prostat\train_images\f00a8cd34ac361a3292c2d2361bbaebe.tiff,True,True
28d2e92f40bdd98d7cd5275fa448fe2d,D:\prostat\train_images\28d2e92f40bdd98d7cd5275fa448fe2d.tiff,True,True
39026a5b4f7486acd7ab9d02482ff69b,D:\prostat\train_images\39026a5b4f7486acd7ab9d02482ff69b.tiff,True,True
af4e9bbfb08853b7b2813331fbe5b877,D:\prostat\train_images\af4e9bbfb08853b7b2813331fbe5b877.tiff,True,True
fb568355c1061bc87e886a18f5b4de38,D:\prostat\train_images\fb568355c1061bc87e886a18f5b4de38.tiff,True,True
0cda721ed6ea6bc2826914ddac3cc338,D:\prostat\train_images\0cda721ed6ea6bc2826914ddac3cc338.tiff,True,True
0cee71ab57422e04f76e09ef2186fcd5,D:\prostat\train_images\0cee71ab57422e04f76e09ef2186fcd5.tiff,True,True
7fa9e5162e347814fdf3596f3ebcedd8,D:\prostat\train_images\7fa9e5162e347814fdf3596f3ebcedd8.tiff,True,True
192ef6b5c13cb775f8a1d3047c627d99,D:\prostat\train_images\192ef6b5c13cb775f8a1d3047c627d99.tiff,True,True
bfc79c190fe22ab12658abc19d07593b,D:\prostat\train_images\bfc79c190fe22ab12658abc19d07593b.tiff,True,True
7763fcb754695bb29ee869566c18168e,D:\prostat\train_images\7763fcb754695bb29ee869566c18168e.tiff,True,True
2659c8793ae036bf6e6b1d05a080329d,D:\prostat\train_images\2659c8793ae036bf6e6b1d05a080329d.tiff,True,True
eef8676c5d348ab7f406a81c74c988b5,D:\prostat\train_images\eef8676c5d348ab7f406a81c74c988b5.tiff,True,True
aa288e0ae818acf0dcd09b923c9a1abc,D:\prostat\train_images\aa288e0ae818acf0dcd09b923c9a1abc.tiff,True,True
a25f2880d2b6ab6f5fe7496ac083e51a,D:\prostat\train_images\a25f2880d2b6ab6f5fe7496ac083e51a.tiff,True,True
82dae0379e4a414709c98eb12dd5e711,D:\prostat\train_images\82dae0379e4a414709c98eb12dd5e711.tiff,True,True
f2b60f5df5140efb80fa3b4c2bcb4743,D:\prostat\train_images\f2b60f5df5140efb80fa3b4c2bcb4743.tiff,True,True
a2e0d1c14db909be687d445cb07f786e,D:\prostat\train_images\a2e0d1c14db909be687d445cb07f786e.tiff,True,True
b0b8b9f98e54aefbf88c4fca02fde51b,D:\prostat\train_images\b0b8b9f98e54aefbf88c4fca02fde51b.tiff,True,True
4848dd56a8f4a49a77f8535469b9de1e,D:\prostat\train_images\4848dd56a8f4a49a77f8535469b9de1e.tiff,True,True
79c8f162b231aebb6c639afa3f4395ae,D:\prostat\train_images\79c8f162b231aebb6c639afa3f4395ae.tiff,True,True
a406463af22a5935dd7d7665d1443b14,D:\prostat\train_images\a406463af22a5935dd7d7665d1443b14.tiff,True,True
17e370eedaa11c265e5cabb3601a2fd2,D:\prostat\train_images\17e370eedaa11c265e5cabb3601a2fd2.tiff,True,True
ceee1afde9b68b8b353407a7358aa48e,D:\prostat\train_images\ceee1afde9b68b8b353407a7358aa48e.tiff,True,True
df3d9c53189dd95a5888480835d341a9,D:\prostat\train_images\df3d9c53189dd95a5888480835d341a9.tiff,True,True
30403a9005838f41b3615a20574e398e,D:\prostat\train_images\30403a9005838f41b3615a20574e398e.tiff,True,True
77087895140c470801c962615845e36a,D:\prostat\train_images\77087895140c470801c962615845e36a.tiff,True,True
c071c418f185ef8191b4eddb6efcc316,D:\prostat\train_images\c071c418f185ef8191b4eddb6efcc316.tiff,True,True
283b3a40795ae1992f0ddd56a55c396a,D:\prostat\train_images\283b3a40795ae1992f0ddd56a55c396a.tiff,True,True
096e33f3e3733cf2d584ec362c4e26b7,D:\prostat\train_images\096e33f3e3733cf2d584ec362c4e26b7.tiff,True,True
0d6b78c4294517bd27a007b4e41ebd5e,D:\prostat\train_images\0d6b78c4294517bd27a007b4e41ebd5e.tiff,True,True
7db9ca11d85a90fac1eea60ddba3b881,D:\prostat\train_images\7db9ca11d85a90fac1eea60ddba3b881.tiff,True,True
8a327e4efafb98dee0f93c40e64d761e,D:\prostat\train_images\8a327e4efafb98dee0f93c40e64d761e.tiff,True,True
ee7db8ef1100e67d619ca5513dd55d2d,D:\prostat\train_images\ee7db8ef1100e67d619ca5513dd55d2d.tiff,True,True
02a3870e56dbcb6afd73546af54a8457,D:\prostat\train_images\02a3870e56dbcb6afd73546af54a8457.tiff,True,True
814ed5e5aa4508f47b91cd9397d2105a,D:\prostat\train_images\814ed5e5aa4508f47b91cd9397d2105a.tiff,True,True
6299578ed6388e6b866fc04e931fa15a,D:\prostat\train_images\6299578ed6388e6b866fc04e931fa15a.tiff,True,True
798b6d2cc34c30279d4155deebf16647,D:\prostat\train_images\798b6d2cc34c30279d4155deebf16647.tiff,True,True
0da878110769739fb9439908862be9ba,D:\prostat\train_images\0da878110769739fb9439908862be9ba.tiff,True,True
30fe53074379ef47b2269368ceeb531b,D:\prostat\train_images\30fe53074379ef47b2269368ceeb531b.tiff,True,True
fca2d821dcae271ea5e5851df2f41538,D:\prostat\train_images\fca2d821dcae271ea5e5851df2f41538.tiff,True,True
4cc1691f988cd4596b2a38d1e64c18ce,D:\prostat\train_images\4cc1691f988cd4596b2a38d1e64c18ce.tiff,True,True
f18cbfc916ac8e35595c53c801784470,D:\prostat\train_images\f18cbfc916ac8e35595c53c801784470.tiff,True,True
4b3f9fe89534fa5231f41be4a1a6c739,D:\prostat\train_images\4b3f9fe89534fa5231f41be4a1a6c739.tiff,True,True
13f6953762b4d8fd146b19d2b7514832,D:\prostat\train_images\13f6953762b4d8fd146b19d2b7514832.tiff,True,True
73d77ab122d5236e46e408e73d3f8639,D:\prostat\train_images\73d77ab122d5236e46e408e73d3f8639.tiff,True,True
ea2550ea9814a9ed57936301517e50b0,D:\prostat\train_images\ea2550ea9814a9ed57936301517e50b0.tiff,True,True
110c38159f8cc6780e2cd266baa332ef,D:\prostat\train_images\110c38159f8cc6780e2cd266baa332ef.tiff,True,True
b03acf15d51eac8437639fc77ea84b9f,D:\prostat\train_images\b03acf15d51eac8437639fc77ea84b9f.tiff,True,True
2525882f928dfd824cd2842045982267,D:\prostat\train_images\2525882f928dfd824cd2842045982267.tiff,True,True
66b715d5da126fcd163dd420ca983cf6,D:\prostat\train_images\66b715d5da126fcd163dd420ca983cf6.tiff,True,True
e90c8fb1ab71a448843dfec8f21a15c8,D:\prostat\train_images\e90c8fb1ab71a448843dfec8f21a15c8.tiff,True,True
59afbd8eceb90a30ccfb99eb039fa5eb,D:\prostat\train_images\59afbd8eceb90a30ccfb99eb039fa5eb.tiff,True,True
7eaf35bac398cda4ffe48178e07d384e,D:\prostat\train_images\7eaf35bac398cda4ffe48178e07d384e.tiff,True,True
88fd1b3540f148486d5987f4ba55b02f,D:\prostat\train_images\88fd1b3540f148486d5987f4ba55b02f.tiff,True,True
e98fea6df165f88876bb39889752759f,D:\prostat\train_images\e98fea6df165f88876bb39889752759f.tiff,True,True
1dfdeac1fc181e305aa85de148f0c60f,D:\prostat\train_images\1dfdeac1fc181e305aa85de148f0c60f.tiff,True,True
9275833e274c8ae8d514349c8c05fe2c,D:\prostat\train_images\9275833e274c8ae8d514349c8c05fe2c.tiff,True,True
09509b4bff15ef7a166e7964af2d683c,D:\prostat\train_images\09509b4bff15ef7a166e7964af2d683c.tiff,True,True
cacafc88559ad26efe04463c52195f4c,D:\prostat\train_images\cacafc88559ad26efe04463c52195f4c.tiff,True,True
8fdb492c7886b65948dd0b174f331b21,D:\prostat\train_images\8fdb492c7886b65948dd0b174f331b21.tiff,True,True
205afeef1c18c6455b3a99703cdfb8df,D:\prostat\train_images\205afeef1c18c6455b3a99703cdfb8df.tiff,True,True
e34cba2807a8776c31fa61f63ac567cf,D:\prostat\train_images\e34cba2807a8776c31fa61f63ac567cf.tiff,True,True
0c7d6e0e07621b5582117e9977327b4c,D:\prostat\train_images\0c7d6e0e07621b5582117e9977327b4c.tiff,True,True
c704708bcb669c0198feba47bf9f2c81,D:\prostat\train_images\c704708bcb669c0198feba47bf9f2c81.tiff,True,True
01c977c97e2f5543e65e559d98dec93c,D:\prostat\train_images\01c977c97e2f5543e65e559d98dec93c.tiff,True,True
b0fd3778526aec216e7db68d267c0897,D:\prostat\train_images\b0fd3778526aec216e7db68d267c0897.tiff,True,True
946e85479cd3ac3e73f2698c9cf01806,D:\prostat\train_images\946e85479cd3ac3e73f2698c9cf01806.tiff,True,True
bfdbe56fb7fc4d7b3d151370f897d503,D:\prostat\train_images\bfdbe56fb7fc4d7b3d151370f897d503.tiff,True,True
6c12604ab836dc63afdce3867103865d,D:\prostat\train_images\6c12604ab836dc63afdce3867103865d.tiff,True,True
4e38e2f4a243c8638d2a3077a5d4f6c5,D:\prostat\train_images\4e38e2f4a243c8638d2a3077a5d4f6c5.tiff,True,True
03881bfd835f664da3e62ce6ea025046,D:\prostat\train_images\03881bfd835f664da3e62ce6ea025046.tiff,True,True
6bb9b32790609b90fafe6cd8cb3c0bd0,D:\prostat\train_images\6bb9b32790609b90fafe6cd8cb3c0bd0.tiff,True,True
83ee1d7bf049b78faa15a62c1c6659c9,D:\prostat\train_images\83ee1d7bf049b78faa15a62c1c6659c9.tiff,True,True
7e72dea4ae66b5bf583013ec985e5209,D:\prostat\train_images\7e72dea4ae66b5bf583013ec985e5209.tiff,True,True
3a88831048e734048b59f99f3e2e7133,D:\prostat\train_images\3a88831048e734048b59f99f3e2e7133.tiff,True,True
232539a9ca7dcc82d7a5577e394305f3,D:\prostat\train_images\232539a9ca7dcc82d7a5577e394305f3.tiff,True,True
435f5526bfee811bcd4bbf54ad40b600,D:\prostat\train_images\435f5526bfee811bcd4bbf54ad40b600.tiff,True,True
29f797d63f44138202a45d24a32de5eb,D:\prostat\train_images\29f797d63f44138202a45d24a32de5eb.tiff,True,True
7f57053f651025603c6b4246acd0ba54,D:\prostat\train_images\7f57053f651025603c6b4246acd0ba54.tiff,True,True
f0a8558af34576324861180792ae4de3,D:\prostat\train_images\f0a8558af34576324861180792ae4de3.tiff,True,True
18e2d22113d3bf1ef0575c90cb22fde6,D:\prostat\train_images\18e2d22113d3bf1ef0575c90cb22fde6.tiff,True,True
f19c7ece83101042b11178a9bedf68a8,D:\prostat\train_images\f19c7ece83101042b11178a9bedf68a8.tiff,True,True
36154423239f4a9e6849cf57ea8a4489,D:\prostat\train_images\36154423239f4a9e6849cf57ea8a4489.tiff,True,True
5911dece5388c4291ffe22e700bed829,D:\prostat\train_images\5911dece5388c4291ffe22e700bed829.tiff,True,True
1b04602fffd6117606d1a05efa96daaf,D:\prostat\train_images\1b04602fffd6117606d1a05efa96daaf.tiff,True,True
78ad8ce5fe537a97afaf19db3e99628b,D:\prostat\train_images\78ad8ce5fe537a97afaf19db3e99628b.tiff,True,True
c64c12966d164cd0bcc6bfef4ca95500,D:\prostat\train_images\c64c12966d164cd0bcc6bfef4ca95500.tiff,True,True
b4cf33ec7b1e290ddd47e83a454ada12,D:\prostat\train_images\b4cf33ec7b1e290ddd47e83a454ada12.tiff,True,True
c06212919dd85bfa05a7d2e0a12a09c0,D:\prostat\train_images\c06212919dd85bfa05a7d2e0a12a09c0.tiff,True,True
3f57013cfe0c23cf57b5039a590b306a,D:\prostat\train_images\3f57013cfe0c23cf57b5039a590b306a.tiff,True,True
22a1fe33bc997f4e93c147d90a2b93de,D:\prostat\train_images\22a1fe33bc997f4e93c147d90a2b93de.tiff,True,True
f964b9543ed1fcd3fcda049d744a50bd,D:\prostat\train_images\f964b9543ed1fcd3fcda049d744a50bd.tiff,True,True
031f5ef5b254fbacd6fbd279ebfe5cc0,D:\prostat\train_images\031f5ef5b254fbacd6fbd279ebfe5cc0.tiff,True,True
c5e9176fa34d3fc8caccc6bb1f35003c,D:\prostat\train_images\c5e9176fa34d3fc8caccc6bb1f35003c.tiff,True,True
02c2141567e50ff7d04069f70e9c9c5e,D:\prostat\train_images\02c2141567e50ff7d04069f70e9c9c5e.tiff,True,True
28f40860b7c8b473ddf40b81898f2339,D:\prostat\train_images\28f40860b7c8b473ddf40b81898f2339.tiff,True,True
7b5c303bc727db87d76486bc15084adf,D:\prostat\train_images\7b5c303bc727db87d76486bc15084adf.tiff,True,True
b667f22fcffe74c3c719b11c6d53cdb8,D:\prostat\train_images\b667f22fcffe74c3c719b11c6d53cdb8.tiff,True,True
cb3e609099b77a0d25918e6837e2a5aa,D:\prostat\train_images\cb3e609099b77a0d25918e6837e2a5aa.tiff,True,True
37aba3bbad701308106b141471c063f0,D:\prostat\train_images\37aba3bbad701308106b141471c063f0.tiff,True,True
ce6346510ef11552a1e8f186cf12678c,D:\prostat\train_images\ce6346510ef11552a1e8f186cf12678c.tiff,True,True
e220935dbc6151a41a0234cd170add83,D:\prostat\train_images\e220935dbc6151a41a0234cd170add83.tiff,True,True
881c7c271ef07405693650be45fe1b56,D:\prostat\train_images\881c7c271ef07405693650be45fe1b56.tiff,True,True
3c89c48cb5db0af4ff08d1b8568e5687,D:\prostat\train_images\3c89c48cb5db0af4ff08d1b8568e5687.tiff,True,True
d784fde095ca1209dee96aaf0b021a78,D:\prostat\train_images\d784fde095ca1209dee96aaf0b021a78.tiff,True,True
dc28657d68bd4a5a387a0460de8db3e2,D:\prostat\train_images\dc28657d68bd4a5a387a0460de8db3e2.tiff,True,True
bf5ca3ecbaa49be10b5d9fde82049434,D:\prostat\train_images\bf5ca3ecbaa49be10b5d9fde82049434.tiff,True,True
42f8d6266e08cbeedcbb480e77ca0ec3,D:\prostat\train_images\42f8d6266e08cbeedcbb480e77ca0ec3.tiff,True,True
3cffc0a753d8225be623b0660c597d2d,D:\prostat\train_images\3cffc0a753d8225be623b0660c597d2d.tiff,True,True
759b9eca357202fc550e17cf10daed11,D:\prostat\train_images\759b9eca357202fc550e17cf10daed11.tiff,True,True
a3589c0cb14e99c7d08e5b097d173041,D:\prostat\train_images\a3589c0cb14e99c7d08e5b097d173041.tiff,True,True
e4ca3da3ff10350afd296ec9cc5b4ce5,D:\prostat\train_images\e4ca3da3ff10350afd296ec9cc5b4ce5.tiff,True,True
9cc90be7db3d19f91f43a903142d5bfb,D:\prostat\train_images\9cc90be7db3d19f91f43a903142d5bfb.tiff,True,True
dfb8f57174971abbab14ad065b36769b,D:\prostat\train_images\dfb8f57174971abbab14ad065b36769b.tiff,True,True
4e37964a1a7222e4cec7133f97377a0c,D:\prostat\train_images\4e37964a1a7222e4cec7133f97377a0c.tiff,True,True
06aae0772aa5f4eecbd806ee0558fbda,D:\prostat\train_images\06aae0772aa5f4eecbd806ee0558fbda.tiff,True,True
e5c110d0ec8087bc89e6f6a528a690ce,D:\prostat\train_images\e5c110d0ec8087bc89e6f6a528a690ce.tiff,True,True
73a68f27d9581434d99b621f0c2a434c,D:\prostat\train_images\73a68f27d9581434d99b621f0c2a434c.tiff,True,True
1cce91f7fa498dba0e31b6c6548214e0,D:\prostat\train_images\1cce91f7fa498dba0e31b6c6548214e0.tiff,True,True
46f767c8c76697a603e52b56a33f86a0,D:\prostat\train_images\46f767c8c76697a603e52b56a33f86a0.tiff,True,True
7d1736b0c0faa64705faf5a52a88717b,D:\prostat\train_images\7d1736b0c0faa64705faf5a52a88717b.tiff,True,True
a4c28ba06ec2c15d2bc4c9376e4039ca,D:\prostat\train_images\a4c28ba06ec2c15d2bc4c9376e4039ca.tiff,True,True
4d37cd687a4b6e52762a21f7e6b3f3c0,D:\prostat\train_images\4d37cd687a4b6e52762a21f7e6b3f3c0.tiff,True,True
19e5619ec8b7da130f452bb71f8953d0,D:\prostat\train_images\19e5619ec8b7da130f452bb71f8953d0.tiff,True,True
5d5ba6a776e985a917f0028258d6593a,D:\prostat\train_images\5d5ba6a776e985a917f0028258d6593a.tiff,True,True
4aa662f4c151c26677f662ab3d3cdf43,D:\prostat\train_images\4aa662f4c151c26677f662ab3d3cdf43.tiff,True,True
a5a27468f2a7a299cb8b952abb941705,D:\prostat\train_images\a5a27468f2a7a299cb8b952abb941705.tiff,True,True
1b4e035a6233cc3d80ececed44532129,D:\prostat\train_images\1b4e035a6233cc3d80ececed44532129.tiff,True,True
149fd3c5d3ede543589633ea0e711c24,D:\prostat\train_images\149fd3c5d3ede543589633ea0e711c24.tiff,True,True
d7c33c9265754c1a696f95e6a8b6bb0c,D:\prostat\train_images\d7c33c9265754c1a696f95e6a8b6bb0c.tiff,True,True
52ac47312c73298f955efdf80e1059b5,D:\prostat\train_images\52ac47312c73298f955efdf80e1059b5.tiff,True,True
0b9cd3a39dce8aebede8054fdca54ad7,D:\prostat\train_images\0b9cd3a39dce8aebede8054fdca54ad7.tiff,True,True
5d438b93171c54575c3248d799952a8c,D:\prostat\train_images\5d438b93171c54575c3248d799952a8c.tiff,True,True
4f5285ebe78a5683adfc861fc684baf6,D:\prostat\train_images\4f5285ebe78a5683adfc861fc684baf6.tiff,True,True
33deab5742944fa2f58e248c572f04d1,D:\prostat\train_images\33deab5742944fa2f58e248c572f04d1.tiff,True,True
1b6ada2e6a396b9fc86ec1905b3c017d,D:\prostat\train_images\1b6ada2e6a396b9fc86ec1905b3c017d.tiff,True,True
ed9210596220b127753ad2dacd173aee,D:\prostat\train_images\ed9210596220b127753ad2dacd173aee.tiff,True,True
1d5db12468b623f2e6f9542d6b32920f,D:\prostat\train_images\1d5db12468b623f2e6f9542d6b32920f.tiff,True,True
861349e0094f9af0986ca3ed1ea7ba6b,D:\prostat\train_images\861349e0094f9af0986ca3ed1ea7ba6b.tiff,True,True
ab3e9154e433b2ed1f7d75b12e5416fd,D:\prostat\train_images\ab3e9154e433b2ed1f7d75b12e5416fd.tiff,True,True
c794f26c98b4d7c37133809c2d3f8aa1,D:\prostat\train_images\c794f26c98b4d7c37133809c2d3f8aa1.tiff,True,True
83661e7cf8613383d40115b08568fef6,D:\prostat\train_images\83661e7cf8613383d40115b08568fef6.tiff,True,True
8b8eb1cfa610bf99c73b771db76be17d,D:\prostat\train_images\8b8eb1cfa610bf99c73b771db76be17d.tiff,True,True
7f99c8b70a5d283079d10fefeae1d8a5,D:\prostat\train_images\7f99c8b70a5d283079d10fefeae1d8a5.tiff,True,True
d960f3c9327c1baa21ed849d867e29a1,D:\prostat\train_images\d960f3c9327c1baa21ed849d867e29a1.tiff,True,True
990fcc12a9f6556f270bba5732815b50,D:\prostat\train_images\990fcc12a9f6556f270bba5732815b50.tiff,True,True
08abd36dda089b53088bb7bf7558336a,D:\prostat\train_images\08abd36dda089b53088bb7bf7558336a.tiff,True,True
34d661c988d4a40925060a9a50a4544c,D:\prostat\train_images\34d661c988d4a40925060a9a50a4544c.tiff,True,True
a5d6dfb0a704460b69941758468b3e5a,D:\prostat\train_images\a5d6dfb0a704460b69941758468b3e5a.tiff,True,True
c176131dc05b4c90d783679433a79244,D:\prostat\train_images\c176131dc05b4c90d783679433a79244.tiff,True,True
a7920e075a4c8784da50bb39c8414e92,D:\prostat\train_images\a7920e075a4c8784da50bb39c8414e92.tiff,True,True
e1473b87b0374c25573eafc237eb5b0d,D:\prostat\train_images\e1473b87b0374c25573eafc237eb5b0d.tiff,True,True
4d9c3e20ad441267152a9d36f61238ac,D:\prostat\train_images\4d9c3e20ad441267152a9d36f61238ac.tiff,True,True
8c64bb74f16d4a6c44c9b8ea5dee8543,D:\prostat\train_images\8c64bb74f16d4a6c44c9b8ea5dee8543.tiff,True,True
6cd581a4c4e0314e1479c0c4a24f4eb3,D:\prostat\train_images\6cd581a4c4e0314e1479c0c4a24f4eb3.tiff,True,True
25961aea3db8652eeb0bbce7b0b539e0,D:\prostat\train_images\25961aea3db8652eeb0bbce7b0b539e0.tiff,True,True
dc5a57e65f5f1e4aa7864083e55ea2c0,D:\prostat\train_images\dc5a57e65f5f1e4aa7864083e55ea2c0.tiff,True,True
21e2ecf1c1b82030c3096263fef8b927,D:\prostat\train_images\21e2ecf1c1b82030c3096263fef8b927.tiff,True,True
a6e3d28846a05057588ca4a6b7bbc3ee,D:\prostat\train_images\a6e3d28846a05057588ca4a6b7bbc3ee.tiff,True,True
e9e062c3fcf872abdf5f44dc2c55345a,D:\prostat\train_images\e9e062c3fcf872abdf5f44dc2c55345a.tiff,True,True
66197db203b87630238f7199434cccba,D:\prostat\train_images\66197db203b87630238f7199434cccba.tiff,True,True
0c46c60ae2ef49657bc843707162ba6e,D:\prostat\train_images\0c46c60ae2ef49657bc843707162ba6e.tiff,True,True
30cedc1713c3941e5b45ac98586b8208,D:\prostat\train_images\30cedc1713c3941e5b45ac98586b8208.tiff,True,True
08f055372c7b8a7e1df97c6586542ac8,D:\prostat\train_images\08f055372c7b8a7e1df97c6586542ac8.tiff,True,True
e948b70d1e102a039a6b93a4be16b323,D:\prostat\train_images\e948b70d1e102a039a6b93a4be16b323.tiff,True,True
acfed41a5a0a64fa710d51bf6bdf5bd9,D:\prostat\train_images\acfed41a5a0a64fa710d51bf6bdf5bd9.tiff,True,True
c115a53d035363f2cc49ed0b98934b9a,D:\prostat\train_images\c115a53d035363f2cc49ed0b98934b9a.tiff,True,True
005e66f06bce9c2e49142536caf2f6ee,D:\prostat\train_images\005e66f06bce9c2e49142536caf2f6ee.tiff,True,True
fcaa47a2c6a94bdd2ba3618c6f0f2050,D:\prostat\train_images\fcaa47a2c6a94bdd2ba3618c6f0f2050.tiff,True,True
2ef63698c41601df57031b3e1313bd0a,D:\prostat\train_images\2ef63698c41601df57031b3e1313bd0a.tiff,True,True
3ccec5ef9dcb8b71c538f0e893f1d563,D:\prostat\train_images\3ccec5ef9dcb8b71c538f0e893f1d563.tiff,True,True
30aa7a12d6a142aa9fafbe37e08cb1a3,D:\prostat\train_images\30aa7a12d6a142aa9fafbe37e08cb1a3.tiff,True,True
09271f0045c19ac6179771054455b2ce,D:\prostat\train_images\09271f0045c19ac6179771054455b2ce.tiff,True,True
29a913bc07d243846f4c811eb927a2dc,D:\prostat\train_images\29a913bc07d243846f4c811eb927a2dc.tiff,True,True
668c4850b2f821babc8ff8c7e877b9b2,D:\prostat\train_images\668c4850b2f821babc8ff8c7e877b9b2.tiff,True,True
cf19cb0a9afe665714916a274c300702,D:\prostat\train_images\cf19cb0a9afe665714916a274c300702.tiff,True,True
b06e7d1627d5ec60135b82b4c0663898,D:\prostat\train_images\b06e7d1627d5ec60135b82b4c0663898.tiff,True,True
a5ad3fbf8ce0853c6683f5be5f1a4a20,D:\prostat\train_images\a5ad3fbf8ce0853c6683f5be5f1a4a20.tiff,True,True
77d2d284e6b6962f2761d1d37797c465,D:\prostat\train_images\77d2d284e6b6962f2761d1d37797c465.tiff,True,True
9aea86aa9b34cebb8bbc0db42d6c7559,D:\prostat\train_images\9aea86aa9b34cebb8bbc0db42d6c7559.tiff,True,True
2f27c52c7d58fbe0818d6531d3707c78,D:\prostat\train_images\2f27c52c7d58fbe0818d6531d3707c78.tiff,True,True
48f4ff8f16b57774f3d7a0b6fd8d2f73,D:\prostat\train_images\48f4ff8f16b57774f3d7a0b6fd8d2f73.tiff,True,True
40d72d6f5f5d4f243e448d8ff1838f2e,D:\prostat\train_images\40d72d6f5f5d4f243e448d8ff1838f2e.tiff,True,True
6eb1da90c9630e7c86f282c7eea4fe94,D:\prostat\train_images\6eb1da90c9630e7c86f282c7eea4fe94.tiff,True,True
0005f7aaab2800f6170c399693a96917,D:\prostat\train_images\0005f7aaab2800f6170c399693a96917.tiff,True,True
8c32b55128cb5d99d9c50b7904f9bf80,D:\prostat\train_images\8c32b55128cb5d99d9c50b7904f9bf80.tiff,True,True
d6587192c22af1403afb3c5283819cae,D:\prostat\train_images\d6587192c22af1403afb3c5283819cae.tiff,True,True
65529d6dd8a2d9596cae939b6aef2c65,D:\prostat\train_images\65529d6dd8a2d9596cae939b6aef2c65.tiff,True,True
29a92930e1c1cad4e50b074a329bc9d6,D:\prostat\train_images\29a92930e1c1cad4e50b074a329bc9d6.tiff,True,True
7ac8dad154070e9759a7165d721045f9,D:\prostat\train_images\7ac8dad154070e9759a7165d721045f9.tiff,True,True
9d362cc6fa6cb21f94c2115d6704c72e,D:\prostat\train_images\9d362cc6fa6cb21f94c2115d6704c72e.tiff,True,True
3539c3b891f836b874775d2b0fa36fe9,D:\prostat\train_images\3539c3b891f836b874775d2b0fa36fe9.tiff,True,True
192863a82b5a954ba0fa56b910574e1a,D:\prostat\train_images\192863a82b5a954ba0fa56b910574e1a.tiff,True,True
f29a271f6d4f678495306d7db565049e,D:\prostat\train_images\f29a271f6d4f678495306d7db565049e.tiff,True,True
d10444705e9e97c52affab94ba03f7be,D:\prostat\train_images\d10444705e9e97c52affab94ba03f7be.tiff,True,True
805d295ef3c4c573cb1990596d77ff8e,D:\prostat\train_images\805d295ef3c4c573cb1990596d77ff8e.tiff,True,True
4e95048eb0c0413e5fc648b1447cf651,D:\prostat\train_images\4e95048eb0c0413e5fc648b1447cf651.tiff,True,True
2823c18cde8d2c294a0f8d1cdc4c1a1e,D:\prostat\train_images\2823c18cde8d2c294a0f8d1cdc4c1a1e.tiff,True,True
e2b069d3db5dd82610abc684befac2d3,D:\prostat\train_images\e2b069d3db5dd82610abc684befac2d3.tiff,True,True
11a715facad7b619e3213ce126be1c77,D:\prostat\train_images\11a715facad7b619e3213ce126be1c77.tiff,True,True
342cf992c6259c1e9dd731d27a4573cc,D:\prostat\train_images\342cf992c6259c1e9dd731d27a4573cc.tiff,True,True
6bdfc45ee2e638d83c9dbc6e618a7aae,D:\prostat\train_images\6bdfc45ee2e638d83c9dbc6e618a7aae.tiff,True,True
d94046cd69c8102ff1e1a871077c7984,D:\prostat\train_images\d94046cd69c8102ff1e1a871077c7984.tiff,True,True
a0df9f687c355120bbaecf0b38d21181,D:\prostat\train_images\a0df9f687c355120bbaecf0b38d21181.tiff,True,True
c81b704c5603f627680314d050062ca2,D:\prostat\train_images\c81b704c5603f627680314d050062ca2.tiff,True,True
d13eecf391803d164d6f0fd89f1871e8,D:\prostat\train_images\d13eecf391803d164d6f0fd89f1871e8.tiff,True,True
64144d9b3b14c64bbdf7dc80816bd459,D:\prostat\train_images\64144d9b3b14c64bbdf7dc80816bd459.tiff,True,True
d5ac3e845ce7d8ae724837805912da91,D:\prostat\train_images\d5ac3e845ce7d8ae724837805912da91.tiff,True,True
cb7b640bd2d43968c3bddbfaa66eb4b7,D:\prostat\train_images\cb7b640bd2d43968c3bddbfaa66eb4b7.tiff,True,True
1cb70e0b07ae87537d5bc98d2555d7a5,D:\prostat\train_images\1cb70e0b07ae87537d5bc98d2555d7a5.tiff,True,True
376a68a1f7236d0fc5586d3d96442295,D:\prostat\train_images\376a68a1f7236d0fc5586d3d96442295.tiff,True,True
9d0a77ccfb9aec1bf877bbb23d703cc0,D:\prostat\train_images\9d0a77ccfb9aec1bf877bbb23d703cc0.tiff,True,True
9ffd64df055efd697a6974c5dc3eee9b,D:\prostat\train_images\9ffd64df055efd697a6974c5dc3eee9b.tiff,True,True
26f2d29004f336693739d11c4047816f,D:\prostat\train_images\26f2d29004f336693739d11c4047816f.tiff,True,True
ac34101f332f6259e55a82c11d8bc304,D:\prostat\train_images\ac34101f332f6259e55a82c11d8bc304.tiff,True,True
3c01808e1ea1eba5f6cdd015c4738426,D:\prostat\train_images\3c01808e1ea1eba5f6cdd015c4738426.tiff,True,True
d2bc6a6beb7e4d86acecde314f99ce4c,D:\prostat\train_images\d2bc6a6beb7e4d86acecde314f99ce4c.tiff,True,True
cec0358c230738e793cd94e0e3ce1da6,D:\prostat\train_images\cec0358c230738e793cd94e0e3ce1da6.tiff,True,True
d806807466eed0680d0cf5e73056567e,D:\prostat\train_images\d806807466eed0680d0cf5e73056567e.tiff,True,True
b788300a50ab73f893b63ce6a9c08f9d,D:\prostat\train_images\b788300a50ab73f893b63ce6a9c08f9d.tiff,True,True
86d4f3bac81c1929300eb270c6aea4ea,D:\prostat\train_images\86d4f3bac81c1929300eb270c6aea4ea.tiff,True,True
fcd30c804d93d4cfa1f42e37c9c09648,D:\prostat\train_images\fcd30c804d93d4cfa1f42e37c9c09648.tiff,True,True
5ad2c7349c24ed5c4901522bec9d3077,D:\prostat\train_images\5ad2c7349c24ed5c4901522bec9d3077.tiff,True,True
b23fa1eb9b60a23d45c43df4c20e180e,D:\prostat\train_images\b23fa1eb9b60a23d45c43df4c20e180e.tiff,True,True
dab87401b1605f7d5eb9bf5a722486bc,D:\prostat\train_images\dab87401b1605f7d5eb9bf5a722486bc.tiff,True,True
f4fcb9c0c46099e045a0fecf20a7843c,D:\prostat\train_images\f4fcb9c0c46099e045a0fecf20a7843c.tiff,True,True
b0a7fcdfce03265799135eb10f249de7,D:\prostat\train_images\b0a7fcdfce03265799135eb10f249de7.tiff,True,True
2230a7655194054d5b1d2b52998d1585,D:\prostat\train_images\2230a7655194054d5b1d2b52998d1585.tiff,True,True
aa143bbd830073e080e509ce3160d272,D:\prostat\train_images\aa143bbd830073e080e509ce3160d272.tiff,True,True
07a9fa12ce780b43fb5dfd7d24b861c6,D:\prostat\train_images\07a9fa12ce780b43fb5dfd7d24b861c6.tiff,True,True
53dfff0cecd06c15f600d334e7324b78,D:\prostat\train_images\53dfff0cecd06c15f600d334e7324b78.tiff,True,True
f659913017aab32c0ac0d88d0ecfe62c,D:\prostat\train_images\f659913017aab32c0ac0d88d0ecfe62c.tiff,True,True
563d7dddd23d62e86b3d0e020b9e7c0a,D:\prostat\train_images\563d7dddd23d62e86b3d0e020b9e7c0a.tiff,True,True
53c42a394b9b949e8fe7c66df360aa5e,D:\prostat\train_images\53c42a394b9b949e8fe7c66df360aa5e.tiff,True,True
9ba74a2d19c4149c47a7c6661fb7eb5f,D:\prostat\train_images\9ba74a2d19c4149c47a7c6661fb7eb5f.tiff,True,True
05cc3233dcb5489d2333ee62339a3226,D:\prostat\train_images\05cc3233dcb5489d2333ee62339a3226.tiff,True,True
05056b81578a9c162eb0b0d4f1688282,D:\prostat\train_images\05056b81578a9c162eb0b0d4f1688282.tiff,True,True
068b0e3be4c35ea983f77accf8351cc8,D:\prostat\train_images\068b0e3be4c35ea983f77accf8351cc8.tiff,True,True
c429c26a603910717dbf17e6e7035627,D:\prostat\train_images\c429c26a603910717dbf17e6e7035627.tiff,True,True
3189cb39f65cbd55aa4bf4513f246692,D:\prostat\train_images\3189cb39f65cbd55aa4bf4513f246692.tiff,True,True
98b21ebe0f82df97ce203d54227d5744,D:\prostat\train_images\98b21ebe0f82df97ce203d54227d5744.tiff,True,True
38b6e5e601860ae149c0d53d8cab4cfd,D:\prostat\train_images\38b6e5e601860ae149c0d53d8cab4cfd.tiff,True,True
1f714e09f15848bb3292e917f711333a,D:\prostat\train_images\1f714e09f15848bb3292e917f711333a.tiff,True,True
a280d60407c69e37fad4d7290ac948a6,D:\prostat\train_images\a280d60407c69e37fad4d7290ac948a6.tiff,True,True
725f6e74ba6aed08098c779047a19559,D:\prostat\train_images\725f6e74ba6aed08098c779047a19559.tiff,True,True
a6b9b962c775ca68437a86bec79e6879,D:\prostat\train_images\a6b9b962c775ca68437a86bec79e6879.tiff,True,True
22cae767983c100daad0bf1f8c87b059,D:\prostat\train_images\22cae767983c100daad0bf1f8c87b059.tiff,True,True
a1d31796040eff1d8223f486caa01ab8,D:\prostat\train_images\a1d31796040eff1d8223f486caa01ab8.tiff,True,True
f485571aeef9888bc219a7a5f146cf3a,D:\prostat\train_images\f485571aeef9888bc219a7a5f146cf3a.tiff,True,True
0c184eef4691e624de23e7b3d6a50025,D:\prostat\train_images\0c184eef4691e624de23e7b3d6a50025.tiff,True,True
d6d59930bb06a2c82edefc477a8a7639,D:\prostat\train_images\d6d59930bb06a2c82edefc477a8a7639.tiff,True,True
c2a487c3082523f815ca8541a01f293d,D:\prostat\train_images\c2a487c3082523f815ca8541a01f293d.tiff,True,True
c0097374d10cd4a1da1c4b1e6a86de64,D:\prostat\train_images\c0097374d10cd4a1da1c4b1e6a86de64.tiff,True,True
4f06726cf77125734cf939b3ed5978ab,D:\prostat\train_images\4f06726cf77125734cf939b3ed5978ab.tiff,True,True
ed9a38a9f1dfa898e536cd91f13d98b1,D:\prostat\train_images\ed9a38a9f1dfa898e536cd91f13d98b1.tiff,True,True
c04e3f99d8842fed006ee780528e3241,D:\prostat\train_images\c04e3f99d8842fed006ee780528e3241.tiff,True,True
c2230eb928a225c9cbb7d247cbde2b4a,D:\prostat\train_images\c2230eb928a225c9cbb7d247cbde2b4a.tiff,True,True
6c4d9d0e4e2c5d27843e7543867757a4,D:\prostat\train_images\6c4d9d0e4e2c5d27843e7543867757a4.tiff,True,True
fc3d822559662122337f17910e8ed922,D:\prostat\train_images\fc3d822559662122337f17910e8ed922.tiff,True,True
2e334c25ab0f1ca7dfacf732073be953,D:\prostat\train_images\2e334c25ab0f1ca7dfacf732073be953.tiff,True,True
a18b8758447c5791c60f0b1ae0f7a653,D:\prostat\train_images\a18b8758447c5791c60f0b1ae0f7a653.tiff,True,True
0f0cb9aefe4adc765a1d91318d075c4b,D:\prostat\train_images\0f0cb9aefe4adc765a1d91318d075c4b.tiff,True,True
5ed6b9a9612f58fb7a5ed2c9b9b32fe4,D:\prostat\train_images\5ed6b9a9612f58fb7a5ed2c9b9b32fe4.tiff,True,True
9df270613df3c7eb10ec71bfc1aebde3,D:\prostat\train_images\9df270613df3c7eb10ec71bfc1aebde3.tiff,True,True
a5b9c716881eaccb44574cbcef8f048b,D:\prostat\train_images\a5b9c716881eaccb44574cbcef8f048b.tiff,True,True
ef78804e47bf8950bced09b56309ec0b,D:\prostat\train_images\ef78804e47bf8950bced09b56309ec0b.tiff,True,True
342873df1a459c1480c270e4185d2748,D:\prostat\train_images\342873df1a459c1480c270e4185d2748.tiff,True,True
22cfe834f8eb30a0d2af73cfa957e555,D:\prostat\train_images\22cfe834f8eb30a0d2af73cfa957e555.tiff,True,True
10b57920070f6adc8435b9531e0a5398,D:\prostat\train_images\10b57920070f6adc8435b9531e0a5398.tiff,True,True
0e347f2fd5526d221233e35dacb2f79c,D:\prostat\train_images\0e347f2fd5526d221233e35dacb2f79c.tiff,True,True
5491324b554f337dc1eaf3e0c93eebb4,D:\prostat\train_images\5491324b554f337dc1eaf3e0c93eebb4.tiff,True,True
72b46ce40040292c972e5c8fc84f857d,D:\prostat\train_images\72b46ce40040292c972e5c8fc84f857d.tiff,True,True
03692c5859b1eb7af0f4292e10586205,D:\prostat\train_images\03692c5859b1eb7af0f4292e10586205.tiff,True,True
c7bd85a7a10ef6226a9873afaf00d3a2,D:\prostat\train_images\c7bd85a7a10ef6226a9873afaf00d3a2.tiff,True,True
31e5f57adfb53bd852426904fce70247,D:\prostat\train_images\31e5f57adfb53bd852426904fce70247.tiff,True,True
ff17b5e40b6243196d7c47b36efa4646,D:\prostat\train_images\ff17b5e40b6243196d7c47b36efa4646.tiff,True,True
019f98ef49bcbff0b0bb513b7d66fcf5,D:\prostat\train_images\019f98ef49bcbff0b0bb513b7d66fcf5.tiff,True,True
4f8f6e4d549092291a273343351be5ba,D:\prostat\train_images\4f8f6e4d549092291a273343351be5ba.tiff,True,True
3b8516e22443c84f95935e2b41c73666,D:\prostat\train_images\3b8516e22443c84f95935e2b41c73666.tiff,True,True
e0132eae13bc88ec6987d59203a22879,D:\prostat\train_images\e0132eae13bc88ec6987d59203a22879.tiff,True,True
7be44aadbb607a7b01a4ffeb792fd36e,D:\prostat\train_images\7be44aadbb607a7b01a4ffeb792fd36e.tiff,True,True
1fa2c2ef880847b97b4fdd3c1cb38fe4,D:\prostat\train_images\1fa2c2ef880847b97b4fdd3c1cb38fe4.tiff,True,True
22bd68be2b5e83226add4783a892a467,D:\prostat\train_images\22bd68be2b5e83226add4783a892a467.tiff,True,True
cec3c34a4776cfc9e2b867b8c420fd53,D:\prostat\train_images\cec3c34a4776cfc9e2b867b8c420fd53.tiff,True,True
a1178eb5d4b1c938ee9fdafdbc85814d,D:\prostat\train_images\a1178eb5d4b1c938ee9fdafdbc85814d.tiff,True,True
c445380a860360322df76605978e1618,D:\prostat\train_images\c445380a860360322df76605978e1618.tiff,True,True
9d2cf28b4676e95c28b3e09604912463,D:\prostat\train_images\9d2cf28b4676e95c28b3e09604912463.tiff,True,True
7fdae33284031ffb88063882bb16d14d,D:\prostat\train_images\7fdae33284031ffb88063882bb16d14d.tiff,True,True
8c4f32285302c83919d972072b52cb0e,D:\prostat\train_images\8c4f32285302c83919d972072b52cb0e.tiff,True,True
91b65eeea73dd7309880c990458e97ca,D:\prostat\train_images\91b65eeea73dd7309880c990458e97ca.tiff,True,True
89a1979b3baf29215a093228f11372e4,D:\prostat\train_images\89a1979b3baf29215a093228f11372e4.tiff,True,True
a383c97bbe2095ea5d4a7c33a35b2c4e,D:\prostat\train_images\a383c97bbe2095ea5d4a7c33a35b2c4e.tiff,True,True
5d4c1d0660adfbe7f9ddf63432709eb1,D:\prostat\train_images\5d4c1d0660adfbe7f9ddf63432709eb1.tiff,True,True
b7b307b6ac3d7e91a49b66f43ee939f0,D:\prostat\train_images\b7b307b6ac3d7e91a49b66f43ee939f0.tiff,True,True
6eff2e378f54056138537e0bb1249ac6,D:\prostat\train_images\6eff2e378f54056138537e0bb1249ac6.tiff,True,True
9cc0b83fe973227ce03e633f5c6e5d8b,D:\prostat\train_images\9cc0b83fe973227ce03e633f5c6e5d8b.tiff,True,True
b2e452fe7fc20523a2a54b2d2db5c9ab,D:\prostat\train_images\b2e452fe7fc20523a2a54b2d2db5c9ab.tiff,True,True
9effeea56c413b92340b89d1240769c1,D:\prostat\train_images\9effeea56c413b92340b89d1240769c1.tiff,True,True
3625e6a2deae10c191a3fc3b6fde9fdf,D:\prostat\train_images\3625e6a2deae10c191a3fc3b6fde9fdf.tiff,True,True
4bb4bbbd6dec06f9938c52cbdfa0b1c9,D:\prostat\train_images\4bb4bbbd6dec06f9938c52cbdfa0b1c9.tiff,True,True
78c7bad2262ae25179e8cd6633648487,D:\prostat\train_images\78c7bad2262ae25179e8cd6633648487.tiff,True,True
d2c9f2abe87b5415c2eb611e9f84ef82,D:\prostat\train_images\d2c9f2abe87b5415c2eb611e9f84ef82.tiff,True,True
957c6cf443a82d55f348284784fe6324,D:\prostat\train_images\957c6cf443a82d55f348284784fe6324.tiff,True,True
4375505cc90a8de4e82c267a1d2f97f4,D:\prostat\train_images\4375505cc90a8de4e82c267a1d2f97f4.tiff,True,True
b269b43565372f474745f4d71dc2a5c3,D:\prostat\train_images\b269b43565372f474745f4d71dc2a5c3.tiff,True,True
eaeb7f15cb0618d6091ef52e685ec284,D:\prostat\train_images\eaeb7f15cb0618d6091ef52e685ec284.tiff,True,True
a5be9b704fae4da3e8a8fcdcf17973e1,D:\prostat\train_images\a5be9b704fae4da3e8a8fcdcf17973e1.tiff,True,True
41cb4989ff5f99e7fee7af7e666e8319,D:\prostat\train_images\41cb4989ff5f99e7fee7af7e666e8319.tiff,True,True
9c2b708c21a6f7f2c4bebce9d6c74436,D:\prostat\train_images\9c2b708c21a6f7f2c4bebce9d6c74436.tiff,True,True
5d6c598b578c6c174c0268825dbec98c,D:\prostat\train_images\5d6c598b578c6c174c0268825dbec98c.tiff,True,True
0c16dad59425c963a1dba7a84638ece7,D:\prostat\train_images\0c16dad59425c963a1dba7a84638ece7.tiff,True,True
88e8c1a2565db8751c65187bad6e3bf4,D:\prostat\train_images\88e8c1a2565db8751c65187bad6e3bf4.tiff,True,True
090b8c54aa290c2e5e6114cbeddb16bd,D:\prostat\train_images\090b8c54aa290c2e5e6114cbeddb16bd.tiff,True,True
8900095e28a92eebb25f469b67d29b84,D:\prostat\train_images\8900095e28a92eebb25f469b67d29b84.tiff,True,True
d9609c5eb6afb235c803600c3c70ea46,D:\prostat\train_images\d9609c5eb6afb235c803600c3c70ea46.tiff,True,True
abb4ad0009ce57bca8d400acff5d34a8,D:\prostat\train_images\abb4ad0009ce57bca8d400acff5d34a8.tiff,True,True
1b86a85640e5832e6b27d89c8f99adf9,D:\prostat\train_images\1b86a85640e5832e6b27d89c8f99adf9.tiff,True,True
37b66efe115f778ffd604c60995ec946,D:\prostat\train_images\37b66efe115f778ffd604c60995ec946.tiff,True,True
4887a40cb07de30eb1771e0d42ace821,D:\prostat\train_images\4887a40cb07de30eb1771e0d42ace821.tiff,True,True
a0790fe0ac5caff880dab06f0218f3d4,D:\prostat\train_images\a0790fe0ac5caff880dab06f0218f3d4.tiff,True,True
c8005edbb20996f1efd85cdc46bd805e,D:\prostat\train_images\c8005edbb20996f1efd85cdc46bd805e.tiff,True,True
230276c9065df9cd12014e93151dd52c,D:\prostat\train_images\230276c9065df9cd12014e93151dd52c.tiff,True,True
5c54839a5b329bec4a351c74e0c24819,D:\prostat\train_images\5c54839a5b329bec4a351c74e0c24819.tiff,True,True
3e96addcbf4c1869d8f520348646cd60,D:\prostat\train_images\3e96addcbf4c1869d8f520348646cd60.tiff,True,True
b77c336bc0171afc713510eec35a584d,D:\prostat\train_images\b77c336bc0171afc713510eec35a584d.tiff,True,True
bafd986d05ece7f6ac85544866c21877,D:\prostat\train_images\bafd986d05ece7f6ac85544866c21877.tiff,True,True
9690259f4f121c144d9510abe6818a4f,D:\prostat\train_images\9690259f4f121c144d9510abe6818a4f.tiff,True,True
5338e73d016150c190a2c4671919b4ba,D:\prostat\train_images\5338e73d016150c190a2c4671919b4ba.tiff,True,True
80175c7d26a0677a08f54c5b66af1555,D:\prostat\train_images\80175c7d26a0677a08f54c5b66af1555.tiff,True,True
4f3009804e0c17dc7431a57a0d2e544e,D:\prostat\train_images\4f3009804e0c17dc7431a57a0d2e544e.tiff,True,True
fd1286054e5e7063369cabd6ecf7af13,D:\prostat\train_images\fd1286054e5e7063369cabd6ecf7af13.tiff,True,True
1c9968ab31b8a210c54ef761d36d8b8d,D:\prostat\train_images\1c9968ab31b8a210c54ef761d36d8b8d.tiff,True,True
9d9d0a78364c5603e14a5a644bab65ee,D:\prostat\train_images\9d9d0a78364c5603e14a5a644bab65ee.tiff,True,True
f4cc3f49c4bd4fdc3422ed1b8c5c7676,D:\prostat\train_images\f4cc3f49c4bd4fdc3422ed1b8c5c7676.tiff,True,True
bc0a9770de3e36814070036acfc9df6f,D:\prostat\train_images\bc0a9770de3e36814070036acfc9df6f.tiff,True,True
bd95b9c20d2a8dd686fb0f64432aa82f,D:\prostat\train_images\bd95b9c20d2a8dd686fb0f64432aa82f.tiff,True,True
3949bb0d5d659f89f895295ffef07153,D:\prostat\train_images\3949bb0d5d659f89f895295ffef07153.tiff,True,True
282814f67e44cc563ba0eef3ea6f4bd5,D:\prostat\train_images\282814f67e44cc563ba0eef3ea6f4bd5.tiff,True,True
ca7ba25b885ddc868383d36ab35090c7,D:\prostat\train_images\ca7ba25b885ddc868383d36ab35090c7.tiff,True,True
bacad594d4d9ad882eda3a6738326d52,D:\prostat\train_images\bacad594d4d9ad882eda3a6738326d52.tiff,True,True
3077b49eba93c24a339086c57db4edc1,D:\prostat\train_images\3077b49eba93c24a339086c57db4edc1.tiff,True,True
07e5efeb3064dd07d6392517cd3362aa,D:\prostat\train_images\07e5efeb3064dd07d6392517cd3362aa.tiff,True,True
90b662751c94e02232830cc4b5d2db16,D:\prostat\train_images\90b662751c94e02232830cc4b5d2db16.tiff,True,True
60a98f3fee72df06894ae985cd171b06,D:\prostat\train_images\60a98f3fee72df06894ae985cd171b06.tiff,True,True
ae6f1a04d5c4fc301a8084cb2c888166,D:\prostat\train_images\ae6f1a04d5c4fc301a8084cb2c888166.tiff,True,True
591da133fabcfdfa629d09729d356cda,D:\prostat\train_images\591da133fabcfdfa629d09729d356cda.tiff,True,True
17e7bc7b6ff0f1db97684be9611f64d9,D:\prostat\train_images\17e7bc7b6ff0f1db97684be9611f64d9.tiff,True,True
e528c60c6f12a5073f02195644ea418c,D:\prostat\train_images\e528c60c6f12a5073f02195644ea418c.tiff,True,True
2ae687e6a07ac70f9391efc3c3a08746,D:\prostat\train_images\2ae687e6a07ac70f9391efc3c3a08746.tiff,True,True
f66a4dd851970a5b52968a34a9165dda,D:\prostat\train_images\f66a4dd851970a5b52968a34a9165dda.tiff,True,True
99052931c444660b3edeeb5e9279a4d3,D:\prostat\train_images\99052931c444660b3edeeb5e9279a4d3.tiff,True,True
11aa1f65c72d9154a065404e24215f00,D:\prostat\train_images\11aa1f65c72d9154a065404e24215f00.tiff,True,True
8e45b3d90a0b2ff168f2851d2b0efad7,D:\prostat\train_images\8e45b3d90a0b2ff168f2851d2b0efad7.tiff,True,True
52b260338eeedbc3f85c42d33153eb45,D:\prostat\train_images\52b260338eeedbc3f85c42d33153eb45.tiff,True,True
b05c51e24ef86dce1bdce969ed27be9c,D:\prostat\train_images\b05c51e24ef86dce1bdce969ed27be9c.tiff,True,True
9b5d5449e1950fd9a1cf794574c56a4e,D:\prostat\train_images\9b5d5449e1950fd9a1cf794574c56a4e.tiff,True,True
c45f0dc57180a2b709e13178001268ed,D:\prostat\train_images\c45f0dc57180a2b709e13178001268ed.tiff,True,True
0bd8e31343eeb3a3d57effeb507c9a91,D:\prostat\train_images\0bd8e31343eeb3a3d57effeb507c9a91.tiff,True,True
3e16a4a0816d8380163af60dfc884195,D:\prostat\train_images\3e16a4a0816d8380163af60dfc884195.tiff,True,True
979eda484717cd406350e95df7862329,D:\prostat\train_images\979eda484717cd406350e95df7862329.tiff,True,True
223e1179a9dcf7c13871234edc99fc1b,D:\prostat\train_images\223e1179a9dcf7c13871234edc99fc1b.tiff,True,True
0787fbe4ab90ed76a34fb40a48a777ef,D:\prostat\train_images\0787fbe4ab90ed76a34fb40a48a777ef.tiff,True,True
251b6517db8b1474cfcb5c15ef53bb33,D:\prostat\train_images\251b6517db8b1474cfcb5c15ef53bb33.tiff,True,True
d0d12390438f3ed80f9651117dd961d7,D:\prostat\train_images\d0d12390438f3ed80f9651117dd961d7.tiff,True,True
8c6971bef31fe34c629d35910abce194,D:\prostat\train_images\8c6971bef31fe34c629d35910abce194.tiff,True,True
ab3b9c0f10098b0f08c7ea3727c12c13,D:\prostat\train_images\ab3b9c0f10098b0f08c7ea3727c12c13.tiff,True,True
2bb4f3202acd0b3cd10ffae292b6edf8,D:\prostat\train_images\2bb4f3202acd0b3cd10ffae292b6edf8.tiff,True,True
9c5565193a8ab6ddc3b303bc0a9cca09,D:\prostat\train_images\9c5565193a8ab6ddc3b303bc0a9cca09.tiff,True,True
2a8a6a2ae403793e716160d1bf5b5441,D:\prostat\train_images\2a8a6a2ae403793e716160d1bf5b5441.tiff,True,True
e956c0c77d87f17644ec64ccd2abd66a,D:\prostat\train_images\e956c0c77d87f17644ec64ccd2abd66a.tiff,True,True
8546b73cb1496ba85aed909ee151290b,D:\prostat\train_images\8546b73cb1496ba85aed909ee151290b.tiff,True,True
b4e0fb2f9fef51df23589ef04c578b83,D:\prostat\train_images\b4e0fb2f9fef51df23589ef04c578b83.tiff,True,True
650dabf1b46d9fd75380b11c772e6bf6,D:\prostat\train_images\650dabf1b46d9fd75380b11c772e6bf6.tiff,True,True
95934fe39402403648eefd57c9be8692,D:\prostat\train_images\95934fe39402403648eefd57c9be8692.tiff,True,True
c767fb0d83832198876f1ebbc908707d,D:\prostat\train_images\c767fb0d83832198876f1ebbc908707d.tiff,True,True
cc75ac1620668231d5cc98975937aad3,D:\prostat\train_images\cc75ac1620668231d5cc98975937aad3.tiff,True,True
53fd8c8bf3e1a9cc53ee823331428bc2,D:\prostat\train_images\53fd8c8bf3e1a9cc53ee823331428bc2.tiff,True,True
50138c55b4bcb6420982f982fef56c4e,D:\prostat\train_images\50138c55b4bcb6420982f982fef56c4e.tiff,True,True
1b0652ca8ccd6531c5c4d6121919171f,D:\prostat\train_images\1b0652ca8ccd6531c5c4d6121919171f.tiff,True,True
2c0e4995c6e82389dc1964ab5ac6a407,D:\prostat\train_images\2c0e4995c6e82389dc1964ab5ac6a407.tiff,True,True
8f264374ed3fa427615c1650218e7f21,D:\prostat\train_images\8f264374ed3fa427615c1650218e7f21.tiff,True,True
64c46cb52749df98dafa527d439fa606,D:\prostat\train_images\64c46cb52749df98dafa527d439fa606.tiff,True,True
683847ef5ab5ddac7fa74ba56acd06ef,D:\prostat\train_images\683847ef5ab5ddac7fa74ba56acd06ef.tiff,True,True
874023604daab651e40939b852e94291,D:\prostat\train_images\874023604daab651e40939b852e94291.tiff,True,True
0e65f90aa2b3fd3e49982839aa381583,D:\prostat\train_images\0e65f90aa2b3fd3e49982839aa381583.tiff,True,True
f7b41d0ca05e2d1de4fd4b3fd0ae4ef7,D:\prostat\train_images\f7b41d0ca05e2d1de4fd4b3fd0ae4ef7.tiff,True,True
257d6a1beca738d4411347c728f5bf7b,D:\prostat\train_images\257d6a1beca738d4411347c728f5bf7b.tiff,True,True
65bcc0e4ef30b49600530a2c5c5e8d14,D:\prostat\train_images\65bcc0e4ef30b49600530a2c5c5e8d14.tiff,True,True
0b1c63971f6e7515273c95650a2e9063,D:\prostat\train_images\0b1c63971f6e7515273c95650a2e9063.tiff,True,True
71558dd96f24a06b1d3c9db21c183bd8,D:\prostat\train_images\71558dd96f24a06b1d3c9db21c183bd8.tiff,True,True
4e5805c117559a84553665683578f1be,D:\prostat\train_images\4e5805c117559a84553665683578f1be.tiff,True,True
80705f12096390b55d4445485bae5eba,D:\prostat\train_images\80705f12096390b55d4445485bae5eba.tiff,True,True
9dea308c78fb0bfa6c7b7631f15c4f72,D:\prostat\train_images\9dea308c78fb0bfa6c7b7631f15c4f72.tiff,True,True
ebcc8512888bfadf6c90598a7e0b466b,D:\prostat\train_images\ebcc8512888bfadf6c90598a7e0b466b.tiff,True,True
7057c640774c8b672285d0854316d564,D:\prostat\train_images\7057c640774c8b672285d0854316d564.tiff,True,True
59d4bea62436f927dca8046cd737af55,D:\prostat\train_images\59d4bea62436f927dca8046cd737af55.tiff,True,True
c5da6dbc1ed61b7ab06cd92b1dfbdaac,D:\prostat\train_images\c5da6dbc1ed61b7ab06cd92b1dfbdaac.tiff,True,True
84def2e319d3289cb0bda6a3d252ec55,D:\prostat\train_images\84def2e319d3289cb0bda6a3d252ec55.tiff,True,True
f4b4dd5cd25dd638f1673e392321c1b2,D:\prostat\train_images\f4b4dd5cd25dd638f1673e392321c1b2.tiff,True,True
6d1a11077fe4183a4109d649cf319923,D:\prostat\train_images\6d1a11077fe4183a4109d649cf319923.tiff,True,True
da998451f0bdaf4e16b7b41c0881fcba,D:\prostat\train_images\da998451f0bdaf4e16b7b41c0881fcba.tiff,True,True
875a9828eae84e015c5ed0e2fdd76b8e,D:\prostat\train_images\875a9828eae84e015c5ed0e2fdd76b8e.tiff,True,True
fd412a8f537036702bb0e3fa3160f336,D:\prostat\train_images\fd412a8f537036702bb0e3fa3160f336.tiff,True,True
63226114e772943ce7f8017d9f5d4b90,D:\prostat\train_images\63226114e772943ce7f8017d9f5d4b90.tiff,True,True
4dc731d30fb8010b313c357fa56459e3,D:\prostat\train_images\4dc731d30fb8010b313c357fa56459e3.tiff,True,True
fa443a89009d726aafc74f439dcda7aa,D:\prostat\train_images\fa443a89009d726aafc74f439dcda7aa.tiff,True,True
b0602c9c2ffe204f7c0ab9b3386dd35d,D:\prostat\train_images\b0602c9c2ffe204f7c0ab9b3386dd35d.tiff,True,True
b8e52f4258cf7d069e9c5c2698e44e3e,D:\prostat\train_images\b8e52f4258cf7d069e9c5c2698e44e3e.tiff,True,True
2b2866cb48fb18fa8dadd200798c5feb,D:\prostat\train_images\2b2866cb48fb18fa8dadd200798c5feb.tiff,True,True
6f2492a62387357de046f11af3a8524d,D:\prostat\train_images\6f2492a62387357de046f11af3a8524d.tiff,True,True
cc3d4d77585447466f27904725bd1d7b,D:\prostat\train_images\cc3d4d77585447466f27904725bd1d7b.tiff,True,True
9ed8ec7bf90653bc4ca86b3ca53cbb96,D:\prostat\train_images\9ed8ec7bf90653bc4ca86b3ca53cbb96.tiff,True,True
e215390dcbae6c6daacec8cff63370be,D:\prostat\train_images\e215390dcbae6c6daacec8cff63370be.tiff,True,True
ba024a373ad51127f076f2e9d946dbce,D:\prostat\train_images\ba024a373ad51127f076f2e9d946dbce.tiff,True,True
37355e29029bdc13096902e0d82a9b88,D:\prostat\train_images\37355e29029bdc13096902e0d82a9b88.tiff,True,True
562f3b08fc6d89e07d5ca8321e2b17a5,D:\prostat\train_images\562f3b08fc6d89e07d5ca8321e2b17a5.tiff,True,True
f0dc04c4cb88b0e5bafbdc6a852ffefe,D:\prostat\train_images\f0dc04c4cb88b0e5bafbdc6a852ffefe.tiff,True,True
0c9045b2cc21942d866067874807cad8,D:\prostat\train_images\0c9045b2cc21942d866067874807cad8.tiff,True,True
e3e660456c62fb96e17658af48b3e7e4,D:\prostat\train_images\e3e660456c62fb96e17658af48b3e7e4.tiff,True,True
58476708525d4b4fb5308d069645e097,D:\prostat\train_images\58476708525d4b4fb5308d069645e097.tiff,True,True
ac32c2c755e496c5e7bc1949b78d36c9,D:\prostat\train_images\ac32c2c755e496c5e7bc1949b78d36c9.tiff,True,True
cb3e71bd3331bf85370d0a3a3071f47c,D:\prostat\train_images\cb3e71bd3331bf85370d0a3a3071f47c.tiff,True,True
63af8bc50ca5f1f8b8aca0a46a7fc428,D:\prostat\train_images\63af8bc50ca5f1f8b8aca0a46a7fc428.tiff,True,True
9b3a864a74ef57cc85f9b7fdbfc8ca45,D:\prostat\train_images\9b3a864a74ef57cc85f9b7fdbfc8ca45.tiff,True,True
2ee04159001b56e9f28dfa9541e1b9fb,D:\prostat\train_images\2ee04159001b56e9f28dfa9541e1b9fb.tiff,True,True
f1a65bcc3e01e8de90ea405984c61c4e,D:\prostat\train_images\f1a65bcc3e01e8de90ea405984c61c4e.tiff,True,True
661fd3b4006818c649c405972229bd67,D:\prostat\train_images\661fd3b4006818c649c405972229bd67.tiff,True,True
40f620868c9f202a2cf669e4f20ffcf3,D:\prostat\train_images\40f620868c9f202a2cf669e4f20ffcf3.tiff,True,True
c779f8e6464edd98859571efe4c0cc23,D:\prostat\train_images\c779f8e6464edd98859571efe4c0cc23.tiff,True,True
61996024f501a34a002c0a6f775f6ec5,D:\prostat\train_images\61996024f501a34a002c0a6f775f6ec5.tiff,True,True
976e53986cf5902e6d8eb26e04fa44f9,D:\prostat\train_images\976e53986cf5902e6d8eb26e04fa44f9.tiff,True,True
a59b754e6ae29ba224e7422995ebb5fe,D:\prostat\train_images\a59b754e6ae29ba224e7422995ebb5fe.tiff,True,True
d49ec86c92a9a403ccd971a0e12fe734,D:\prostat\train_images\d49ec86c92a9a403ccd971a0e12fe734.tiff,True,True
6e52a788e36a88c5267d49e219051d05,D:\prostat\train_images\6e52a788e36a88c5267d49e219051d05.tiff,True,True
bd044fc0a6c80e3f94bdbefb3d36cdff,D:\prostat\train_images\bd044fc0a6c80e3f94bdbefb3d36cdff.tiff,True,True
5942e1016b0bb0a5adc8f60714cb5b51,D:\prostat\train_images\5942e1016b0bb0a5adc8f60714cb5b51.tiff,True,True
751b5369155b1086d5a5f3feeb21bdc5,D:\prostat\train_images\751b5369155b1086d5a5f3feeb21bdc5.tiff,True,True
cd9c3b20829419695429f656fc340821,D:\prostat\train_images\cd9c3b20829419695429f656fc340821.tiff,True,True
f02b9020d7bc40972be3d30d13b745c4,D:\prostat\train_images\f02b9020d7bc40972be3d30d13b745c4.tiff,True,True
f2a41d0bcc37df0b70f2a002317c1a77,D:\prostat\train_images\f2a41d0bcc37df0b70f2a002317c1a77.tiff,True,True
814e03e0dabe52a24961a88e331c43f7,D:\prostat\train_images\814e03e0dabe52a24961a88e331c43f7.tiff,True,True
8179b356509349b2d8ecae80e6a4a826,D:\prostat\train_images\8179b356509349b2d8ecae80e6a4a826.tiff,True,True
89572c5f93eb8b635a350d9fafa2044f,D:\prostat\train_images\89572c5f93eb8b635a350d9fafa2044f.tiff,True,True
d4de3f75f584833fbf5318f1352349fc,D:\prostat\train_images\d4de3f75f584833fbf5318f1352349fc.tiff,True,True
6bb5a1ea7cae19a7a11fa7cbd55a7410,D:\prostat\train_images\6bb5a1ea7cae19a7a11fa7cbd55a7410.tiff,True,True
97b7f54f14c7755f68592de20ea662b1,D:\prostat\train_images\97b7f54f14c7755f68592de20ea662b1.tiff,True,True
36909d9bacf3828022000e94bc4d02c5,D:\prostat\train_images\36909d9bacf3828022000e94bc4d02c5.tiff,True,True
333bc859088cb64ca1d20af155b8bf57,D:\prostat\train_images\333bc859088cb64ca1d20af155b8bf57.tiff,True,True
55dc99e7642722de975684d45c090d30,D:\prostat\train_images\55dc99e7642722de975684d45c090d30.tiff,True,True
0c086008cc6c8c8da93106b67d336b8f,D:\prostat\train_images\0c086008cc6c8c8da93106b67d336b8f.tiff,True,True
53c13f2dba313251cb0e86eeedda6bbd,D:\prostat\train_images\53c13f2dba313251cb0e86eeedda6bbd.tiff,True,True
832fc8dde9814d7ecf3d16ea3c3ed5a7,D:\prostat\train_images\832fc8dde9814d7ecf3d16ea3c3ed5a7.tiff,True,True
b091f8134325f137e62fa225e00435af,D:\prostat\train_images\b091f8134325f137e62fa225e00435af.tiff,True,True
585673c1e2a7911db8386224726284ed,D:\prostat\train_images\585673c1e2a7911db8386224726284ed.tiff,True,True
f5bcdc71b90c6fcf27f2334162a0b97f,D:\prostat\train_images\f5bcdc71b90c6fcf27f2334162a0b97f.tiff,True,True
e54d3874e0c391cff77113247b848a1b,D:\prostat\train_images\e54d3874e0c391cff77113247b848a1b.tiff,True,True
a331bd194ce409c37923a64ae652009f,D:\prostat\train_images\a331bd194ce409c37923a64ae652009f.tiff,True,True
ff9dd750be215c8ba38b5195de612253,D:\prostat\train_images\ff9dd750be215c8ba38b5195de612253.tiff,True,True
1091823128e2ad54c3c90e316e0e5736,D:\prostat\train_images\1091823128e2ad54c3c90e316e0e5736.tiff,True,True
3b1e3723cb316952edf175585cbf1ef0,D:\prostat\train_images\3b1e3723cb316952edf175585cbf1ef0.tiff,True,True
389758c9e3aad00e774d581150f372db,D:\prostat\train_images\389758c9e3aad00e774d581150f372db.tiff,True,True
8261693622a5aa8b3806c8339cef066d,D:\prostat\train_images\8261693622a5aa8b3806c8339cef066d.tiff,True,True
724fe51b29e0e47c8598ca4d3947287f,D:\prostat\train_images\724fe51b29e0e47c8598ca4d3947287f.tiff,True,True
6a1d806e8de5224e3134a345e2ee8f74,D:\prostat\train_images\6a1d806e8de5224e3134a345e2ee8f74.tiff,True,True
1d7f8f1abfefa25cfae8cc2ede5d847b,D:\prostat\train_images\1d7f8f1abfefa25cfae8cc2ede5d847b.tiff,True,True
871e9ccf18d457762de141db98a043e7,D:\prostat\train_images\871e9ccf18d457762de141db98a043e7.tiff,True,True
58b63fe9e72cabcf0c934e745d942fec,D:\prostat\train_images\58b63fe9e72cabcf0c934e745d942fec.tiff,True,True
206c5193a3d82da78c115c6dc4b4cf6c,D:\prostat\train_images\206c5193a3d82da78c115c6dc4b4cf6c.tiff,True,True
8dc0d30245d16902077f9d5da16f1475,D:\prostat\train_images\8dc0d30245d16902077f9d5da16f1475.tiff,True,True
23c7e23b418a44db2d86d9cde9b7ba3f,D:\prostat\train_images\23c7e23b418a44db2d86d9cde9b7ba3f.tiff,True,True
1ee5dd11e670c5a007555d77537635b6,D:\prostat\train_images\1ee5dd11e670c5a007555d77537635b6.tiff,True,True
d2a97eb750bf080454727f8b67a69d92,D:\prostat\train_images\d2a97eb750bf080454727f8b67a69d92.tiff,True,True
c61309f50b0ae9b10f470cc11546a864,D:\prostat\train_images\c61309f50b0ae9b10f470cc11546a864.tiff,True,True
d20a7257f89745f389a6dc98b6b4df7a,D:\prostat\train_images\d20a7257f89745f389a6dc98b6b4df7a.tiff,True,True
b2de71e7e1619aa395f55e9859849f2f,D:\prostat\train_images\b2de71e7e1619aa395f55e9859849f2f.tiff,True,True
7b8d2f39e387bc0a54504377f8318247,D:\prostat\train_images\7b8d2f39e387bc0a54504377f8318247.tiff,True,True
be1573a19286fcb2ab6fa14b32bd68a6,D:\prostat\train_images\be1573a19286fcb2ab6fa14b32bd68a6.tiff,True,True
cb88d17eb5534d45ea5377f92ff00bc5,D:\prostat\train_images\cb88d17eb5534d45ea5377f92ff00bc5.tiff,True,True
4cf118a3431367ed792a1a9444a948d9,D:\prostat\train_images\4cf118a3431367ed792a1a9444a948d9.tiff,True,True
da558caad449f980ef35d87f9bfc2fa4,D:\prostat\train_images\da558caad449f980ef35d87f9bfc2fa4.tiff,True,True
8d023fab6d98cb21342681e0dda180d0,D:\prostat\train_images\8d023fab6d98cb21342681e0dda180d0.tiff,True,True
ed6df9ab166f61c7f18725ebfaa893f9,D:\prostat\train_images\ed6df9ab166f61c7f18725ebfaa893f9.tiff,True,True
cd452ef8c793e13a8caae24e65701f3a,D:\prostat\train_images\cd452ef8c793e13a8caae24e65701f3a.tiff,True,True
932af254f55ed4607b6a31c4fc69726f,D:\prostat\train_images\932af254f55ed4607b6a31c4fc69726f.tiff,True,True
2f36ff8187d5edeea79ad2e87763a89b,D:\prostat\train_images\2f36ff8187d5edeea79ad2e87763a89b.tiff,True,True
103b9b34a5c6a68bccd320b924513711,D:\prostat\train_images\103b9b34a5c6a68bccd320b924513711.tiff,True,True
8ef60407163c62c9fc4f2a3f6bf7691a,D:\prostat\train_images\8ef60407163c62c9fc4f2a3f6bf7691a.tiff,True,True
382ddc25ec205c031a76956d6060bd2b,D:\prostat\train_images\382ddc25ec205c031a76956d6060bd2b.tiff,True,True
276fe273713496862d1e614288e3f670,D:\prostat\train_images\276fe273713496862d1e614288e3f670.tiff,True,True
bfc0f3be45e3eff66989c2553cf39436,D:\prostat\train_images\bfc0f3be45e3eff66989c2553cf39436.tiff,True,True
be2a4f591ca984c0f621d49a0d4b281f,D:\prostat\train_images\be2a4f591ca984c0f621d49a0d4b281f.tiff,True,True
15b76986fa6a5826ed39c184aea31e4f,D:\prostat\train_images\15b76986fa6a5826ed39c184aea31e4f.tiff,True,True
a2876051374ff6110f7572e64013441d,D:\prostat\train_images\a2876051374ff6110f7572e64013441d.tiff,True,True
808b08eee6fcba85c15f66c78d2ad293,D:\prostat\train_images\808b08eee6fcba85c15f66c78d2ad293.tiff,True,True
2c654377bd25b4e7ba71f32ddac3045e,D:\prostat\train_images\2c654377bd25b4e7ba71f32ddac3045e.tiff,True,True
3ec6c7eb5ad53fd8a1641433ddf33eb6,D:\prostat\train_images\3ec6c7eb5ad53fd8a1641433ddf33eb6.tiff,True,True
e93861af06ca8a35bc36d1013c1c269a,D:\prostat\train_images\e93861af06ca8a35bc36d1013c1c269a.tiff,True,True
6e3e91f569a2ca2730a9a23811f12ac4,D:\prostat\train_images\6e3e91f569a2ca2730a9a23811f12ac4.tiff,True,True
60ebd38dfc08cd7e4bb74e7930860c8c,D:\prostat\train_images\60ebd38dfc08cd7e4bb74e7930860c8c.tiff,True,True
e0818000c58746e9ac0994202db988d0,D:\prostat\train_images\e0818000c58746e9ac0994202db988d0.tiff,True,True
5dfb4fde4486edf9f5863e61a1ba016c,D:\prostat\train_images\5dfb4fde4486edf9f5863e61a1ba016c.tiff,True,True
105fe6192a1f84fbfef74388de5e48d8,D:\prostat\train_images\105fe6192a1f84fbfef74388de5e48d8.tiff,True,True
2966dfe36bca2724806b2020aa677990,D:\prostat\train_images\2966dfe36bca2724806b2020aa677990.tiff,True,True
137424bd3da854f6a78b917324fb5bdb,D:\prostat\train_images\137424bd3da854f6a78b917324fb5bdb.tiff,True,True
7c8d19a02dd9c17f67f97a1b5160ad79,D:\prostat\train_images\7c8d19a02dd9c17f67f97a1b5160ad79.tiff,True,True
32ed7a2359cfebfb8db4eb360c784adf,D:\prostat\train_images\32ed7a2359cfebfb8db4eb360c784adf.tiff,True,True
9962fd78160191c674d0032acc13c4a7,D:\prostat\train_images\9962fd78160191c674d0032acc13c4a7.tiff,True,True
e3cf7905ba04ebe9a090b586b4988e3d,D:\prostat\train_images\e3cf7905ba04ebe9a090b586b4988e3d.tiff,True,True
bd31a494912d04160fec50b16a4d330f,D:\prostat\train_images\bd31a494912d04160fec50b16a4d330f.tiff,True,True
658be675223ffa5509203009eb7bba89,D:\prostat\train_images\658be675223ffa5509203009eb7bba89.tiff,True,True
06cab87cd7a132bd8eaa30aa1ea42434,D:\prostat\train_images\06cab87cd7a132bd8eaa30aa1ea42434.tiff,True,True
4baed07e2381293cb782253baea6056b,D:\prostat\train_images\4baed07e2381293cb782253baea6056b.tiff,True,True
99b76caa997ed99703923c07cc44a7bf,D:\prostat\train_images\99b76caa997ed99703923c07cc44a7bf.tiff,True,True
f6ed84e1e5bdb1ee5d79e0f5353b42ef,D:\prostat\train_images\f6ed84e1e5bdb1ee5d79e0f5353b42ef.tiff,True,True
6b47d60ee262e38e5bf082837c3ca24d,D:\prostat\train_images\6b47d60ee262e38e5bf082837c3ca24d.tiff,True,True
177373821195cf33e7bc4c8bcd089a2e,D:\prostat\train_images\177373821195cf33e7bc4c8bcd089a2e.tiff,True,True
95f46368ce66a0f5d0fb0ce29d703451,D:\prostat\train_images\95f46368ce66a0f5d0fb0ce29d703451.tiff,True,True
27b2b3b36533f1f516d6de5c9704ce76,D:\prostat\train_images\27b2b3b36533f1f516d6de5c9704ce76.tiff,True,True
a75b08009b587976191d332890a52964,D:\prostat\train_images\a75b08009b587976191d332890a52964.tiff,True,True
824dfb4e8eb256cde52493d8667bfe10,D:\prostat\train_images\824dfb4e8eb256cde52493d8667bfe10.tiff,True,True
cbf05dbfcf24b4fc7dded902c1ac37e3,D:\prostat\train_images\cbf05dbfcf24b4fc7dded902c1ac37e3.tiff,True,True
fe55f8384b36da44b05355cd6c9079d9,D:\prostat\train_images\fe55f8384b36da44b05355cd6c9079d9.tiff,True,True
a6a7146bd23b394f54a5950d2dbefa7b,D:\prostat\train_images\a6a7146bd23b394f54a5950d2dbefa7b.tiff,True,True
02f35b793b4fe3032ad6d91f181e391c,D:\prostat\train_images\02f35b793b4fe3032ad6d91f181e391c.tiff,True,True
d7d09ab8218cfe95d21ff22df45e75ff,D:\prostat\train_images\d7d09ab8218cfe95d21ff22df45e75ff.tiff,True,True
53416873e47e7e576ec17bdfa919b405,D:\prostat\train_images\53416873e47e7e576ec17bdfa919b405.tiff,True,True
9c51659368b9df260684b25ecaca3f77,D:\prostat\train_images\9c51659368b9df260684b25ecaca3f77.tiff,True,True
d49075075de98ba225b3306bc8cfca44,D:\prostat\train_images\d49075075de98ba225b3306bc8cfca44.tiff,True,True
644c556ebc3fc0c4345e328f8523308c,D:\prostat\train_images\644c556ebc3fc0c4345e328f8523308c.tiff,True,True
28acde305cf3cfec908b01a2514758a1,D:\prostat\train_images\28acde305cf3cfec908b01a2514758a1.tiff,True,True
409a4a93c34c808803f6f2059e1161bd,D:\prostat\train_images\409a4a93c34c808803f6f2059e1161bd.tiff,True,True
3c3aa44696a719df615ab982dd7c95e1,D:\prostat\train_images\3c3aa44696a719df615ab982dd7c95e1.tiff,True,True
369d4a2937c58da892d153886cff15e3,D:\prostat\train_images\369d4a2937c58da892d153886cff15e3.tiff,True,True
ae4eece1cdf581598449b32f7747f3a6,D:\prostat\train_images\ae4eece1cdf581598449b32f7747f3a6.tiff,True,True
cacf5097de53eb9db8566f3f48522bda,D:\prostat\train_images\cacf5097de53eb9db8566f3f48522bda.tiff,True,True
20f97907e71dbc8c945a87ecbe31a781,D:\prostat\train_images\20f97907e71dbc8c945a87ecbe31a781.tiff,True,True
b0654fe0bbf7b60f93eeea050b99f553,D:\prostat\train_images\b0654fe0bbf7b60f93eeea050b99f553.tiff,True,True
bced61c055b97795c15fd6020cbf1c96,D:\prostat\train_images\bced61c055b97795c15fd6020cbf1c96.tiff,True,True
c192a7c5a94aacbb3293267bf206bf5a,D:\prostat\train_images\c192a7c5a94aacbb3293267bf206bf5a.tiff,True,True
3109bea8f9be6a92c492ccf55c2ec5a1,D:\prostat\train_images\3109bea8f9be6a92c492ccf55c2ec5a1.tiff,True,True
244aaeaceae1f9c1bfaae192bf4d2984,D:\prostat\train_images\244aaeaceae1f9c1bfaae192bf4d2984.tiff,True,True
2b0e9769c35027a1d3a0bef42da767db,D:\prostat\train_images\2b0e9769c35027a1d3a0bef42da767db.tiff,True,True
9df49d12d43e709cb6b1f4c5878e8917,D:\prostat\train_images\9df49d12d43e709cb6b1f4c5878e8917.tiff,True,True
d1766314b6c9a6f528f4cb6643798d41,D:\prostat\train_images\d1766314b6c9a6f528f4cb6643798d41.tiff,True,True
24e915870a8fcdc0277c197e2eb80934,D:\prostat\train_images\24e915870a8fcdc0277c197e2eb80934.tiff,True,True
44fe9866a8fbfc80642bd800e2e4954b,D:\prostat\train_images\44fe9866a8fbfc80642bd800e2e4954b.tiff,True,True
f02badb2b1c69c914644ea89c3c5846f,D:\prostat\train_images\f02badb2b1c69c914644ea89c3c5846f.tiff,True,True
dccc83277c036d6a82720e6a19785fad,D:\prostat\train_images\dccc83277c036d6a82720e6a19785fad.tiff,True,True
b09983414eb11c9fb676f29db50f32e2,D:\prostat\train_images\b09983414eb11c9fb676f29db50f32e2.tiff,True,True
db0e00329b9050f7f855d64a882265d3,D:\prostat\train_images\db0e00329b9050f7f855d64a882265d3.tiff,True,True
5b068fcb3a6af7142be9e39d24d1a8bf,D:\prostat\train_images\5b068fcb3a6af7142be9e39d24d1a8bf.tiff,True,True
5a1e02d983668583f95b2220fc7dc71d,D:\prostat\train_images\5a1e02d983668583f95b2220fc7dc71d.tiff,True,True
08a06fa523ddffc4597efa05ef129f1f,D:\prostat\train_images\08a06fa523ddffc4597efa05ef129f1f.tiff,True,True
5713e93359c4a7f36073922557f88494,D:\prostat\train_images\5713e93359c4a7f36073922557f88494.tiff,True,True
a1e7bd4137e20d1bc42c637990986dea,D:\prostat\train_images\a1e7bd4137e20d1bc42c637990986dea.tiff,True,True
e7578f0f247ac137f64dadd96b1031a4,D:\prostat\train_images\e7578f0f247ac137f64dadd96b1031a4.tiff,True,True
7200c323caff2ce71735a87fa810a211,D:\prostat\train_images\7200c323caff2ce71735a87fa810a211.tiff,True,True
da07bf2ac3a36b2ff58e35561f15613f,D:\prostat\train_images\da07bf2ac3a36b2ff58e35561f15613f.tiff,True,True
0e3b9cd71b3f0049db58e845a781c228,D:\prostat\train_images\0e3b9cd71b3f0049db58e845a781c228.tiff,True,True
01a9472f2b061f80bb7c125dfa9771e5,D:\prostat\train_images\01a9472f2b061f80bb7c125dfa9771e5.tiff,True,True
b0aca7fed1a87d29f3be153d3b8c49f5,D:\prostat\train_images\b0aca7fed1a87d29f3be153d3b8c49f5.tiff,True,True
613d47883d333e9a07f1347ffc64e7ab,D:\prostat\train_images\613d47883d333e9a07f1347ffc64e7ab.tiff,True,True
e005bc3ecd718b268588742a9e86d6f8,D:\prostat\train_images\e005bc3ecd718b268588742a9e86d6f8.tiff,True,True
8a510d59fecf6f0f07ae5d6b5b83190a,D:\prostat\train_images\8a510d59fecf6f0f07ae5d6b5b83190a.tiff,True,True
9c06df878518778e3680ef07d6589fdc,D:\prostat\train_images\9c06df878518778e3680ef07d6589fdc.tiff,True,True
530fe0124e17f2f3a98c53ffe86bf421,D:\prostat\train_images\530fe0124e17f2f3a98c53ffe86bf421.tiff,True,True
f067f6f95a07384e9a0b2b213528e54a,D:\prostat\train_images\f067f6f95a07384e9a0b2b213528e54a.tiff,True,True
dcc06d1ff01037f11254e5d5cc3c77d2,D:\prostat\train_images\dcc06d1ff01037f11254e5d5cc3c77d2.tiff,True,True
ae0dc2c2d5aed206f4ce5c529684580c,D:\prostat\train_images\ae0dc2c2d5aed206f4ce5c529684580c.tiff,True,True
fbc0c3145008a420b3b038e8820aba1b,D:\prostat\train_images\fbc0c3145008a420b3b038e8820aba1b.tiff,True,True
5ba5c62518b86d2f6ac2f6f31e38c23f,D:\prostat\train_images\5ba5c62518b86d2f6ac2f6f31e38c23f.tiff,True,True
b43f3b343ae4fcfc5288400122c2f627,D:\prostat\train_images\b43f3b343ae4fcfc5288400122c2f627.tiff,True,True
704a213fd13aa5e59c4fcf5c84723e57,D:\prostat\train_images\704a213fd13aa5e59c4fcf5c84723e57.tiff,True,True
1b176c9049260a8843b97349ccdd3eb7,D:\prostat\train_images\1b176c9049260a8843b97349ccdd3eb7.tiff,True,True
0d9ebaacb0ccda0312b5fca401e699c1,D:\prostat\train_images\0d9ebaacb0ccda0312b5fca401e699c1.tiff,True,True
1b56aa5e47dd082eec700054ff320db9,D:\prostat\train_images\1b56aa5e47dd082eec700054ff320db9.tiff,True,True
757b927de93c8083c392f2248529d29a,D:\prostat\train_images\757b927de93c8083c392f2248529d29a.tiff,True,True
17efb686df335e94942c65347a380135,D:\prostat\train_images\17efb686df335e94942c65347a380135.tiff,True,True
bb8c26c5d0ec96b601d3ac2bd4fb2283,D:\prostat\train_images\bb8c26c5d0ec96b601d3ac2bd4fb2283.tiff,True,True
b79a6f8a47e79bfc1dabc48c37d54464,D:\prostat\train_images\b79a6f8a47e79bfc1dabc48c37d54464.tiff,True,True
24dec714435950378692d40fe4d4b449,D:\prostat\train_images\24dec714435950378692d40fe4d4b449.tiff,True,True
9a8507fd23867a02a98fd29bbca819bd,D:\prostat\train_images\9a8507fd23867a02a98fd29bbca819bd.tiff,True,True
514f766f399e03368682786c5d23f3e8,D:\prostat\train_images\514f766f399e03368682786c5d23f3e8.tiff,True,True
8e25584bd03155d24a2adc00517a38e8,D:\prostat\train_images\8e25584bd03155d24a2adc00517a38e8.tiff,True,True
86e1e1f8d6a8d630b1577b3a5f3d65a3,D:\prostat\train_images\86e1e1f8d6a8d630b1577b3a5f3d65a3.tiff,True,True
97b36902754bad28b6fd335ddfc6db55,D:\prostat\train_images\97b36902754bad28b6fd335ddfc6db55.tiff,True,True
16a7fa5280ee932e6410f1ec3ef39a39,D:\prostat\train_images\16a7fa5280ee932e6410f1ec3ef39a39.tiff,True,True
b0db6c7062db390ce41581728f2ef122,D:\prostat\train_images\b0db6c7062db390ce41581728f2ef122.tiff,True,True
1163571b3edf666ab3a1dd30686e7530,D:\prostat\train_images\1163571b3edf666ab3a1dd30686e7530.tiff,True,True
d3d56ee887a17cd40e7b6cf630c8107c,D:\prostat\train_images\d3d56ee887a17cd40e7b6cf630c8107c.tiff,True,True
c67388909d55149c1e66baa48a22cdb5,D:\prostat\train_images\c67388909d55149c1e66baa48a22cdb5.tiff,True,True
e19a84f7ffcdd000dd94cbdee9564a4b,D:\prostat\train_images\e19a84f7ffcdd000dd94cbdee9564a4b.tiff,True,True
c306e9bf52ed33801003d17ae3f60d32,D:\prostat\train_images\c306e9bf52ed33801003d17ae3f60d32.tiff,True,True
6f7964ccd7bf337793b91b0a2c4266ca,D:\prostat\train_images\6f7964ccd7bf337793b91b0a2c4266ca.tiff,True,True
0b4fba162fc179a4cf63cc986f72ac4c,D:\prostat\train_images\0b4fba162fc179a4cf63cc986f72ac4c.tiff,True,True
a5efb875158cabc314fcb2308e4f32ff,D:\prostat\train_images\a5efb875158cabc314fcb2308e4f32ff.tiff,True,True
8ef6bc4f6251b850e1b47f926d50968a,D:\prostat\train_images\8ef6bc4f6251b850e1b47f926d50968a.tiff,True,True
4567ef540fb74d70047dbd2010e13c1c,D:\prostat\train_images\4567ef540fb74d70047dbd2010e13c1c.tiff,True,True
dae39ae3951b77dc5f245fae8b5a0f92,D:\prostat\train_images\dae39ae3951b77dc5f245fae8b5a0f92.tiff,True,True
7bb1820c1aa24e37399fdf647a1ed64a,D:\prostat\train_images\7bb1820c1aa24e37399fdf647a1ed64a.tiff,True,True
d0fe5433525c2dd49ca417cc8a4c82e8,D:\prostat\train_images\d0fe5433525c2dd49ca417cc8a4c82e8.tiff,True,True
05a5622cb79be8e83a265ee80fd52d86,D:\prostat\train_images\05a5622cb79be8e83a265ee80fd52d86.tiff,True,True
5a89e95c1dfe4f320ac954517281f9eb,D:\prostat\train_images\5a89e95c1dfe4f320ac954517281f9eb.tiff,True,True
d396752533648e870437e895a2a1d175,D:\prostat\train_images\d396752533648e870437e895a2a1d175.tiff,True,True
49f57da1e460334f4696a25245933d30,D:\prostat\train_images\49f57da1e460334f4696a25245933d30.tiff,True,True
b6d811787ee589d5c13dfd8f3aa893f4,D:\prostat\train_images\b6d811787ee589d5c13dfd8f3aa893f4.tiff,True,True
6b6ee3706f0b7accf8dcb4d85ed46975,D:\prostat\train_images\6b6ee3706f0b7accf8dcb4d85ed46975.tiff,True,True
57d9e8952e401a8f68a4a6ac950c3f00,D:\prostat\train_images\57d9e8952e401a8f68a4a6ac950c3f00.tiff,True,True
24f81c84fd8d2d14490060c548f7d9c1,D:\prostat\train_images\24f81c84fd8d2d14490060c548f7d9c1.tiff,True,True
3b82f3a80bd8bef6a0353a4443185c4e,D:\prostat\train_images\3b82f3a80bd8bef6a0353a4443185c4e.tiff,True,True
a18dd083ecf438507441cb0d5fc3122e,D:\prostat\train_images\a18dd083ecf438507441cb0d5fc3122e.tiff,True,True
607afab0ebabe2ae01a282ebf467a7ee,D:\prostat\train_images\607afab0ebabe2ae01a282ebf467a7ee.tiff,True,True
653c264adcf141d83e59f7f0a9c9bed9,D:\prostat\train_images\653c264adcf141d83e59f7f0a9c9bed9.tiff,True,True
c4bbe05f5d77f1a42bc95191285ab1bb,D:\prostat\train_images\c4bbe05f5d77f1a42bc95191285ab1bb.tiff,True,True
cae077a0259202d61eaf7f10424b148a,D:\prostat\train_images\cae077a0259202d61eaf7f10424b148a.tiff,True,True
beaeb46f623d7739758358065ecb0bab,D:\prostat\train_images\beaeb46f623d7739758358065ecb0bab.tiff,True,True
fc7ed93be0f56dad8a6e9d2951ac1d01,D:\prostat\train_images\fc7ed93be0f56dad8a6e9d2951ac1d01.tiff,True,True
5f8b30f872042fe9cc2b0b312094f156,D:\prostat\train_images\5f8b30f872042fe9cc2b0b312094f156.tiff,True,True
03a3d1bac814f25da8e1f7c511cc10af,D:\prostat\train_images\03a3d1bac814f25da8e1f7c511cc10af.tiff,True,True
d170e740852da74410caa708246dc4de,D:\prostat\train_images\d170e740852da74410caa708246dc4de.tiff,True,True
ba688af0eaf8cb53ccca7ee628a4691a,D:\prostat\train_images\ba688af0eaf8cb53ccca7ee628a4691a.tiff,True,True
41890d6114a8efe1afa054303c9b6b9a,D:\prostat\train_images\41890d6114a8efe1afa054303c9b6b9a.tiff,True,True
38abe3550726a4a1f947fd0732ded83d,D:\prostat\train_images\38abe3550726a4a1f947fd0732ded83d.tiff,True,True
1e642b4f5afa230c341c6622461dd48b,D:\prostat\train_images\1e642b4f5afa230c341c6622461dd48b.tiff,True,True
49f832fb327a3f88db9c324ca8b1c6ad,D:\prostat\train_images\49f832fb327a3f88db9c324ca8b1c6ad.tiff,True,True
63ec04bc1c32dd36fc1bfa2846a0c98f,D:\prostat\train_images\63ec04bc1c32dd36fc1bfa2846a0c98f.tiff,True,True
06636cdd43041e78141f2f5069fa62d5,D:\prostat\train_images\06636cdd43041e78141f2f5069fa62d5.tiff,True,True
9b78976098554461d749dc6ea6afc9ba,D:\prostat\train_images\9b78976098554461d749dc6ea6afc9ba.tiff,True,True
23145eb40dbfd7033b4c21e7a9649ca7,D:\prostat\train_images\23145eb40dbfd7033b4c21e7a9649ca7.tiff,True,True
435734d7f2f72864a59c326150f06909,D:\prostat\train_images\435734d7f2f72864a59c326150f06909.tiff,True,True
cca03fff371929086f159459f7e7fbb9,D:\prostat\train_images\cca03fff371929086f159459f7e7fbb9.tiff,True,True
70256626a66f83e38b69a88a68967130,D:\prostat\train_images\70256626a66f83e38b69a88a68967130.tiff,True,True
d7638720ca4ce4fec6b6afbf524feef9,D:\prostat\train_images\d7638720ca4ce4fec6b6afbf524feef9.tiff,True,True
b75dff02d2f6c823b0a475ce346be0fb,D:\prostat\train_images\b75dff02d2f6c823b0a475ce346be0fb.tiff,True,True
b393b5fdb1c3810f70c422cca50ff720,D:\prostat\train_images\b393b5fdb1c3810f70c422cca50ff720.tiff,True,True
898c2d26d40846143d477f1b625971a1,D:\prostat\train_images\898c2d26d40846143d477f1b625971a1.tiff,True,True
bac06a64ef7244901302f1681deeb5f0,D:\prostat\train_images\bac06a64ef7244901302f1681deeb5f0.tiff,True,True
b14c47385cf8f325e15a9260490c2bb6,D:\prostat\train_images\b14c47385cf8f325e15a9260490c2bb6.tiff,True,True
9f6fcbd6ab5f8b996cbd99d795b8daa8,D:\prostat\train_images\9f6fcbd6ab5f8b996cbd99d795b8daa8.tiff,True,True
379a40c0c5b897ffd42d5567d40968da,D:\prostat\train_images\379a40c0c5b897ffd42d5567d40968da.tiff,True,True
04201ee15d33abe4b032317792cf1040,D:\prostat\train_images\04201ee15d33abe4b032317792cf1040.tiff,True,True
754bb7812dca6a3fe59c3da1558a411f,D:\prostat\train_images\754bb7812dca6a3fe59c3da1558a411f.tiff,True,True
139cb12bffe84ce402f7eeef365bb842,D:\prostat\train_images\139cb12bffe84ce402f7eeef365bb842.tiff,True,True
dd283d0ff1afced1fa9c86e26269c003,D:\prostat\train_images\dd283d0ff1afced1fa9c86e26269c003.tiff,True,True
74f7964ce88013503e3748a1bbf83cb7,D:\prostat\train_images\74f7964ce88013503e3748a1bbf83cb7.tiff,True,True
d2b1ee78b2dd9b89d02a1f4a1113a801,D:\prostat\train_images\d2b1ee78b2dd9b89d02a1f4a1113a801.tiff,True,True
08e7beb9ca5dbe53b59cbb27639bffcf,D:\prostat\train_images\08e7beb9ca5dbe53b59cbb27639bffcf.tiff,True,True
963c4b548a8dea988860f21015eae898,D:\prostat\train_images\963c4b548a8dea988860f21015eae898.tiff,True,True
99a853d64658ebefa3f3ad008d4d9fcb,D:\prostat\train_images\99a853d64658ebefa3f3ad008d4d9fcb.tiff,True,True
c867630b14137ca898056cb4eefe1696,D:\prostat\train_images\c867630b14137ca898056cb4eefe1696.tiff,True,True
57e625f31af9400c35f881ede09c1ac5,D:\prostat\train_images\57e625f31af9400c35f881ede09c1ac5.tiff,True,True
0fdc638497683fff29f753e08a347200,D:\prostat\train_images\0fdc638497683fff29f753e08a347200.tiff,True,True
77168b76ae7d1734b51e0d3601b7ffec,D:\prostat\train_images\77168b76ae7d1734b51e0d3601b7ffec.tiff,True,True
33886505edad882dfed435954e9723e5,D:\prostat\train_images\33886505edad882dfed435954e9723e5.tiff,True,True
d4a0456a1c023a8d75170ce98199ac0f,D:\prostat\train_images\d4a0456a1c023a8d75170ce98199ac0f.tiff,True,True
54eb7abc2a838e3f49f7e38361ce0b12,D:\prostat\train_images\54eb7abc2a838e3f49f7e38361ce0b12.tiff,True,True
d7a038e19036352879564963a63082f1,D:\prostat\train_images\d7a038e19036352879564963a63082f1.tiff,True,True
adc1461503a7cb916665eb37787c4c8b,D:\prostat\train_images\adc1461503a7cb916665eb37787c4c8b.tiff,True,True
0c02d3bb3a62519b31c63d0301c6843e,D:\prostat\train_images\0c02d3bb3a62519b31c63d0301c6843e.tiff,True,True
b283f2cca8b919e83f7cba1bcbfbbefb,D:\prostat\train_images\b283f2cca8b919e83f7cba1bcbfbbefb.tiff,True,True
e2c101f2e420716fe53e2c61109faddc,D:\prostat\train_images\e2c101f2e420716fe53e2c61109faddc.tiff,True,True
a34c0d728771285a18dfb156259eb817,D:\prostat\train_images\a34c0d728771285a18dfb156259eb817.tiff,True,True
3eb6557970969fb02f3429f7ba779c4c,D:\prostat\train_images\3eb6557970969fb02f3429f7ba779c4c.tiff,True,True
de3b05db139bc09c5fd3b846245d647c,D:\prostat\train_images\de3b05db139bc09c5fd3b846245d647c.tiff,True,True
381d70c821fce9d79032bc113f10ec43,D:\prostat\train_images\381d70c821fce9d79032bc113f10ec43.tiff,True,True
c3dee3a63dd4de94d33eb09670584b32,D:\prostat\train_images\c3dee3a63dd4de94d33eb09670584b32.tiff,True,True
93b69d2902a418c407b43b1da3248c8d,D:\prostat\train_images\93b69d2902a418c407b43b1da3248c8d.tiff,True,True
ea6b2ae44450c9d6f1df788eec496694,D:\prostat\train_images\ea6b2ae44450c9d6f1df788eec496694.tiff,True,True
e6fe8d683d9d7f092c03992a23d901cc,D:\prostat\train_images\e6fe8d683d9d7f092c03992a23d901cc.tiff,True,True
ad990202d6e12f56b9f354b707eab35b,D:\prostat\train_images\ad990202d6e12f56b9f354b707eab35b.tiff,True,True
dbca8bffde4985ea10415730e96c086b,D:\prostat\train_images\dbca8bffde4985ea10415730e96c086b.tiff,True,True
f67a592b0bb22b35277c751dd0631ad1,D:\prostat\train_images\f67a592b0bb22b35277c751dd0631ad1.tiff,True,True
c6cf7a87a3c590618edfb417100f2b93,D:\prostat\train_images\c6cf7a87a3c590618edfb417100f2b93.tiff,True,True
75d6fbb7553743b1b4231df1f327de28,D:\prostat\train_images\75d6fbb7553743b1b4231df1f327de28.tiff,True,True
e4004944daa2e2ab41f4d8cec3adec83,D:\prostat\train_images\e4004944daa2e2ab41f4d8cec3adec83.tiff,True,True
6b10e2f8cd5d3add0fd7f2f932e86fa5,D:\prostat\train_images\6b10e2f8cd5d3add0fd7f2f932e86fa5.tiff,True,True
0704a3d9638d1657d8b36968ce2b92f8,D:\prostat\train_images\0704a3d9638d1657d8b36968ce2b92f8.tiff,True,True
ac5f07039fde0b6a831f08d207f9c26c,D:\prostat\train_images\ac5f07039fde0b6a831f08d207f9c26c.tiff,True,True
5bda3d19f2754b6f802e0c4363fe0fa4,D:\prostat\train_images\5bda3d19f2754b6f802e0c4363fe0fa4.tiff,True,True
42f5948e3b2a487ace2c9bf3ca7a5ff4,D:\prostat\train_images\42f5948e3b2a487ace2c9bf3ca7a5ff4.tiff,True,True
e1cb7dd62d9f43421d5a01467307b98d,D:\prostat\train_images\e1cb7dd62d9f43421d5a01467307b98d.tiff,True,True
59c0c23b3f025bbe58e86162602ec4db,D:\prostat\train_images\59c0c23b3f025bbe58e86162602ec4db.tiff,True,True
6deb79f9bae408e2b5bec3b5bb5414dd,D:\prostat\train_images\6deb79f9bae408e2b5bec3b5bb5414dd.tiff,True,True
ff1258923eff48a8b6882d1a06d4f0e0,D:\prostat\train_images\ff1258923eff48a8b6882d1a06d4f0e0.tiff,True,True
0a3bf331f951938b678a1736ea8d8399,D:\prostat\train_images\0a3bf331f951938b678a1736ea8d8399.tiff,True,True
b04286f0122e84d441129b1cbc2fa809,D:\prostat\train_images\b04286f0122e84d441129b1cbc2fa809.tiff,True,True
385d7a1e8b6174ecd264b7c763853058,D:\prostat\train_images\385d7a1e8b6174ecd264b7c763853058.tiff,True,True
1f1440204eba45ff4f999795c7d52040,D:\prostat\train_images\1f1440204eba45ff4f999795c7d52040.tiff,True,True
107694232cb071255848ddca5efbe061,D:\prostat\train_images\107694232cb071255848ddca5efbe061.tiff,True,True
602f278e2deec17068c5dffb3099754a,D:\prostat\train_images\602f278e2deec17068c5dffb3099754a.tiff,True,True
5c2c7009ec9100ff2473a4d4d6c1029d,D:\prostat\train_images\5c2c7009ec9100ff2473a4d4d6c1029d.tiff,True,True
38b316108a68f9baa9837acf06bc3c48,D:\prostat\train_images\38b316108a68f9baa9837acf06bc3c48.tiff,True,True
a07104de6e1e00d2afcec36c7879836f,D:\prostat\train_images\a07104de6e1e00d2afcec36c7879836f.tiff,True,True
01d20d68bce47bec01d816b893630f18,D:\prostat\train_images\01d20d68bce47bec01d816b893630f18.tiff,True,True
490417dca347af4b988ecbe11c54db52,D:\prostat\train_images\490417dca347af4b988ecbe11c54db52.tiff,True,True
2e990ed6a696d1486ed6047a436a4edf,D:\prostat\train_images\2e990ed6a696d1486ed6047a436a4edf.tiff,True,True
e278dc57dacfed61fa504133fda2d8c1,D:\prostat\train_images\e278dc57dacfed61fa504133fda2d8c1.tiff,True,True
0227774a4bea07846d24ddb033767d1a,D:\prostat\train_images\0227774a4bea07846d24ddb033767d1a.tiff,True,True
4351d8299a773ed099cc12148b61fefd,D:\prostat\train_images\4351d8299a773ed099cc12148b61fefd.tiff,True,True
8b301972309a5509bbb5946b9f133e37,D:\prostat\train_images\8b301972309a5509bbb5946b9f133e37.tiff,True,True
c9c295e486e0f7f7dfb4f0fde6ff8240,D:\prostat\train_images\c9c295e486e0f7f7dfb4f0fde6ff8240.tiff,True,True
d5cab685b579ccaf021401bf2589b5f0,D:\prostat\train_images\d5cab685b579ccaf021401bf2589b5f0.tiff,True,True
95ce176e7ef187cd2c11c424802156f0,D:\prostat\train_images\95ce176e7ef187cd2c11c424802156f0.tiff,True,True
36b09d17def11b696c090d9faff277d6,D:\prostat\train_images\36b09d17def11b696c090d9faff277d6.tiff,True,True
20478545f99d3c8cc9d3d262a40bae74,D:\prostat\train_images\20478545f99d3c8cc9d3d262a40bae74.tiff,True,True
409e74b9a87ea9dda44a304a89eb4ef9,D:\prostat\train_images\409e74b9a87ea9dda44a304a89eb4ef9.tiff,True,True
d2f0bee01d05f3df914d2d38ffae8b8b,D:\prostat\train_images\d2f0bee01d05f3df914d2d38ffae8b8b.tiff,True,True
df18ac8990e89990e4b908f4d77c3aa2,D:\prostat\train_images\df18ac8990e89990e4b908f4d77c3aa2.tiff,True,True
eb9821fc7f3a5af8d7b54a482478aaab,D:\prostat\train_images\eb9821fc7f3a5af8d7b54a482478aaab.tiff,True,True
9af29ff084d57c2054d6ab6d4f7410c7,D:\prostat\train_images\9af29ff084d57c2054d6ab6d4f7410c7.tiff,True,True
94dcdaaf4326572b9ab6402c00a73c57,D:\prostat\train_images\94dcdaaf4326572b9ab6402c00a73c57.tiff,True,True
addfcd0294884a0539e9e6a39d07c7bc,D:\prostat\train_images\addfcd0294884a0539e9e6a39d07c7bc.tiff,True,True
91943fddc4c32254d35553f7cef53683,D:\prostat\train_images\91943fddc4c32254d35553f7cef53683.tiff,True,True
01f25f6392771aa0895dbbafba05054a,D:\prostat\train_images\01f25f6392771aa0895dbbafba05054a.tiff,True,True
1ae5bb38e69e00f22cb087a4d2237b43,D:\prostat\train_images\1ae5bb38e69e00f22cb087a4d2237b43.tiff,True,True
31629bdb4c8854f418155db6ec7bf588,D:\prostat\train_images\31629bdb4c8854f418155db6ec7bf588.tiff,True,True
9762f8802af1ea235bead734d59e6c1f,D:\prostat\train_images\9762f8802af1ea235bead734d59e6c1f.tiff,True,True
d568b6fc539851e62d84e3223eee7091,D:\prostat\train_images\d568b6fc539851e62d84e3223eee7091.tiff,True,True
29d2f5d94f7b35edd1df65bfa6cba406,D:\prostat\train_images\29d2f5d94f7b35edd1df65bfa6cba406.tiff,True,True
9363078b5551157c88ef7e405f422ef2,D:\prostat\train_images\9363078b5551157c88ef7e405f422ef2.tiff,True,True
61838ed2c863a4b4d7b851854f990941,D:\prostat\train_images\61838ed2c863a4b4d7b851854f990941.tiff,True,True
28794c06886c4abf3946538620e3e36d,D:\prostat\train_images\28794c06886c4abf3946538620e3e36d.tiff,True,True
fa24cdade1cf331f7070ebb32bd2a55c,D:\prostat\train_images\fa24cdade1cf331f7070ebb32bd2a55c.tiff,True,True
93e2ce38e743146a128afb9ff3a61383,D:\prostat\train_images\93e2ce38e743146a128afb9ff3a61383.tiff,True,True
6caa7b567d4e6f6911014f796e288999,D:\prostat\train_images\6caa7b567d4e6f6911014f796e288999.tiff,True,True
97659f526c8c25f29175c9c5d36d31e7,D:\prostat\train_images\97659f526c8c25f29175c9c5d36d31e7.tiff,True,True
d5cef9fcc30f71c7d24d00114bcfecd5,D:\prostat\train_images\d5cef9fcc30f71c7d24d00114bcfecd5.tiff,True,True
339bae6b7ac013bc70f243812c863125,D:\prostat\train_images\339bae6b7ac013bc70f243812c863125.tiff,True,True
ac0d8bc88d9ec900be978a70b90e425b,D:\prostat\train_images\ac0d8bc88d9ec900be978a70b90e425b.tiff,True,True
548590e1e989bb302539aa8ef1e9809c,D:\prostat\train_images\548590e1e989bb302539aa8ef1e9809c.tiff,True,True
3ee16cef000a96c344248a90e5cfccd2,D:\prostat\train_images\3ee16cef000a96c344248a90e5cfccd2.tiff,True,True
a279b450a867eb7acc4d2ef0731b3352,D:\prostat\train_images\a279b450a867eb7acc4d2ef0731b3352.tiff,True,True
6cbf008a65aaed806c3879e7e8f44d01,D:\prostat\train_images\6cbf008a65aaed806c3879e7e8f44d01.tiff,True,True
a6f080dbb9bf42ed3e8510972595c71c,D:\prostat\train_images\a6f080dbb9bf42ed3e8510972595c71c.tiff,True,True
61438d817416236c69bb72a66d938129,D:\prostat\train_images\61438d817416236c69bb72a66d938129.tiff,True,True
50e4e960102369eb7b271d3afe227ef7,D:\prostat\train_images\50e4e960102369eb7b271d3afe227ef7.tiff,True,True
ae7ea9f050c9e839359a6ec640efe607,D:\prostat\train_images\ae7ea9f050c9e839359a6ec640efe607.tiff,True,True
b29e5425308f0f10cded9bb6c75b6049,D:\prostat\train_images\b29e5425308f0f10cded9bb6c75b6049.tiff,True,True
0a93d9a674e358ba32e4e2ec320aefc5,D:\prostat\train_images\0a93d9a674e358ba32e4e2ec320aefc5.tiff,True,True
6decfe197397c727416711b6edf9b691,D:\prostat\train_images\6decfe197397c727416711b6edf9b691.tiff,True,True
8eb0f13107ef73e6a6b0e6485cbdc99e,D:\prostat\train_images\8eb0f13107ef73e6a6b0e6485cbdc99e.tiff,True,True
1315d15b0d51a32a199c7e203740d3fd,D:\prostat\train_images\1315d15b0d51a32a199c7e203740d3fd.tiff,True,True
38c790605d5648f283412ecbf56537b8,D:\prostat\train_images\38c790605d5648f283412ecbf56537b8.tiff,True,True
0f84142b14d262cf937566629ea76c67,D:\prostat\train_images\0f84142b14d262cf937566629ea76c67.tiff,True,True
f2f9aa01d545ac770dce5e61e6d756d4,D:\prostat\train_images\f2f9aa01d545ac770dce5e61e6d756d4.tiff,True,True
fd1257704e5e83600a3f480a4917ceb2,D:\prostat\train_images\fd1257704e5e83600a3f480a4917ceb2.tiff,True,True
c1f151640dce9fc4e33569700be7d52d,D:\prostat\train_images\c1f151640dce9fc4e33569700be7d52d.tiff,True,True
4b52b93ed731f336f444a24e1bf2dca2,D:\prostat\train_images\4b52b93ed731f336f444a24e1bf2dca2.tiff,True,True
f58f229f6f5172c857deaf02c026e1f6,D:\prostat\train_images\f58f229f6f5172c857deaf02c026e1f6.tiff,True,True
898285bbfe20c9dc5ce9238a9cc6510f,D:\prostat\train_images\898285bbfe20c9dc5ce9238a9cc6510f.tiff,True,True
4c693e1a79d836ccf56cc3bb8fce8ac9,D:\prostat\train_images\4c693e1a79d836ccf56cc3bb8fce8ac9.tiff,True,True
105cbd187035503e56605db53600b491,D:\prostat\train_images\105cbd187035503e56605db53600b491.tiff,True,True
46c96a0dd0b92dd0ccdc841ac9816719,D:\prostat\train_images\46c96a0dd0b92dd0ccdc841ac9816719.tiff,True,True
e8ab164f380bb0c78f7566623bf5c8b7,D:\prostat\train_images\e8ab164f380bb0c78f7566623bf5c8b7.tiff,True,True
c95bfd7e7fcb784d245163e8305143cc,D:\prostat\train_images\c95bfd7e7fcb784d245163e8305143cc.tiff,True,True
cdf40333dfe2afec1a4c54d9eeb1ec7a,D:\prostat\train_images\cdf40333dfe2afec1a4c54d9eeb1ec7a.tiff,True,True
52d6b3779791687e72e755f6b0798ff5,D:\prostat\train_images\52d6b3779791687e72e755f6b0798ff5.tiff,True,True
29eed8a71c8bee8fc007b0fe4edcc712,D:\prostat\train_images\29eed8a71c8bee8fc007b0fe4edcc712.tiff,True,True
a0f29ff13fb03dd08b6aaeaf4bcac6ed,D:\prostat\train_images\a0f29ff13fb03dd08b6aaeaf4bcac6ed.tiff,True,True
07106a451fdebeaa73f2db13f295bfb1,D:\prostat\train_images\07106a451fdebeaa73f2db13f295bfb1.tiff,True,True
9403cc77efc7d9414204d12e31dadac1,D:\prostat\train_images\9403cc77efc7d9414204d12e31dadac1.tiff,True,True
04ecd322ee23c5be7654baad4d9fbc71,D:\prostat\train_images\04ecd322ee23c5be7654baad4d9fbc71.tiff,True,True
1722126079d714cbffbe8e199976e0e2,D:\prostat\train_images\1722126079d714cbffbe8e199976e0e2.tiff,True,True
65bf2cc6f9ed1eed86b8e7a908efe834,D:\prostat\train_images\65bf2cc6f9ed1eed86b8e7a908efe834.tiff,True,True
44350cd9c0b41005308e65c2d9ee8ac1,D:\prostat\train_images\44350cd9c0b41005308e65c2d9ee8ac1.tiff,True,True
68e6f2bbdbb308624ed004484a1da2b8,D:\prostat\train_images\68e6f2bbdbb308624ed004484a1da2b8.tiff,True,True
7e7e6dac3271a6cad2744ae393328a36,D:\prostat\train_images\7e7e6dac3271a6cad2744ae393328a36.tiff,True,True
cab0adfc6e551c4cca471512b2e200fd,D:\prostat\train_images\cab0adfc6e551c4cca471512b2e200fd.tiff,True,True
59ef609e7ecd81d89e8d8cb3efd73646,D:\prostat\train_images\59ef609e7ecd81d89e8d8cb3efd73646.tiff,True,True
bad219691caef5dabf2c41f8a9f531a9,D:\prostat\train_images\bad219691caef5dabf2c41f8a9f531a9.tiff,True,True
98e64fe16f136205ade444bb3cdfaea8,D:\prostat\train_images\98e64fe16f136205ade444bb3cdfaea8.tiff,True,True
01c3fb23ddaec7c51e1c0b52450bb472,D:\prostat\train_images\01c3fb23ddaec7c51e1c0b52450bb472.tiff,True,True
30e6954a2b038cf46b628bbbf6cd23d4,D:\prostat\train_images\30e6954a2b038cf46b628bbbf6cd23d4.tiff,True,True
7b0067248bea443b4d8c135e4b626028,D:\prostat\train_images\7b0067248bea443b4d8c135e4b626028.tiff,True,True
ed6cd2970be19ae64953171e8645de37,D:\prostat\train_images\ed6cd2970be19ae64953171e8645de37.tiff,True,True
7b662caf1d1ce381c184dec903a20483,D:\prostat\train_images\7b662caf1d1ce381c184dec903a20483.tiff,True,True
d1d6ed6317466e46f6c8574d1508972d,D:\prostat\train_images\d1d6ed6317466e46f6c8574d1508972d.tiff,True,True
e831ed42fe3417009705f6ac32c63e67,D:\prostat\train_images\e831ed42fe3417009705f6ac32c63e67.tiff,True,True
b99b4ab3affacc8f1ae7138b1060c80e,D:\prostat\train_images\b99b4ab3affacc8f1ae7138b1060c80e.tiff,True,True
64b85f161787d11d1c292f8a04aa9bde,D:\prostat\train_images\64b85f161787d11d1c292f8a04aa9bde.tiff,True,True
f44bfa3eb762cd9204ccd5a2c2e6111e,D:\prostat\train_images\f44bfa3eb762cd9204ccd5a2c2e6111e.tiff,True,True
9eaa6f1eebca7c088a900d338a584827,D:\prostat\train_images\9eaa6f1eebca7c088a900d338a584827.tiff,True,True
7ea51e31d596215a29b15b7c2127365b,D:\prostat\train_images\7ea51e31d596215a29b15b7c2127365b.tiff,True,True
65ac6785f8184368e0a4a2e031b048d4,D:\prostat\train_images\65ac6785f8184368e0a4a2e031b048d4.tiff,True,True
84219af34ad6929dc1a9d5b1d7ab2ac0,D:\prostat\train_images\84219af34ad6929dc1a9d5b1d7ab2ac0.tiff,True,True
59015fdc81a6151f09a59e807f6ed5c9,D:\prostat\train_images\59015fdc81a6151f09a59e807f6ed5c9.tiff,True,True
26a271cd2fdd034304566deb6bcfdafe,D:\prostat\train_images\26a271cd2fdd034304566deb6bcfdafe.tiff,True,True
5560bd3b03194cf9cdb514f7254b17b5,D:\prostat\train_images\5560bd3b03194cf9cdb514f7254b17b5.tiff,True,True
f1231d9ba00000e9dbeeebc1b6546378,D:\prostat\train_images\f1231d9ba00000e9dbeeebc1b6546378.tiff,True,True
d4326c1148db3d103cef8bab1d1d524a,D:\prostat\train_images\d4326c1148db3d103cef8bab1d1d524a.tiff,True,True
1fd3d60b4833d266003fce5f17205baa,D:\prostat\train_images\1fd3d60b4833d266003fce5f17205baa.tiff,True,True
00a76bfbec239fd9f465d6581806ff42,D:\prostat\train_images\00a76bfbec239fd9f465d6581806ff42.tiff,True,True
625629beeb87ce7468d505457108da69,D:\prostat\train_images\625629beeb87ce7468d505457108da69.tiff,True,True
562465ae94b7c3c45a9a5bd4128cbae1,D:\prostat\train_images\562465ae94b7c3c45a9a5bd4128cbae1.tiff,True,True
27fc326a541217b0ddf54ba29ffef99b,D:\prostat\train_images\27fc326a541217b0ddf54ba29ffef99b.tiff,True,True
d2fa7b7e8b5d7ac158a745839005336a,D:\prostat\train_images\d2fa7b7e8b5d7ac158a745839005336a.tiff,True,True
6b512a45bd8ca759e655c2d551dec2d9,D:\prostat\train_images\6b512a45bd8ca759e655c2d551dec2d9.tiff,True,True
8a539748fa4ea8902c3471f43911b7dd,D:\prostat\train_images\8a539748fa4ea8902c3471f43911b7dd.tiff,True,True
9c24ae764d87098d03faccc2e2a579d0,D:\prostat\train_images\9c24ae764d87098d03faccc2e2a579d0.tiff,True,True
6426935440acd920bae26da8165ca680,D:\prostat\train_images\6426935440acd920bae26da8165ca680.tiff,True,True
ddbeff8437def5f80c4890b394711ec2,D:\prostat\train_images\ddbeff8437def5f80c4890b394711ec2.tiff,True,True
0532c61a5b3b8223b42bc62b6fac4a48,D:\prostat\train_images\0532c61a5b3b8223b42bc62b6fac4a48.tiff,True,True
27489a7f1972687cccb1258116ff7f10,D:\prostat\train_images\27489a7f1972687cccb1258116ff7f10.tiff,True,True
b470c2276d978f63d5b1c8a5a9446212,D:\prostat\train_images\b470c2276d978f63d5b1c8a5a9446212.tiff,True,True
81012e47c88a443e9c28181ffb81194f,D:\prostat\train_images\81012e47c88a443e9c28181ffb81194f.tiff,True,True
30fe4507ced857a7c09246018e2c0c3e,D:\prostat\train_images\30fe4507ced857a7c09246018e2c0c3e.tiff,True,True
c0dbbf2b29da2ef0cab6bc7032e7ac92,D:\prostat\train_images\c0dbbf2b29da2ef0cab6bc7032e7ac92.tiff,True,True
fb3da9cc05a5f302d9d3811c954950e7,D:\prostat\train_images\fb3da9cc05a5f302d9d3811c954950e7.tiff,True,True
a24b080f675c02897a4e71f96b194fb9,D:\prostat\train_images\a24b080f675c02897a4e71f96b194fb9.tiff,True,True
129065b74e139bb331d985027c1da317,D:\prostat\train_images\129065b74e139bb331d985027c1da317.tiff,True,True
3f9f4281ff7b4f7de85986680ad239ef,D:\prostat\train_images\3f9f4281ff7b4f7de85986680ad239ef.tiff,True,True
f800a3979b283e4b697fa2aade0c1947,D:\prostat\train_images\f800a3979b283e4b697fa2aade0c1947.tiff,True,True
ce5578cd0044db806cbfc334f9013316,D:\prostat\train_images\ce5578cd0044db806cbfc334f9013316.tiff,True,True
8a3232e8b3b2512f2f6cba0a265d175e,D:\prostat\train_images\8a3232e8b3b2512f2f6cba0a265d175e.tiff,True,True
ee83e1603d89100f6546368fe275aaa5,D:\prostat\train_images\ee83e1603d89100f6546368fe275aaa5.tiff,True,True
f1f5f493f2f436a7049f899b4ca4bac6,D:\prostat\train_images\f1f5f493f2f436a7049f899b4ca4bac6.tiff,True,True
5c3aa6266bfcbf2f9bf057a0a5e39520,D:\prostat\train_images\5c3aa6266bfcbf2f9bf057a0a5e39520.tiff,True,True
e20c73041c5c5ac83c20a7c669f46e9a,D:\prostat\train_images\e20c73041c5c5ac83c20a7c669f46e9a.tiff,True,True
3e5fc2e7be262fb77362fb82e4850774,D:\prostat\train_images\3e5fc2e7be262fb77362fb82e4850774.tiff,True,True
38837d7934505b74d0b4e1830a0c5511,D:\prostat\train_images\38837d7934505b74d0b4e1830a0c5511.tiff,True,True
2ee5b3ee58d54264c2a037ea1c0ada4b,D:\prostat\train_images\2ee5b3ee58d54264c2a037ea1c0ada4b.tiff,True,True
66bf5fa7e14d885f38e3dc61a64f41ab,D:\prostat\train_images\66bf5fa7e14d885f38e3dc61a64f41ab.tiff,True,True
04e31b936f51091d43cb805a30084533,D:\prostat\train_images\04e31b936f51091d43cb805a30084533.tiff,True,True
102aaf6f71973e1fe82551918255ba58,D:\prostat\train_images\102aaf6f71973e1fe82551918255ba58.tiff,True,True
1c0fbb1d600f761847294c4b8019edfe,D:\prostat\train_images\1c0fbb1d600f761847294c4b8019edfe.tiff,True,True
483aacf6bb16a630507001823262d1c6,D:\prostat\train_images\483aacf6bb16a630507001823262d1c6.tiff,True,True
276ed80762773462f05abc10da5228c8,D:\prostat\train_images\276ed80762773462f05abc10da5228c8.tiff,True,True
074d9f9ceede2e4fad8aec367a335a77,D:\prostat\train_images\074d9f9ceede2e4fad8aec367a335a77.tiff,True,True
a295321349862720b6541d443b46ee33,D:\prostat\train_images\a295321349862720b6541d443b46ee33.tiff,True,True
74397f4f4201c4b8c1d7a91da321760e,D:\prostat\train_images\74397f4f4201c4b8c1d7a91da321760e.tiff,True,True
e03c543c7d61b179d0cb66f8c94f80cf,D:\prostat\train_images\e03c543c7d61b179d0cb66f8c94f80cf.tiff,True,True
9f0b35ae59e3b5898cc4a5b4401e571c,D:\prostat\train_images\9f0b35ae59e3b5898cc4a5b4401e571c.tiff,True,True
a09c9526e3316571648552d78ac37c2d,D:\prostat\train_images\a09c9526e3316571648552d78ac37c2d.tiff,True,True
767c041d13e5c5a89d22126d0da123f6,D:\prostat\train_images\767c041d13e5c5a89d22126d0da123f6.tiff,True,True
64ca339ecc5ba72aa4b27a73a163f807,D:\prostat\train_images\64ca339ecc5ba72aa4b27a73a163f807.tiff,True,True
842d323ec987a756ba0c4252be109822,D:\prostat\train_images\842d323ec987a756ba0c4252be109822.tiff,True,True
3ed23a08a9d7631f2bb25c3dd0cf327c,D:\prostat\train_images\3ed23a08a9d7631f2bb25c3dd0cf327c.tiff,True,True
796470003451ea8980c4298b8413cb90,D:\prostat\train_images\796470003451ea8980c4298b8413cb90.tiff,True,True
1439d6813f1dd6acc639c12ea388c990,D:\prostat\train_images\1439d6813f1dd6acc639c12ea388c990.tiff,True,True
157565e23ba28d5a42f63f34f3dd4425,D:\prostat\train_images\157565e23ba28d5a42f63f34f3dd4425.tiff,True,True
96415990a25ee1d758a8bc7ae97d593f,D:\prostat\train_images\96415990a25ee1d758a8bc7ae97d593f.tiff,True,True
3b5b3a2cc026cf58cc19bfa66b4873e3,D:\prostat\train_images\3b5b3a2cc026cf58cc19bfa66b4873e3.tiff,True,True
e2e6f8162f3f8b961a5afbeef1fc4cfb,D:\prostat\train_images\e2e6f8162f3f8b961a5afbeef1fc4cfb.tiff,True,True
738aeefd8bc05ac71e2ea552828e97da,D:\prostat\train_images\738aeefd8bc05ac71e2ea552828e97da.tiff,True,True
3a0efc666f3a9b2e57c83cc3349ed2aa,D:\prostat\train_images\3a0efc666f3a9b2e57c83cc3349ed2aa.tiff,True,True
77f39327a9e1348bddc37351968ab58a,D:\prostat\train_images\77f39327a9e1348bddc37351968ab58a.tiff,True,True
3e8bd1b2ba7150e058216de2fe2bb3fc,D:\prostat\train_images\3e8bd1b2ba7150e058216de2fe2bb3fc.tiff,True,True
2c688d7d92059ab3bac7c190dd6e31cd,D:\prostat\train_images\2c688d7d92059ab3bac7c190dd6e31cd.tiff,True,True
0abc61a1bc7abe47b9e44a9f69979eb0,D:\prostat\train_images\0abc61a1bc7abe47b9e44a9f69979eb0.tiff,True,True
627aeb9327a85228458ad20ecd8d77c3,D:\prostat\train_images\627aeb9327a85228458ad20ecd8d77c3.tiff,True,True
b2b7e5ce81c5b70949de31185ee8a126,D:\prostat\train_images\b2b7e5ce81c5b70949de31185ee8a126.tiff,True,True
4d8fea743c615b679a4de32c4d8e87b6,D:\prostat\train_images\4d8fea743c615b679a4de32c4d8e87b6.tiff,True,True
2ba4c7fd23f63ddda9762222b0b3416d,D:\prostat\train_images\2ba4c7fd23f63ddda9762222b0b3416d.tiff,True,True
89d9673df0dede5b57c52f98b43c1f9e,D:\prostat\train_images\89d9673df0dede5b57c52f98b43c1f9e.tiff,True,True
0d11cd4b1285e9704ecd9fbee3ee8544,D:\prostat\train_images\0d11cd4b1285e9704ecd9fbee3ee8544.tiff,True,True
1d8574ef8f2ebeaf169ac040bda870af,D:\prostat\train_images\1d8574ef8f2ebeaf169ac040bda870af.tiff,True,True
81d946312f17a79100cf3471da48ac9b,D:\prostat\train_images\81d946312f17a79100cf3471da48ac9b.tiff,True,True
4502c2c9c9c1041564225b9d8fad13c1,D:\prostat\train_images\4502c2c9c9c1041564225b9d8fad13c1.tiff,True,True
b8d566345af6385e5176a774af8d457e,D:\prostat\train_images\b8d566345af6385e5176a774af8d457e.tiff,True,True
ade269705aa33afafa0e6af6d20db6df,D:\prostat\train_images\ade269705aa33afafa0e6af6d20db6df.tiff,True,True
4c95ef229b89310481150b90ba309460,D:\prostat\train_images\4c95ef229b89310481150b90ba309460.tiff,True,True
83300a2310d4bcca4194a54e5c276af0,D:\prostat\train_images\83300a2310d4bcca4194a54e5c276af0.tiff,True,True
f462949a2cc511afbc4e842a44cbe83e,D:\prostat\train_images\f462949a2cc511afbc4e842a44cbe83e.tiff,True,True
e2138754f55ba87cd4cdd2ccb8f0721d,D:\prostat\train_images\e2138754f55ba87cd4cdd2ccb8f0721d.tiff,True,True
5153df72c43ac1de852e734075691c30,D:\prostat\train_images\5153df72c43ac1de852e734075691c30.tiff,True,True
99a77d8f5ae8fe255a58b1877015ce4e,D:\prostat\train_images\99a77d8f5ae8fe255a58b1877015ce4e.tiff,True,True
f750891191013386453c29c16670e951,D:\prostat\train_images\f750891191013386453c29c16670e951.tiff,True,True
96336251e59082cafc68f051bc448392,D:\prostat\train_images\96336251e59082cafc68f051bc448392.tiff,True,True
bf8c6975590c3aae1b61720457cfbfb2,D:\prostat\train_images\bf8c6975590c3aae1b61720457cfbfb2.tiff,True,True
990af1d0decc6204dcc351db5011d54f,D:\prostat\train_images\990af1d0decc6204dcc351db5011d54f.tiff,True,True
31cf52bcc7a77d04bb82932c235c796f,D:\prostat\train_images\31cf52bcc7a77d04bb82932c235c796f.tiff,True,True
551f26f08a3be19f2f2a3064ee9413ca,D:\prostat\train_images\551f26f08a3be19f2f2a3064ee9413ca.tiff,True,True
e31e16a6af7c4faf6c02b8759a83abd5,D:\prostat\train_images\e31e16a6af7c4faf6c02b8759a83abd5.tiff,True,True
c47bb0cc6fcfbd6379299ab3e6a9f07d,D:\prostat\train_images\c47bb0cc6fcfbd6379299ab3e6a9f07d.tiff,True,True
f09235b441d9c6e5c0164dcd37b0565a,D:\prostat\train_images\f09235b441d9c6e5c0164dcd37b0565a.tiff,True,True
4c25d8ba4a2ecabe2b69b901c994e2dd,D:\prostat\train_images\4c25d8ba4a2ecabe2b69b901c994e2dd.tiff,True,True
303090fcc31ecc2584e6addeadfa1402,D:\prostat\train_images\303090fcc31ecc2584e6addeadfa1402.tiff,True,True
e4018c330e40dbf522c073c22732cf38,D:\prostat\train_images\e4018c330e40dbf522c073c22732cf38.tiff,True,True
a1ade7c9193cbe3b85a7169e61613365,D:\prostat\train_images\a1ade7c9193cbe3b85a7169e61613365.tiff,True,True
5baaefc5eba0fef699e4fd80040e482b,D:\prostat\train_images\5baaefc5eba0fef699e4fd80040e482b.tiff,True,True
b6f1c3c748055235a8130ee71f4d3efa,D:\prostat\train_images\b6f1c3c748055235a8130ee71f4d3efa.tiff,True,True
8bf80024b1a7f12ce52136af81a930df,D:\prostat\train_images\8bf80024b1a7f12ce52136af81a930df.tiff,True,True
6b64f58e84416337cb14d50fca10c2ea,D:\prostat\train_images\6b64f58e84416337cb14d50fca10c2ea.tiff,True,True
caaf2645fd3ea43541dad8081e351689,D:\prostat\train_images\caaf2645fd3ea43541dad8081e351689.tiff,True,True
32b84dbd24b4c2db47ba783d3806b6d0,D:\prostat\train_images\32b84dbd24b4c2db47ba783d3806b6d0.tiff,True,True
4599ff734c6e613e38adc41ce8f798b4,D:\prostat\train_images\4599ff734c6e613e38adc41ce8f798b4.tiff,True,True
5237b4ee431ba2933e6f4b3fcb57ec4d,D:\prostat\train_images\5237b4ee431ba2933e6f4b3fcb57ec4d.tiff,True,True
6e1fa7c1156d3e0dda56638b893d86b6,D:\prostat\train_images\6e1fa7c1156d3e0dda56638b893d86b6.tiff,True,True
cc43f8965a64a1f22b3162b91e7a1bcf,D:\prostat\train_images\cc43f8965a64a1f22b3162b91e7a1bcf.tiff,True,True
f50e9b75a0d7c2e4ee32bbfb10eb7164,D:\prostat\train_images\f50e9b75a0d7c2e4ee32bbfb10eb7164.tiff,True,True
8ec127d5165fd03111cf492b0161662c,D:\prostat\train_images\8ec127d5165fd03111cf492b0161662c.tiff,True,True
e3a820d374f2edeaaa719da212253d51,D:\prostat\train_images\e3a820d374f2edeaaa719da212253d51.tiff,True,True
5811cebb423e45f0e351da2dd159e40f,D:\prostat\train_images\5811cebb423e45f0e351da2dd159e40f.tiff,True,True
b4375e422395f7dfdaa2619d18929446,D:\prostat\train_images\b4375e422395f7dfdaa2619d18929446.tiff,True,True
cf811d5af1bb735310b1a7775cd2ee9f,D:\prostat\train_images\cf811d5af1bb735310b1a7775cd2ee9f.tiff,True,True
f0a6026f3c1dafdf2496721f3721c039,D:\prostat\train_images\f0a6026f3c1dafdf2496721f3721c039.tiff,True,True
531ce6a7fd3f8699de151e1f07b57970,D:\prostat\train_images\531ce6a7fd3f8699de151e1f07b57970.tiff,True,True
685746f405341f7cdd4fcfef07b41bda,D:\prostat\train_images\685746f405341f7cdd4fcfef07b41bda.tiff,True,True
68fa730b281bed2236a0b26397a000ce,D:\prostat\train_images\68fa730b281bed2236a0b26397a000ce.tiff,True,True
7ca2aa8117a49b630cdcbdfc57fab6e8,D:\prostat\train_images\7ca2aa8117a49b630cdcbdfc57fab6e8.tiff,True,True
7a8adc17b081d43dd1131c4a9fffdf01,D:\prostat\train_images\7a8adc17b081d43dd1131c4a9fffdf01.tiff,True,True
5cc8a6260ae47db4e4e69717ab8c405e,D:\prostat\train_images\5cc8a6260ae47db4e4e69717ab8c405e.tiff,True,True
bcdbcdba8799719f161a10a4ab6905c1,D:\prostat\train_images\bcdbcdba8799719f161a10a4ab6905c1.tiff,True,True
bdd3d5a2ee02e25f1adf3fd2c8c23acc,D:\prostat\train_images\bdd3d5a2ee02e25f1adf3fd2c8c23acc.tiff,True,True
bae54bf652188fba59938ca5822b096d,D:\prostat\train_images\bae54bf652188fba59938ca5822b096d.tiff,True,True
6f3aa87bfb96c835247c272ea0ea1848,D:\prostat\train_images\6f3aa87bfb96c835247c272ea0ea1848.tiff,True,True
6a2889f097b3501ebc0343427e9e0c3e,D:\prostat\train_images\6a2889f097b3501ebc0343427e9e0c3e.tiff,True,True
b13078f2ae0a4dd072a3509ab1b1a0f0,D:\prostat\train_images\b13078f2ae0a4dd072a3509ab1b1a0f0.tiff,True,True
29902e0468255fe761c664658ec3b751,D:\prostat\train_images\29902e0468255fe761c664658ec3b751.tiff,True,True
4bbe1ce0af3c904fd81392afff6c116e,D:\prostat\train_images\4bbe1ce0af3c904fd81392afff6c116e.tiff,True,True
77545268b9c0cec2fd73b7cb9e03d66b,D:\prostat\train_images\77545268b9c0cec2fd73b7cb9e03d66b.tiff,True,True
cdc62b9e07d25bb4ceac1ba9d09e6e12,D:\prostat\train_images\cdc62b9e07d25bb4ceac1ba9d09e6e12.tiff,True,True
d40022119792db6bb90f85d2d77c4d01,D:\prostat\train_images\d40022119792db6bb90f85d2d77c4d01.tiff,True,True
be548af60fd350e776d30cbf208312bd,D:\prostat\train_images\be548af60fd350e776d30cbf208312bd.tiff,True,True
2caf855d25d357626f5ea914bdfe5774,D:\prostat\train_images\2caf855d25d357626f5ea914bdfe5774.tiff,True,True
ce8f7d335ba01839ce10eaff44daff42,D:\prostat\train_images\ce8f7d335ba01839ce10eaff44daff42.tiff,True,True
00a7fb880dc12c5de82df39b30533da9,D:\prostat\train_images\00a7fb880dc12c5de82df39b30533da9.tiff,True,True
d6948dc2044087d9b547df183328084f,D:\prostat\train_images\d6948dc2044087d9b547df183328084f.tiff,True,True
cd693fc01b5750ff2e7cbaf8e9e305f8,D:\prostat\train_images\cd693fc01b5750ff2e7cbaf8e9e305f8.tiff,True,True
ea035a96c752f59a4934a91068b318f2,D:\prostat\train_images\ea035a96c752f59a4934a91068b318f2.tiff,True,True
77e8a9d9718a78c7602a4cd5d1f98da5,D:\prostat\train_images\77e8a9d9718a78c7602a4cd5d1f98da5.tiff,True,True
562ed7c01bf09ec8162007d798ff0b51,D:\prostat\train_images\562ed7c01bf09ec8162007d798ff0b51.tiff,True,True
76b3c174b4d6c34bf2ce7322d0a5de37,D:\prostat\train_images\76b3c174b4d6c34bf2ce7322d0a5de37.tiff,True,True
58b7c3ce1d0d5a2c1d9f321695d60577,D:\prostat\train_images\58b7c3ce1d0d5a2c1d9f321695d60577.tiff,True,True
623055537fd299a566acf58214ae2133,D:\prostat\train_images\623055537fd299a566acf58214ae2133.tiff,True,True
73cea45cabd1048067e6500bdacb7356,D:\prostat\train_images\73cea45cabd1048067e6500bdacb7356.tiff,True,True
cd40065527f49b4473f05e0db148d04a,D:\prostat\train_images\cd40065527f49b4473f05e0db148d04a.tiff,True,True
f1ce9f1ec15e532042286084466da0ea,D:\prostat\train_images\f1ce9f1ec15e532042286084466da0ea.tiff,True,True
8c7bdc4f695371de12b86d561d0b0c4c,D:\prostat\train_images\8c7bdc4f695371de12b86d561d0b0c4c.tiff,True,True
0b2c7d97a377d620e70109199bf8eed8,D:\prostat\train_images\0b2c7d97a377d620e70109199bf8eed8.tiff,True,True
31b7e0ab60877ab8de35a95e04629144,D:\prostat\train_images\31b7e0ab60877ab8de35a95e04629144.tiff,True,True
eb88d9362516b7ff394e7c3b41d2931d,D:\prostat\train_images\eb88d9362516b7ff394e7c3b41d2931d.tiff,True,True
23e7cd1cf2deb4c870ed6d282283c329,D:\prostat\train_images\23e7cd1cf2deb4c870ed6d282283c329.tiff,True,True
6ecaf999869adcb83f1c7e96922fbc0a,D:\prostat\train_images\6ecaf999869adcb83f1c7e96922fbc0a.tiff,True,True
05c4384280a459216bca38ea2a9230ec,D:\prostat\train_images\05c4384280a459216bca38ea2a9230ec.tiff,True,True
87bbc9137ece5aaeef9d67f6abeb99df,D:\prostat\train_images\87bbc9137ece5aaeef9d67f6abeb99df.tiff,True,True
9b56f501c6765027cce8a1a8ad797767,D:\prostat\train_images\9b56f501c6765027cce8a1a8ad797767.tiff,True,True
83139cc77b98d060b59a997df7c67c77,D:\prostat\train_images\83139cc77b98d060b59a997df7c67c77.tiff,True,True
bdee785032e09e6976dfcc2948dc540f,D:\prostat\train_images\bdee785032e09e6976dfcc2948dc540f.tiff,True,True
af3c2515b4914a1dfb754d0442970144,D:\prostat\train_images\af3c2515b4914a1dfb754d0442970144.tiff,True,True
9098b613c1e7dc1e50790bbdaafd4828,D:\prostat\train_images\9098b613c1e7dc1e50790bbdaafd4828.tiff,True,True
926b6d653f692d2221544f859d5418f7,D:\prostat\train_images\926b6d653f692d2221544f859d5418f7.tiff,True,True
aa176f6d6e5674ccf6e19ef3aeb3e243,D:\prostat\train_images\aa176f6d6e5674ccf6e19ef3aeb3e243.tiff,True,True
e648fe92843ff84ad7d59cf5cd28808d,D:\prostat\train_images\e648fe92843ff84ad7d59cf5cd28808d.tiff,True,True
eea5a7ea388de38cafb29752b812c9ff,D:\prostat\train_images\eea5a7ea388de38cafb29752b812c9ff.tiff,True,True
044b0937a90ecc3347acac21e9cd39f6,D:\prostat\train_images\044b0937a90ecc3347acac21e9cd39f6.tiff,True,True
5af8bba8cb7a8edb4bf416d4dd4d5228,D:\prostat\train_images\5af8bba8cb7a8edb4bf416d4dd4d5228.tiff,True,True
602dcec72143bd0f1eabfad244f081dd,D:\prostat\train_images\602dcec72143bd0f1eabfad244f081dd.tiff,True,True
4648da3952ca9db5259d110694b9ea8d,D:\prostat\train_images\4648da3952ca9db5259d110694b9ea8d.tiff,True,True
ab9ee2948807a6ad7b71df6372c4d320,D:\prostat\train_images\ab9ee2948807a6ad7b71df6372c4d320.tiff,True,True
9aa1c0cd406cb058969711ffef861c17,D:\prostat\train_images\9aa1c0cd406cb058969711ffef861c17.tiff,True,True
27a0805c02fc2d0fa9baff39ab5f36d6,D:\prostat\train_images\27a0805c02fc2d0fa9baff39ab5f36d6.tiff,True,True
f93148f68ff93c84d40d566a6cd1dbab,D:\prostat\train_images\f93148f68ff93c84d40d566a6cd1dbab.tiff,True,True
1d3dbba03eea11b79283c459629a8be5,D:\prostat\train_images\1d3dbba03eea11b79283c459629a8be5.tiff,True,True
e86dc98123a85d3326a02767ea046da3,D:\prostat\train_images\e86dc98123a85d3326a02767ea046da3.tiff,True,True
aff9deb3016a3ba5db5a5edb22ecc982,D:\prostat\train_images\aff9deb3016a3ba5db5a5edb22ecc982.tiff,True,True
fcb4ae9ba7f26027fda8eb1d814a808d,D:\prostat\train_images\fcb4ae9ba7f26027fda8eb1d814a808d.tiff,True,True
ae40259911132077ce85e8f2da580c5d,D:\prostat\train_images\ae40259911132077ce85e8f2da580c5d.tiff,True,True
9574cbe7791aa300f38a95ebed823276,D:\prostat\train_images\9574cbe7791aa300f38a95ebed823276.tiff,True,True
ff28b460869954e8ba28ff6b9919e46a,D:\prostat\train_images\ff28b460869954e8ba28ff6b9919e46a.tiff,True,True
eecda454c4630e9571a784929938c3f5,D:\prostat\train_images\eecda454c4630e9571a784929938c3f5.tiff,True,True
b7131510648c471e74823eced92cf622,D:\prostat\train_images\b7131510648c471e74823eced92cf622.tiff,True,True
c5764fe96b2725f1b48f2db0cf20cacb,D:\prostat\train_images\c5764fe96b2725f1b48f2db0cf20cacb.tiff,True,True
0da0915a236f2fc98b299d6fdefe7b8b,D:\prostat\train_images\0da0915a236f2fc98b299d6fdefe7b8b.tiff,True,True
c47cd88262e0b75801a3aa1bc96aba0a,D:\prostat\train_images\c47cd88262e0b75801a3aa1bc96aba0a.tiff,True,True
f062f6c1128e0e9d51a76747d9018849,D:\prostat\train_images\f062f6c1128e0e9d51a76747d9018849.tiff,True,True
a440e5380e942333ce9d94d229b7a935,D:\prostat\train_images\a440e5380e942333ce9d94d229b7a935.tiff,True,True
264e5e8732450598190acec51da65cdc,D:\prostat\train_images\264e5e8732450598190acec51da65cdc.tiff,True,True
30ec590d9ad752737dae45f47f2b37cb,D:\prostat\train_images\30ec590d9ad752737dae45f47f2b37cb.tiff,True,True
f79dc41910f957d0c15aadb49bff975c,D:\prostat\train_images\f79dc41910f957d0c15aadb49bff975c.tiff,True,True
f1154a0a76a952a3518092263a2db902,D:\prostat\train_images\f1154a0a76a952a3518092263a2db902.tiff,True,True
7e76962df73b38e2940440f4ee732725,D:\prostat\train_images\7e76962df73b38e2940440f4ee732725.tiff,True,True
0bb772b06c9e3cd1914e31b509556ebf,D:\prostat\train_images\0bb772b06c9e3cd1914e31b509556ebf.tiff,True,True
896728c112dfe5f55662f5f17656e076,D:\prostat\train_images\896728c112dfe5f55662f5f17656e076.tiff,True,True
08ab45297bfe652cc0397f4b37719ba1,D:\prostat\train_images\08ab45297bfe652cc0397f4b37719ba1.tiff,True,True
ccc4df654e215484bcaedf26dd508c5a,D:\prostat\train_images\ccc4df654e215484bcaedf26dd508c5a.tiff,True,True
ae8ff3a9e9fae5e29e97ca86856253f7,D:\prostat\train_images\ae8ff3a9e9fae5e29e97ca86856253f7.tiff,True,True
d41fec38141fa3f1a14262421c361b29,D:\prostat\train_images\d41fec38141fa3f1a14262421c361b29.tiff,True,True
e839259f978b76b72c8ead94c085ed55,D:\prostat\train_images\e839259f978b76b72c8ead94c085ed55.tiff,True,True
b1c86b81cf8904d2e951f6123c49ae42,D:\prostat\train_images\b1c86b81cf8904d2e951f6123c49ae42.tiff,True,True
09d4be69a2330cd49298bf30d29cc4e5,D:\prostat\train_images\09d4be69a2330cd49298bf30d29cc4e5.tiff,True,True
cd6173efcecbac38897f78131119e59c,D:\prostat\train_images\cd6173efcecbac38897f78131119e59c.tiff,True,True
ad0c63c4474947e4fe009453a3a6147d,D:\prostat\train_images\ad0c63c4474947e4fe009453a3a6147d.tiff,True,True
0e4e894993e03ea910ecfb8bcdbc4baf,D:\prostat\train_images\0e4e894993e03ea910ecfb8bcdbc4baf.tiff,True,True
23a080bdf72d0fcb4b804fd1c81341d1,D:\prostat\train_images\23a080bdf72d0fcb4b804fd1c81341d1.tiff,True,True
15ee33d8a2845dd72a240f17db87000b,D:\prostat\train_images\15ee33d8a2845dd72a240f17db87000b.tiff,True,True
7223b93b01ae684e7f0ee028c8a6ceac,D:\prostat\train_images\7223b93b01ae684e7f0ee028c8a6ceac.tiff,True,True
141c3b4a9a4a0411e144ddf2f642eb21,D:\prostat\train_images\141c3b4a9a4a0411e144ddf2f642eb21.tiff,True,True
8a1deb06940aa081c0cd103659e57510,D:\prostat\train_images\8a1deb06940aa081c0cd103659e57510.tiff,True,True
e9cc7c0bc8f872f85115f20344e7e491,D:\prostat\train_images\e9cc7c0bc8f872f85115f20344e7e491.tiff,True,True
5028df90f05b4843e904af64a32e3653,D:\prostat\train_images\5028df90f05b4843e904af64a32e3653.tiff,True,True
cb4dce32e66ce659b386933a77ff59b1,D:\prostat\train_images\cb4dce32e66ce659b386933a77ff59b1.tiff,True,True
c452a6a33afe1ab834c0e54df1b2ace6,D:\prostat\train_images\c452a6a33afe1ab834c0e54df1b2ace6.tiff,True,True
7670f6b1a24f876a30afc5f33043ede7,D:\prostat\train_images\7670f6b1a24f876a30afc5f33043ede7.tiff,True,True
1ff168402732503d9036a2858dc8ce2c,D:\prostat\train_images\1ff168402732503d9036a2858dc8ce2c.tiff,True,True
fccd891ab4d4ce283caa43e2575d7924,D:\prostat\train_images\fccd891ab4d4ce283caa43e2575d7924.tiff,True,True
d439005ae0aeb218bcc014e67c92aba0,D:\prostat\train_images\d439005ae0aeb218bcc014e67c92aba0.tiff,True,True
651871fee7a4c9e53028c99294709f41,D:\prostat\train_images\651871fee7a4c9e53028c99294709f41.tiff,True,True
700e60e9a130333e62698a1c4ef46fa0,D:\prostat\train_images\700e60e9a130333e62698a1c4ef46fa0.tiff,True,True
cc8e0db9056592acd465f3457bc06177,D:\prostat\train_images\cc8e0db9056592acd465f3457bc06177.tiff,True,True
6610773ae6ab13f5fca25de96945cc4c,D:\prostat\train_images\6610773ae6ab13f5fca25de96945cc4c.tiff,True,True
8ff2a1df0aa706eb728a63c4724c0e87,D:\prostat\train_images\8ff2a1df0aa706eb728a63c4724c0e87.tiff,True,True
ab119bc53387c66615f88239738df2e2,D:\prostat\train_images\ab119bc53387c66615f88239738df2e2.tiff,True,True
4d6ba6a91775bd4f88b2e2432daaf829,D:\prostat\train_images\4d6ba6a91775bd4f88b2e2432daaf829.tiff,True,True
b26c7e60945844e696bc7a01dcf51225,D:\prostat\train_images\b26c7e60945844e696bc7a01dcf51225.tiff,True,True
3991d93434432a7e3bd6402baa719af9,D:\prostat\train_images\3991d93434432a7e3bd6402baa719af9.tiff,True,True
ac32ff7089312633858bcd96747b4046,D:\prostat\train_images\ac32ff7089312633858bcd96747b4046.tiff,True,True
75b2b6247093645b5725130edb8f14ce,D:\prostat\train_images\75b2b6247093645b5725130edb8f14ce.tiff,True,True
5bd19956ab63289395ba2b259a9aa8d1,D:\prostat\train_images\5bd19956ab63289395ba2b259a9aa8d1.tiff,True,True
ea954ce0f1563b69d79bd1c2b7129618,D:\prostat\train_images\ea954ce0f1563b69d79bd1c2b7129618.tiff,True,True
aae503ac1b8aa0f17fc7ebff97c047df,D:\prostat\train_images\aae503ac1b8aa0f17fc7ebff97c047df.tiff,True,True
baae023569b99bf917bf03ac536875fc,D:\prostat\train_images\baae023569b99bf917bf03ac536875fc.tiff,True,True
74acf0cf4abb0e8ffa7afc0fa06eb53e,D:\prostat\train_images\74acf0cf4abb0e8ffa7afc0fa06eb53e.tiff,True,True
fe89be6f6d97552f6b2f921c621f6dcb,D:\prostat\train_images\fe89be6f6d97552f6b2f921c621f6dcb.tiff,True,True
1995d7f1f42ad259aae1fc004fbc6360,D:\prostat\train_images\1995d7f1f42ad259aae1fc004fbc6360.tiff,True,True
439d66d2d3cb43a3208fd15917941334,D:\prostat\train_images\439d66d2d3cb43a3208fd15917941334.tiff,True,True
1da207ca934ce44dc9b3dd8809d0b834,D:\prostat\train_images\1da207ca934ce44dc9b3dd8809d0b834.tiff,True,True
6ba839880ad95ee09f255d5763add5c8,D:\prostat\train_images\6ba839880ad95ee09f255d5763add5c8.tiff,True,True
11987580ef3e38921af9931918c88a26,D:\prostat\train_images\11987580ef3e38921af9931918c88a26.tiff,True,True
872d17b9bec7643af6c4e4685e05f407,D:\prostat\train_images\872d17b9bec7643af6c4e4685e05f407.tiff,True,True
a3f49b7a86a44a8d36947ed35d4dc755,D:\prostat\train_images\a3f49b7a86a44a8d36947ed35d4dc755.tiff,True,True
665fd2746696d225966ae4f714203914,D:\prostat\train_images\665fd2746696d225966ae4f714203914.tiff,True,True
d08bd91bd82152478e446b6c0aca6d4a,D:\prostat\train_images\d08bd91bd82152478e446b6c0aca6d4a.tiff,True,True
665e359d9abe8229729cbbc424466f6b,D:\prostat\train_images\665e359d9abe8229729cbbc424466f6b.tiff,True,True
35df658da1f793bd9cab0a1ff94fdf33,D:\prostat\train_images\35df658da1f793bd9cab0a1ff94fdf33.tiff,True,True
2ebdf4f501a6a50b16697d8f1b864791,D:\prostat\train_images\2ebdf4f501a6a50b16697d8f1b864791.tiff,True,True
64486f84f721d5873cc034802f8c31bc,D:\prostat\train_images\64486f84f721d5873cc034802f8c31bc.tiff,True,True
331df8bf3a7f766dfe45ed525040fa85,D:\prostat\train_images\331df8bf3a7f766dfe45ed525040fa85.tiff,True,True
2f9ffca172b0c51947b406ad19c4ea94,D:\prostat\train_images\2f9ffca172b0c51947b406ad19c4ea94.tiff,True,True
52d9b14996bd9f5c59cb765cd276f111,D:\prostat\train_images\52d9b14996bd9f5c59cb765cd276f111.tiff,True,True
6ccced7f24b2fa0a84639d192f3a9679,D:\prostat\train_images\6ccced7f24b2fa0a84639d192f3a9679.tiff,True,True
117e082dcd41f3e3244100693ceef2b8,D:\prostat\train_images\117e082dcd41f3e3244100693ceef2b8.tiff,True,True
20546599b4a51afc9eb43344f42df611,D:\prostat\train_images\20546599b4a51afc9eb43344f42df611.tiff,True,True
cc62826100999f9afbea8484e18dbf00,D:\prostat\train_images\cc62826100999f9afbea8484e18dbf00.tiff,True,True
09aa67c5eb010454e88598c6ac50c695,D:\prostat\train_images\09aa67c5eb010454e88598c6ac50c695.tiff,True,True
eecf7d092d41484bdbb80ec95f49bb03,D:\prostat\train_images\eecf7d092d41484bdbb80ec95f49bb03.tiff,True,True
3790419eed3f86165b0cb74ea30aaa01,D:\prostat\train_images\3790419eed3f86165b0cb74ea30aaa01.tiff,True,True
45abd719007c004e8b172a18bac7d2d1,D:\prostat\train_images\45abd719007c004e8b172a18bac7d2d1.tiff,True,True
86a2e973602ec382660c072fa42ca670,D:\prostat\train_images\86a2e973602ec382660c072fa42ca670.tiff,True,True
84203c95bda68f3cd20f5f3bb065d2c1,D:\prostat\train_images\84203c95bda68f3cd20f5f3bb065d2c1.tiff,True,True
295f60908595262b10bfd016661819fd,D:\prostat\train_images\295f60908595262b10bfd016661819fd.tiff,True,True
10dd67ea8e8fe3edbceeabfff19d1934,D:\prostat\train_images\10dd67ea8e8fe3edbceeabfff19d1934.tiff,True,True
134160267beeb22f782f92b728cc5abd,D:\prostat\train_images\134160267beeb22f782f92b728cc5abd.tiff,True,True
369765a1bd016016ceec70314dacc204,D:\prostat\train_images\369765a1bd016016ceec70314dacc204.tiff,True,True
3166c2eecec00b44f1ded2a024b93240,D:\prostat\train_images\3166c2eecec00b44f1ded2a024b93240.tiff,True,True
37bcf02187f518f188dc8d97038f3e84,D:\prostat\train_images\37bcf02187f518f188dc8d97038f3e84.tiff,True,True
dbcd292efb04d7db76e2c97379b79a14,D:\prostat\train_images\dbcd292efb04d7db76e2c97379b79a14.tiff,True,True
41b01a396f04c9ad63b9382d91f05cb9,D:\prostat\train_images\41b01a396f04c9ad63b9382d91f05cb9.tiff,True,True
d3ad807661c72f8d122a8d0b2dbc4b65,D:\prostat\train_images\d3ad807661c72f8d122a8d0b2dbc4b65.tiff,True,True
817f50aeb6a38d67af64aec57dd3f75a,D:\prostat\train_images\817f50aeb6a38d67af64aec57dd3f75a.tiff,True,True
91a40f207d9a99e49866c204e28ce521,D:\prostat\train_images\91a40f207d9a99e49866c204e28ce521.tiff,True,True
487dd5dc98d2980278b5be229dd56e60,D:\prostat\train_images\487dd5dc98d2980278b5be229dd56e60.tiff,True,True
69cbcdf09838a1e96a974c51fbc20f02,D:\prostat\train_images\69cbcdf09838a1e96a974c51fbc20f02.tiff,True,True
e9d628364cf51891028163e0cfca628c,D:\prostat\train_images\e9d628364cf51891028163e0cfca628c.tiff,True,True
d0338a0c3d03cfb83376ce015597c0cb,D:\prostat\train_images\d0338a0c3d03cfb83376ce015597c0cb.tiff,True,True
e5875827ce9f2f526f46eefff35ab893,D:\prostat\train_images\e5875827ce9f2f526f46eefff35ab893.tiff,True,True
89b62c165838d36fd294a57624db8e4f,D:\prostat\train_images\89b62c165838d36fd294a57624db8e4f.tiff,True,True
53cc16aa53cffa0f5819bd9f80c27f44,D:\prostat\train_images\53cc16aa53cffa0f5819bd9f80c27f44.tiff,True,True
5daca040bbf1338462417b7a5dd820a3,D:\prostat\train_images\5daca040bbf1338462417b7a5dd820a3.tiff,True,True
fad1b577d2eb44cd0d686af308422638,D:\prostat\train_images\fad1b577d2eb44cd0d686af308422638.tiff,True,True
72d976f2ad72cdab7c812f170cfa8a4f,D:\prostat\train_images\72d976f2ad72cdab7c812f170cfa8a4f.tiff,True,True
04cdf445e919fef2d71bc209f4ec77cb,D:\prostat\train_images\04cdf445e919fef2d71bc209f4ec77cb.tiff,True,True
d8f6b2a76413e5b03d0ee89d2792e610,D:\prostat\train_images\d8f6b2a76413e5b03d0ee89d2792e610.tiff,True,True
e7e3a644d686264e61924ce130e78838,D:\prostat\train_images\e7e3a644d686264e61924ce130e78838.tiff,True,True
4edeef3fc8d40f2f34d4a82cb13dc28d,D:\prostat\train_images\4edeef3fc8d40f2f34d4a82cb13dc28d.tiff,True,True
41a2f4193aa1effcd56bac44e7affb03,D:\prostat\train_images\41a2f4193aa1effcd56bac44e7affb03.tiff,True,True
3cd682696983016f0c33b2ad85cb3772,D:\prostat\train_images\3cd682696983016f0c33b2ad85cb3772.tiff,True,True
466797748ce78808a1f948887f6d494d,D:\prostat\train_images\466797748ce78808a1f948887f6d494d.tiff,True,True
91e29de2d26bec1ecc377921c0ff0a50,D:\prostat\train_images\91e29de2d26bec1ecc377921c0ff0a50.tiff,True,True
97eafd1718347f62144da935984b7c60,D:\prostat\train_images\97eafd1718347f62144da935984b7c60.tiff,True,True
c6ac7271f3cf776fbd43808b320c40d5,D:\prostat\train_images\c6ac7271f3cf776fbd43808b320c40d5.tiff,True,True
a6567125ec06dda3533e654d761ae78e,D:\prostat\train_images\a6567125ec06dda3533e654d761ae78e.tiff,True,True
8271c1f76156a5ba7e5f4f84155dffff,D:\prostat\train_images\8271c1f76156a5ba7e5f4f84155dffff.tiff,True,True
e261d02e8951aa3d7f0c32c6f0d5eaf8,D:\prostat\train_images\e261d02e8951aa3d7f0c32c6f0d5eaf8.tiff,True,True
798bad8db4b90b6a0c012465a8fbc344,D:\prostat\train_images\798bad8db4b90b6a0c012465a8fbc344.tiff,True,True
db0f36ba03d1c8fbec2cc96c3f8c0708,D:\prostat\train_images\db0f36ba03d1c8fbec2cc96c3f8c0708.tiff,True,True
f90b38ef792d1763de8a25d33fdff1cc,D:\prostat\train_images\f90b38ef792d1763de8a25d33fdff1cc.tiff,True,True
8f01bf374ae51581432658526d895b22,D:\prostat\train_images\8f01bf374ae51581432658526d895b22.tiff,True,True
55dae64aaea4bd532b6889d0632517de,D:\prostat\train_images\55dae64aaea4bd532b6889d0632517de.tiff,True,True
0964b1a9a2d9012b729e1ae1a4808d79,D:\prostat\train_images\0964b1a9a2d9012b729e1ae1a4808d79.tiff,True,True
a197f9bef5596491c736c23a58bbf414,D:\prostat\train_images\a197f9bef5596491c736c23a58bbf414.tiff,True,True
bce6156cc1e42f3c62b14d424664c974,D:\prostat\train_images\bce6156cc1e42f3c62b14d424664c974.tiff,True,True
ecae863e7c478594aa4c84ce132b3825,D:\prostat\train_images\ecae863e7c478594aa4c84ce132b3825.tiff,True,True
527af9b6db70b874fd633ce7d56076e3,D:\prostat\train_images\527af9b6db70b874fd633ce7d56076e3.tiff,True,True
fd05529859cf5ee53ab967a009dc7c06,D:\prostat\train_images\fd05529859cf5ee53ab967a009dc7c06.tiff,True,True
b44f0f61b3e77a2230c0774a20f8a9df,D:\prostat\train_images\b44f0f61b3e77a2230c0774a20f8a9df.tiff,True,True
ce9011a24ceb0542202468792438328a,D:\prostat\train_images\ce9011a24ceb0542202468792438328a.tiff,True,True
8245e742febd6314e31245fb410ac00c,D:\prostat\train_images\8245e742febd6314e31245fb410ac00c.tiff,True,True
ad43231f9614e857768154736232fc34,D:\prostat\train_images\ad43231f9614e857768154736232fc34.tiff,True,True
e02d79e8c9f355639c5f411470899d40,D:\prostat\train_images\e02d79e8c9f355639c5f411470899d40.tiff,True,True
5f223137ea4f913a22c5a3074195d37c,D:\prostat\train_images\5f223137ea4f913a22c5a3074195d37c.tiff,True,True
d3bec5f291e147ae2527e00f897c6229,D:\prostat\train_images\d3bec5f291e147ae2527e00f897c6229.tiff,True,True
e6b528e0bd6d4b69e3bfe318e550cbe1,D:\prostat\train_images\e6b528e0bd6d4b69e3bfe318e550cbe1.tiff,True,True
c4aa6b337bd9348d6e5eb7e35418e491,D:\prostat\train_images\c4aa6b337bd9348d6e5eb7e35418e491.tiff,True,True
ef04092847409d2ea98b392331985dcb,D:\prostat\train_images\ef04092847409d2ea98b392331985dcb.tiff,True,True
fb2f9184b3ae3a323a44f83706ffce7d,D:\prostat\train_images\fb2f9184b3ae3a323a44f83706ffce7d.tiff,True,True
24303cf860c2a29fdc618efef5da00ba,D:\prostat\train_images\24303cf860c2a29fdc618efef5da00ba.tiff,True,True
96fabf5f28383a649aa86ffbacd47a3a,D:\prostat\train_images\96fabf5f28383a649aa86ffbacd47a3a.tiff,True,True
3fb4a2a819569ea4605fcaf4349bd2a4,D:\prostat\train_images\3fb4a2a819569ea4605fcaf4349bd2a4.tiff,True,True
7bdba25e2792ffaa6255a2d4914efe41,D:\prostat\train_images\7bdba25e2792ffaa6255a2d4914efe41.tiff,True,True
a737733c443a5aab85263c0a8ad94e2b,D:\prostat\train_images\a737733c443a5aab85263c0a8ad94e2b.tiff,True,True
6f56c1a8d9755e36fc3329797d59874a,D:\prostat\train_images\6f56c1a8d9755e36fc3329797d59874a.tiff,True,True
12cef0383505d96338a2ccd5491f972f,D:\prostat\train_images\12cef0383505d96338a2ccd5491f972f.tiff,True,True
49621f6f666d1c54b23d1616ac4beb72,D:\prostat\train_images\49621f6f666d1c54b23d1616ac4beb72.tiff,True,True
eccf078b6260753c6ae617c71a6a08e7,D:\prostat\train_images\eccf078b6260753c6ae617c71a6a08e7.tiff,True,True
e0311e5009e8850659a12533811c9cf8,D:\prostat\train_images\e0311e5009e8850659a12533811c9cf8.tiff,True,True
5e1ac5641073849d349584dd968f56ba,D:\prostat\train_images\5e1ac5641073849d349584dd968f56ba.tiff,True,True
601216d398fcb7c5f0e05f69ac5734e4,D:\prostat\train_images\601216d398fcb7c5f0e05f69ac5734e4.tiff,True,True
874be9a5b3a7fc7127d02977c1f8a0c8,D:\prostat\train_images\874be9a5b3a7fc7127d02977c1f8a0c8.tiff,True,True
0c884ecf6571905365546a078c02133b,D:\prostat\train_images\0c884ecf6571905365546a078c02133b.tiff,True,True
d125850318a62f30fd13cab559fcbc91,D:\prostat\train_images\d125850318a62f30fd13cab559fcbc91.tiff,True,True
4989c79e165ce9eaae95f44820c11b6a,D:\prostat\train_images\4989c79e165ce9eaae95f44820c11b6a.tiff,True,True
479c67e60b431a189c31e65be43f3741,D:\prostat\train_images\479c67e60b431a189c31e65be43f3741.tiff,True,True
c7579439b6073eed35a3df5a541b3949,D:\prostat\train_images\c7579439b6073eed35a3df5a541b3949.tiff,True,True
d63d91554034819d23760849ff0c22d5,D:\prostat\train_images\d63d91554034819d23760849ff0c22d5.tiff,True,True
f03af6a10717282de524bec7dc01111f,D:\prostat\train_images\f03af6a10717282de524bec7dc01111f.tiff,True,True
c89f71d6c8fdc1bce0a230bdb46935fd,D:\prostat\train_images\c89f71d6c8fdc1bce0a230bdb46935fd.tiff,True,True
294ceada24790459c1b9d4392fb07f4c,D:\prostat\train_images\294ceada24790459c1b9d4392fb07f4c.tiff,True,True
ff5130c98c14c90ae7f4dd64c297070c,D:\prostat\train_images\ff5130c98c14c90ae7f4dd64c297070c.tiff,True,True
710e3f6901a5e7e1c97bcc64bdbfd39d,D:\prostat\train_images\710e3f6901a5e7e1c97bcc64bdbfd39d.tiff,True,True
030d8b5c2f9562c574872ab99875aeca,D:\prostat\train_images\030d8b5c2f9562c574872ab99875aeca.tiff,True,True
51a08c0f649d0958cad761b47f6699af,D:\prostat\train_images\51a08c0f649d0958cad761b47f6699af.tiff,True,True
a733ebe1241b7fbe187b49b7b5853f7c,D:\prostat\train_images\a733ebe1241b7fbe187b49b7b5853f7c.tiff,True,True
5acd886e33ce9f50a7c738c4c3dd8503,D:\prostat\train_images\5acd886e33ce9f50a7c738c4c3dd8503.tiff,True,True
0af9dc7262948b51596d3305675e4a37,D:\prostat\train_images\0af9dc7262948b51596d3305675e4a37.tiff,True,True
a98cfeac460a9fd9aa615e3c9ccb2c82,D:\prostat\train_images\a98cfeac460a9fd9aa615e3c9ccb2c82.tiff,True,True
a9dc6f6175a76e18031ad38fc9c08026,D:\prostat\train_images\a9dc6f6175a76e18031ad38fc9c08026.tiff,True,True
fef115f8828a75c61be247aa32336a9f,D:\prostat\train_images\fef115f8828a75c61be247aa32336a9f.tiff,True,True
68825cc3e6cac82167c6c7ccee576b2b,D:\prostat\train_images\68825cc3e6cac82167c6c7ccee576b2b.tiff,True,True
45d0ddf0aeb9b7f3c8e6c19c4405ac99,D:\prostat\train_images\45d0ddf0aeb9b7f3c8e6c19c4405ac99.tiff,True,True
2072739e2ab35b10028fadda30660e42,D:\prostat\train_images\2072739e2ab35b10028fadda30660e42.tiff,True,True
5968428558aa2438b6a420dfddb5829f,D:\prostat\train_images\5968428558aa2438b6a420dfddb5829f.tiff,True,True
e2876d9ebfde8e9b19701ac52b33dcd4,D:\prostat\train_images\e2876d9ebfde8e9b19701ac52b33dcd4.tiff,True,True
384b08d948baac79a949e41d71929ecc,D:\prostat\train_images\384b08d948baac79a949e41d71929ecc.tiff,True,True
46ba7e08ffab2db7ec66bc84b2f7efbe,D:\prostat\train_images\46ba7e08ffab2db7ec66bc84b2f7efbe.tiff,True,True
108f2256764d82324ed9b2416b958291,D:\prostat\train_images\108f2256764d82324ed9b2416b958291.tiff,True,True
8b4f2bfe25c190c76d74ee59725a99e4,D:\prostat\train_images\8b4f2bfe25c190c76d74ee59725a99e4.tiff,True,True
c6cf6f5137c7c67a77ea6a9f1ef73999,D:\prostat\train_images\c6cf6f5137c7c67a77ea6a9f1ef73999.tiff,True,True
281b5e3e80477bed6206fad69a470756,D:\prostat\train_images\281b5e3e80477bed6206fad69a470756.tiff,True,True
0497647d8124c3a7f498c89204b7afe2,D:\prostat\train_images\0497647d8124c3a7f498c89204b7afe2.tiff,True,True
6867352b510c7caa78883387fe000b87,D:\prostat\train_images\6867352b510c7caa78883387fe000b87.tiff,True,True
4a9cfd2cec83d162bbcec685721f7b5c,D:\prostat\train_images\4a9cfd2cec83d162bbcec685721f7b5c.tiff,True,True
10e8ee42a0d3052959f77b6c7d27dd9b,D:\prostat\train_images\10e8ee42a0d3052959f77b6c7d27dd9b.tiff,True,True
bfcfacaf16cdb542c6e12e6deece7079,D:\prostat\train_images\bfcfacaf16cdb542c6e12e6deece7079.tiff,True,True
6155f934efd0c7ef998c1a6355aead5c,D:\prostat\train_images\6155f934efd0c7ef998c1a6355aead5c.tiff,True,True
efd993cb48dce20304958c45829a3ff8,D:\prostat\train_images\efd993cb48dce20304958c45829a3ff8.tiff,True,True
4c278673ab3ea6f8eaee1f311ff68685,D:\prostat\train_images\4c278673ab3ea6f8eaee1f311ff68685.tiff,True,True
5cfcd6a8451b2ed8355ac4800c80f7c7,D:\prostat\train_images\5cfcd6a8451b2ed8355ac4800c80f7c7.tiff,True,True
23ec87e1f63c8280c65b233420d08065,D:\prostat\train_images\23ec87e1f63c8280c65b233420d08065.tiff,True,True
6ca88a3bb8a632f16616864d13fd4f92,D:\prostat\train_images\6ca88a3bb8a632f16616864d13fd4f92.tiff,True,True
0d73c6cef9ab76b13f53f6605e8d494e,D:\prostat\train_images\0d73c6cef9ab76b13f53f6605e8d494e.tiff,True,True
ada7c1420efe8ad02c918ac619c30d37,D:\prostat\train_images\ada7c1420efe8ad02c918ac619c30d37.tiff,True,True
a9f1aee928c544e2fd4a4cd448771a38,D:\prostat\train_images\a9f1aee928c544e2fd4a4cd448771a38.tiff,True,True
157d8f1bb29e1288e265e5c15d70014e,D:\prostat\train_images\157d8f1bb29e1288e265e5c15d70014e.tiff,True,True
1b75a56162b47135cd93def864901042,D:\prostat\train_images\1b75a56162b47135cd93def864901042.tiff,True,True
64f90b30989176a0f3534d184d69e964,D:\prostat\train_images\64f90b30989176a0f3534d184d69e964.tiff,True,True
49db41e3293630f0b1a566d7c9a8f07e,D:\prostat\train_images\49db41e3293630f0b1a566d7c9a8f07e.tiff,True,True
df02f5c5fa4e85f143fef3593167ce62,D:\prostat\train_images\df02f5c5fa4e85f143fef3593167ce62.tiff,True,True
6e84edfad5dc1ebd5bf547931febf704,D:\prostat\train_images\6e84edfad5dc1ebd5bf547931febf704.tiff,True,True
82fbcd590d5506b7ce1122ee7159449d,D:\prostat\train_images\82fbcd590d5506b7ce1122ee7159449d.tiff,True,True
2a907778714d02eb4c3bb613093820ed,D:\prostat\train_images\2a907778714d02eb4c3bb613093820ed.tiff,True,True
3b9f1f0f05ca4c7cfd2000d7ae41f242,D:\prostat\train_images\3b9f1f0f05ca4c7cfd2000d7ae41f242.tiff,True,True
574e38e823dca53296ee4676b3de106c,D:\prostat\train_images\574e38e823dca53296ee4676b3de106c.tiff,True,True
34ed0654b8e0fe5bbe2a9741433f7658,D:\prostat\train_images\34ed0654b8e0fe5bbe2a9741433f7658.tiff,True,True
f1c6299a5b503d6e20d312d459805534,D:\prostat\train_images\f1c6299a5b503d6e20d312d459805534.tiff,True,True
fc5bf532ce01b1f52f38d5e87bebdb17,D:\prostat\train_images\fc5bf532ce01b1f52f38d5e87bebdb17.tiff,True,True
93a6df6c3e87cddf40ce9317f431b437,D:\prostat\train_images\93a6df6c3e87cddf40ce9317f431b437.tiff,True,True
fb1a3e8ee799c0d48b8e9d89e65797e9,D:\prostat\train_images\fb1a3e8ee799c0d48b8e9d89e65797e9.tiff,True,True
ab58a4a56d41cbe525cc50810dd2ce3a,D:\prostat\train_images\ab58a4a56d41cbe525cc50810dd2ce3a.tiff,True,True
714a9564b61a4daee6c8a39a61e04500,D:\prostat\train_images\714a9564b61a4daee6c8a39a61e04500.tiff,True,True
e241df65ca9194cb95c86f93ddd85bf7,D:\prostat\train_images\e241df65ca9194cb95c86f93ddd85bf7.tiff,True,True
790101ed8e85c73aee6d25529a583dc9,D:\prostat\train_images\790101ed8e85c73aee6d25529a583dc9.tiff,True,True
19b0eb9d02259e897f81f08afbcfc9bc,D:\prostat\train_images\19b0eb9d02259e897f81f08afbcfc9bc.tiff,True,True
5af1d8e9aa13f3bf81ee04e9ad72e55d,D:\prostat\train_images\5af1d8e9aa13f3bf81ee04e9ad72e55d.tiff,True,True
a63b1104e5fba617aa8262d8a58df325,D:\prostat\train_images\a63b1104e5fba617aa8262d8a58df325.tiff,True,True
b34bb028fb67f7de0aa9c270d7da56f2,D:\prostat\train_images\b34bb028fb67f7de0aa9c270d7da56f2.tiff,True,True
baae8c3655a07ca543a7baa09b29bb52,D:\prostat\train_images\baae8c3655a07ca543a7baa09b29bb52.tiff,True,True
f68f24390da7d3aa32817127bc5f7fa7,D:\prostat\train_images\f68f24390da7d3aa32817127bc5f7fa7.tiff,True,True
d93b3bc2dd02c94fec754e34a0501284,D:\prostat\train_images\d93b3bc2dd02c94fec754e34a0501284.tiff,True,True
c29e03d8171d9e1b2ddafd0bdf8e6dff,D:\prostat\train_images\c29e03d8171d9e1b2ddafd0bdf8e6dff.tiff,True,True
3517a8727c26bcdb6846648c9867692a,D:\prostat\train_images\3517a8727c26bcdb6846648c9867692a.tiff,True,True
64c7193405afef922cfda4c959bfd28f,D:\prostat\train_images\64c7193405afef922cfda4c959bfd28f.tiff,True,True
f46555b9ae9ee3f8b4897da358e2094c,D:\prostat\train_images\f46555b9ae9ee3f8b4897da358e2094c.tiff,True,True
ff53524d64cae1675216bbda40ad7cac,D:\prostat\train_images\ff53524d64cae1675216bbda40ad7cac.tiff,True,True
65002e22794ec60c9b98df5a6a75b609,D:\prostat\train_images\65002e22794ec60c9b98df5a6a75b609.tiff,True,True
1ebc8e2c122b49ce263fdd8d7839b029,D:\prostat\train_images\1ebc8e2c122b49ce263fdd8d7839b029.tiff,True,True
1d728152dfddffb95b2a45677300fada,D:\prostat\train_images\1d728152dfddffb95b2a45677300fada.tiff,True,True
cd11306b822ad900babf0497b524d8d9,D:\prostat\train_images\cd11306b822ad900babf0497b524d8d9.tiff,True,True
e22884fc01d9066deaeaf65069a3b97c,D:\prostat\train_images\e22884fc01d9066deaeaf65069a3b97c.tiff,True,True
701ecb67f445ec65085f3cd4bef9f872,D:\prostat\train_images\701ecb67f445ec65085f3cd4bef9f872.tiff,True,True
ac8233bf21aeeceab62509f436f8449a,D:\prostat\train_images\ac8233bf21aeeceab62509f436f8449a.tiff,True,True
25d8ff4fcd3f85d69a672b69d29b6339,D:\prostat\train_images\25d8ff4fcd3f85d69a672b69d29b6339.tiff,True,True
c93a48dcf16ce84fd7276472ce356229,D:\prostat\train_images\c93a48dcf16ce84fd7276472ce356229.tiff,True,True
8e773fa13d562c5774c3617889b1578a,D:\prostat\train_images\8e773fa13d562c5774c3617889b1578a.tiff,True,True
d46d5885480d4773f9c7670e0fcd038b,D:\prostat\train_images\d46d5885480d4773f9c7670e0fcd038b.tiff,True,True
6b53efd54fcafb28657d482fc492fd61,D:\prostat\train_images\6b53efd54fcafb28657d482fc492fd61.tiff,True,True
9359e8987975c5e0d24dcb18e41270dd,D:\prostat\train_images\9359e8987975c5e0d24dcb18e41270dd.tiff,True,True
72a669da75812594654ab2097000c32c,D:\prostat\train_images\72a669da75812594654ab2097000c32c.tiff,True,True
a295d73e91c9f8d8d16a8c1a3469714a,D:\prostat\train_images\a295d73e91c9f8d8d16a8c1a3469714a.tiff,True,True
c4fd2900adfd82ce1a09f280fb00710e,D:\prostat\train_images\c4fd2900adfd82ce1a09f280fb00710e.tiff,True,True
c35748a22f311db6af79236075dfdb30,D:\prostat\train_images\c35748a22f311db6af79236075dfdb30.tiff,True,True
b801c926e3101268f1b816bd658bcc2f,D:\prostat\train_images\b801c926e3101268f1b816bd658bcc2f.tiff,True,True
31e5c663f99421030b778af7f2dfe339,D:\prostat\train_images\31e5c663f99421030b778af7f2dfe339.tiff,True,True
7ba42fc0e9dcca31759ee7d0799a943e,D:\prostat\train_images\7ba42fc0e9dcca31759ee7d0799a943e.tiff,True,True
b74de57b5c614e1a1bbd5475c5fdff3a,D:\prostat\train_images\b74de57b5c614e1a1bbd5475c5fdff3a.tiff,True,True
f4303e98492beeae556655fdffe44d79,D:\prostat\train_images\f4303e98492beeae556655fdffe44d79.tiff,True,True
c07ed66dfd3256b0d3500d8e46c4fd58,D:\prostat\train_images\c07ed66dfd3256b0d3500d8e46c4fd58.tiff,True,True
bcfa17affb4e89ebd01a97c580ed4cdd,D:\prostat\train_images\bcfa17affb4e89ebd01a97c580ed4cdd.tiff,True,True
00f6ea010b008e7b3635910a13b165a5,D:\prostat\train_images\00f6ea010b008e7b3635910a13b165a5.tiff,True,True
7b40ef986a69cbdac10544f133832cf4,D:\prostat\train_images\7b40ef986a69cbdac10544f133832cf4.tiff,True,True
67c66e9eca1fcfb74aa64b5b8b9f1615,D:\prostat\train_images\67c66e9eca1fcfb74aa64b5b8b9f1615.tiff,True,True
80fb0f7ade621da69c54fad193c70212,D:\prostat\train_images\80fb0f7ade621da69c54fad193c70212.tiff,True,True
ed8c726eee582f09bbb45d08344f428b,D:\prostat\train_images\ed8c726eee582f09bbb45d08344f428b.tiff,True,True
bc4305fd88503b73edcecdffeef190fa,D:\prostat\train_images\bc4305fd88503b73edcecdffeef190fa.tiff,True,True
2d4511f3f129efc2865691aa75e5eb0a,D:\prostat\train_images\2d4511f3f129efc2865691aa75e5eb0a.tiff,True,True
d2029423ffecf93f8114770e5d061027,D:\prostat\train_images\d2029423ffecf93f8114770e5d061027.tiff,True,True
5db70f64a6991463aa9538ee855ee528,D:\prostat\train_images\5db70f64a6991463aa9538ee855ee528.tiff,True,True
37f5347d97a99a1fce74a21f587bf48c,D:\prostat\train_images\37f5347d97a99a1fce74a21f587bf48c.tiff,True,True
406a9e1224e5795fdaaf3424b8c593f7,D:\prostat\train_images\406a9e1224e5795fdaaf3424b8c593f7.tiff,True,True
80bcb015af8cf6373cb9fca64c15eeab,D:\prostat\train_images\80bcb015af8cf6373cb9fca64c15eeab.tiff,True,True
38be72b06e0e96e493a90c4f583a6e10,D:\prostat\train_images\38be72b06e0e96e493a90c4f583a6e10.tiff,True,True
7af4089a1002c57b8418fffe9c9f2eee,D:\prostat\train_images\7af4089a1002c57b8418fffe9c9f2eee.tiff,True,True
1355acd8e4798125a040dd6d61578b1a,D:\prostat\train_images\1355acd8e4798125a040dd6d61578b1a.tiff,True,True
e35d234136ec9134b502de099a7a512f,D:\prostat\train_images\e35d234136ec9134b502de099a7a512f.tiff,True,True
ee0a0e6973db6eff6dbd31ad6dc2beec,D:\prostat\train_images\ee0a0e6973db6eff6dbd31ad6dc2beec.tiff,True,True
fd9f0f26e419167b09f3ae4f7a46c9fd,D:\prostat\train_images\fd9f0f26e419167b09f3ae4f7a46c9fd.tiff,True,True
3c044e6b0f5e68685f9de5269bc0f5d6,D:\prostat\train_images\3c044e6b0f5e68685f9de5269bc0f5d6.tiff,True,True
2e703d55529a045980adc4fde731b100,D:\prostat\train_images\2e703d55529a045980adc4fde731b100.tiff,True,True
a1f79e44db2ca88a3c1b330af1343d61,D:\prostat\train_images\a1f79e44db2ca88a3c1b330af1343d61.tiff,True,True
5ef00d3ae104d72001ef09e9f16deec0,D:\prostat\train_images\5ef00d3ae104d72001ef09e9f16deec0.tiff,True,True
d8887d39c2b13ab34daf2806ab3c8a5d,D:\prostat\train_images\d8887d39c2b13ab34daf2806ab3c8a5d.tiff,True,True
57b445bdaf42976e8a4c92561ec097db,D:\prostat\train_images\57b445bdaf42976e8a4c92561ec097db.tiff,True,True
10dc2544e17f8446dda51f9a9b05181c,D:\prostat\train_images\10dc2544e17f8446dda51f9a9b05181c.tiff,True,True
6329256633b051f1e2b903afa9b5ef26,D:\prostat\train_images\6329256633b051f1e2b903afa9b5ef26.tiff,True,True
9e1d450a04253ab097601c9934fb5e6a,D:\prostat\train_images\9e1d450a04253ab097601c9934fb5e6a.tiff,True,True
3aeefd7ef9247470d465682c556c0c61,D:\prostat\train_images\3aeefd7ef9247470d465682c556c0c61.tiff,True,True
85ca610ed7575474defbe00948444b2a,D:\prostat\train_images\85ca610ed7575474defbe00948444b2a.tiff,True,True
a8c2db370b41d0dec801656b9c3d0014,D:\prostat\train_images\a8c2db370b41d0dec801656b9c3d0014.tiff,True,True
6de3367240f4beac25bd7f31e72154a6,D:\prostat\train_images\6de3367240f4beac25bd7f31e72154a6.tiff,True,True
2f307cc31799996529e44c0bcc87b9dd,D:\prostat\train_images\2f307cc31799996529e44c0bcc87b9dd.tiff,True,True
a347222d3272e90f8db2455b9d6d6672,D:\prostat\train_images\a347222d3272e90f8db2455b9d6d6672.tiff,True,True
cb88fb1e0305ba94d8186a245ac2193b,D:\prostat\train_images\cb88fb1e0305ba94d8186a245ac2193b.tiff,True,True
42482ed25f9001ae44f6148432da91d7,D:\prostat\train_images\42482ed25f9001ae44f6148432da91d7.tiff,True,True
dd6321787f8051811c010050b2d90a55,D:\prostat\train_images\dd6321787f8051811c010050b2d90a55.tiff,True,True
7d1d9ad923a9f67ffbb27c9d3c62ab06,D:\prostat\train_images\7d1d9ad923a9f67ffbb27c9d3c62ab06.tiff,True,True
e33e2787c16fd3291299992fbabb7636,D:\prostat\train_images\e33e2787c16fd3291299992fbabb7636.tiff,True,True
b641f33ff342b590cf61baeea481716a,D:\prostat\train_images\b641f33ff342b590cf61baeea481716a.tiff,True,True
00d7ec94436e3a1416a3b302914957d3,D:\prostat\train_images\00d7ec94436e3a1416a3b302914957d3.tiff,True,True
7e7c7d39cc9b962c510facf7b92e676d,D:\prostat\train_images\7e7c7d39cc9b962c510facf7b92e676d.tiff,True,True
055dc74f97a387fd1f12beb64e1cca76,D:\prostat\train_images\055dc74f97a387fd1f12beb64e1cca76.tiff,True,True
2384f9b394b4aebf46feef7bda01efdb,D:\prostat\train_images\2384f9b394b4aebf46feef7bda01efdb.tiff,True,True
6e4122eef9edf14c7ba932cfb9321788,D:\prostat\train_images\6e4122eef9edf14c7ba932cfb9321788.tiff,True,True
6bfa122b5832ffd442a8123153f5d252,D:\prostat\train_images\6bfa122b5832ffd442a8123153f5d252.tiff,True,True
09654a0e78754b384b69fad7ecc7ba14,D:\prostat\train_images\09654a0e78754b384b69fad7ecc7ba14.tiff,True,True
7817ae2d392ba4f6cb9104fbe70b6274,D:\prostat\train_images\7817ae2d392ba4f6cb9104fbe70b6274.tiff,True,True
99fd5d6b1af78216755f9b6b80b70b2b,D:\prostat\train_images\99fd5d6b1af78216755f9b6b80b70b2b.tiff,True,True
9f3cb251707d9950d2f6a309fc1d8ae2,D:\prostat\train_images\9f3cb251707d9950d2f6a309fc1d8ae2.tiff,True,True
423cf46064b2e83b62917b06fca7057f,D:\prostat\train_images\423cf46064b2e83b62917b06fca7057f.tiff,True,True
a8e773eff750fc08a72de5075c79474f,D:\prostat\train_images\a8e773eff750fc08a72de5075c79474f.tiff,True,True
9c7f6cc990be56bbbfbaf17e4b52a24b,D:\prostat\train_images\9c7f6cc990be56bbbfbaf17e4b52a24b.tiff,True,True
15081ecc0dd0de8694dd86e1dab23e54,D:\prostat\train_images\15081ecc0dd0de8694dd86e1dab23e54.tiff,True,True
b0977afdffe62b39dc66b4c2313563d3,D:\prostat\train_images\b0977afdffe62b39dc66b4c2313563d3.tiff,True,True
275322852b2d7d5cff8a19cc5e72ff4e,D:\prostat\train_images\275322852b2d7d5cff8a19cc5e72ff4e.tiff,True,True
883690557c692e6af48677011c657dfc,D:\prostat\train_images\883690557c692e6af48677011c657dfc.tiff,True,True
a3a96d6827a3708af480708035a3cfc4,D:\prostat\train_images\a3a96d6827a3708af480708035a3cfc4.tiff,True,True
ead9a151a1d35c75305d3dd321c6676e,D:\prostat\train_images\ead9a151a1d35c75305d3dd321c6676e.tiff,True,True
ef719b75e69aa49c7c5f11995f4a5c87,D:\prostat\train_images\ef719b75e69aa49c7c5f11995f4a5c87.tiff,True,True
79a741c8d6157f85a761d3de05986311,D:\prostat\train_images\79a741c8d6157f85a761d3de05986311.tiff,True,True
3ee83e295ae1fca3fbee89fb67666bc1,D:\prostat\train_images\3ee83e295ae1fca3fbee89fb67666bc1.tiff,True,True
3eea18b89ad8caf07946476d89a7aa8a,D:\prostat\train_images\3eea18b89ad8caf07946476d89a7aa8a.tiff,True,True
ae9c53b32653368de19c3433eb91b6d9,D:\prostat\train_images\ae9c53b32653368de19c3433eb91b6d9.tiff,True,True
489959a384e66a9431292b744f47f295,D:\prostat\train_images\489959a384e66a9431292b744f47f295.tiff,True,True
23279725c942117657b2287c41520b96,D:\prostat\train_images\23279725c942117657b2287c41520b96.tiff,True,True
20fe45e5ea3022602775d0aa86e8ef94,D:\prostat\train_images\20fe45e5ea3022602775d0aa86e8ef94.tiff,True,True
1ac5fed19cf6f44db9a4dfa85aefce4a,D:\prostat\train_images\1ac5fed19cf6f44db9a4dfa85aefce4a.tiff,True,True
25ab6fdebec09bb2b98756d9068a4c09,D:\prostat\train_images\25ab6fdebec09bb2b98756d9068a4c09.tiff,True,True
687caedb62d68fd4692af68d695efc1c,D:\prostat\train_images\687caedb62d68fd4692af68d695efc1c.tiff,True,True
10d22d845b6bdd506a53af379e7f0b20,D:\prostat\train_images\10d22d845b6bdd506a53af379e7f0b20.tiff,True,True
e8290f572f0e2d4e85248dc375ed3b94,D:\prostat\train_images\e8290f572f0e2d4e85248dc375ed3b94.tiff,True,True
6bcc536d2db29034ac0c8974df500981,D:\prostat\train_images\6bcc536d2db29034ac0c8974df500981.tiff,True,True
af2e93677f85a4ff065cfd55c279793d,D:\prostat\train_images\af2e93677f85a4ff065cfd55c279793d.tiff,True,True
62493361edf8bb1ee5391d66b64af60f,D:\prostat\train_images\62493361edf8bb1ee5391d66b64af60f.tiff,True,True
cf71025291b7d039b30434e6ffe94272,D:\prostat\train_images\cf71025291b7d039b30434e6ffe94272.tiff,True,True
c1273fbac7df8d2188b1854ae6584e14,D:\prostat\train_images\c1273fbac7df8d2188b1854ae6584e14.tiff,True,True
aa956e452824c715d48722bbe45c2882,D:\prostat\train_images\aa956e452824c715d48722bbe45c2882.tiff,True,True
7c3ee27216049d5308310f02fba18dbb,D:\prostat\train_images\7c3ee27216049d5308310f02fba18dbb.tiff,True,True
91b53c8308cd140ab55518b1df7a370d,D:\prostat\train_images\91b53c8308cd140ab55518b1df7a370d.tiff,True,True
f254c9da93b8616baf724c5ee515d4d4,D:\prostat\train_images\f254c9da93b8616baf724c5ee515d4d4.tiff,True,True
4898a1bc6e036de7f2c3d31b2b574b84,D:\prostat\train_images\4898a1bc6e036de7f2c3d31b2b574b84.tiff,True,True
a9b04c7dad29444f8422d0c31fb678ea,D:\prostat\train_images\a9b04c7dad29444f8422d0c31fb678ea.tiff,True,True
bff2576aa2577cf63a76c2917c3bc387,D:\prostat\train_images\bff2576aa2577cf63a76c2917c3bc387.tiff,True,True
db6bda8b9e54352f83df9308c7b200ad,D:\prostat\train_images\db6bda8b9e54352f83df9308c7b200ad.tiff,True,True
7430ef957ff8212cfe421b132ccd7bda,D:\prostat\train_images\7430ef957ff8212cfe421b132ccd7bda.tiff,True,True
099a334f7290f6821e9125c37428157a,D:\prostat\train_images\099a334f7290f6821e9125c37428157a.tiff,True,True
06334c520d4bd54eb501a49f42158a80,D:\prostat\train_images\06334c520d4bd54eb501a49f42158a80.tiff,True,True
f9c41c926032f8ec5db4c05b86dd2749,D:\prostat\train_images\f9c41c926032f8ec5db4c05b86dd2749.tiff,True,True
63b475ef802ec75075a927c0980ca3d1,D:\prostat\train_images\63b475ef802ec75075a927c0980ca3d1.tiff,True,True
ba90d2787827da36ae89c1512c8d5523,D:\prostat\train_images\ba90d2787827da36ae89c1512c8d5523.tiff,True,True
577a95c3a3a0fb362b7282fdf9311015,D:\prostat\train_images\577a95c3a3a0fb362b7282fdf9311015.tiff,True,True
b6dbb1d1ef20d9d91326e8d9c9493c31,D:\prostat\train_images\b6dbb1d1ef20d9d91326e8d9c9493c31.tiff,True,True
5d3dfae104348251b8fbc99f8d39a601,D:\prostat\train_images\5d3dfae104348251b8fbc99f8d39a601.tiff,True,True
b13c24842ac86c448a3c9b846a1e13d2,D:\prostat\train_images\b13c24842ac86c448a3c9b846a1e13d2.tiff,True,True
589fb4c43782864aa69fb1b7d08abe1c,D:\prostat\train_images\589fb4c43782864aa69fb1b7d08abe1c.tiff,True,True
36d601499ced6c8d29d9cdd5a42db4cf,D:\prostat\train_images\36d601499ced6c8d29d9cdd5a42db4cf.tiff,True,True
799e5493454e8e8e4f75d383846625b0,D:\prostat\train_images\799e5493454e8e8e4f75d383846625b0.tiff,True,True
8cee5821fbe1d9167183271a8c6ae83a,D:\prostat\train_images\8cee5821fbe1d9167183271a8c6ae83a.tiff,True,True
bfcc9e5ac8e39cf903c5a70ca5f8e2e7,D:\prostat\train_images\bfcc9e5ac8e39cf903c5a70ca5f8e2e7.tiff,True,True
2fd1c7dc4a0f3a546a59717d8e9d28c3,D:\prostat\train_images\2fd1c7dc4a0f3a546a59717d8e9d28c3.tiff,True,True
a05442db760d52a1763492f9ca03ca0d,D:\prostat\train_images\a05442db760d52a1763492f9ca03ca0d.tiff,True,True
030ca0cb6956ae6ec93a6fc83453d09b,D:\prostat\train_images\030ca0cb6956ae6ec93a6fc83453d09b.tiff,True,True
fd1deb6f87696b6372ea9c9b109b4ccf,D:\prostat\train_images\fd1deb6f87696b6372ea9c9b109b4ccf.tiff,True,True
bb1e333665a90e75ead8d00100a8ac3f,D:\prostat\train_images\bb1e333665a90e75ead8d00100a8ac3f.tiff,True,True
d592f94339f67b9453dca75b5826f367,D:\prostat\train_images\d592f94339f67b9453dca75b5826f367.tiff,True,True
a37b456a2bc920630c60c2ff0c7d6325,D:\prostat\train_images\a37b456a2bc920630c60c2ff0c7d6325.tiff,True,True
b96adba102a845d3fd6445ea5d7017bb,D:\prostat\train_images\b96adba102a845d3fd6445ea5d7017bb.tiff,True,True
3b0db85aa28349cd4caf4c53531f28b9,D:\prostat\train_images\3b0db85aa28349cd4caf4c53531f28b9.tiff,True,True
e7c1f39c7be220aa89d07d03514c85df,D:\prostat\train_images\e7c1f39c7be220aa89d07d03514c85df.tiff,True,True
1be9e30be0bac0c96eb660eeeb1a79b2,D:\prostat\train_images\1be9e30be0bac0c96eb660eeeb1a79b2.tiff,True,True
9be6b9a4057903ccf884e75c8f430c7f,D:\prostat\train_images\9be6b9a4057903ccf884e75c8f430c7f.tiff,True,True
ff15dfc487071517ef450a09264af206,D:\prostat\train_images\ff15dfc487071517ef450a09264af206.tiff,True,True
815c0f16b5b809d54293c6c981c7daba,D:\prostat\train_images\815c0f16b5b809d54293c6c981c7daba.tiff,True,True
e93b6d79a651c132ee0703fc60dc2199,D:\prostat\train_images\e93b6d79a651c132ee0703fc60dc2199.tiff,True,True
55f9371f0cdd14ae2e4df9fd5f09878a,D:\prostat\train_images\55f9371f0cdd14ae2e4df9fd5f09878a.tiff,True,True
2d1b57132c3a9858f4d983a10e07e9a0,D:\prostat\train_images\2d1b57132c3a9858f4d983a10e07e9a0.tiff,True,True
7b576fbb0da9890869714dadff5226df,D:\prostat\train_images\7b576fbb0da9890869714dadff5226df.tiff,True,True
9793c3c2317f38143d21a5187bb35652,D:\prostat\train_images\9793c3c2317f38143d21a5187bb35652.tiff,True,True
4953f5a813043846c5e93b13adbcd1df,D:\prostat\train_images\4953f5a813043846c5e93b13adbcd1df.tiff,True,True
44299aba6cb876f916033c3fbba60ea2,D:\prostat\train_images\44299aba6cb876f916033c3fbba60ea2.tiff,True,True
2b3f728f3f223570a4e2424ea6dd6e11,D:\prostat\train_images\2b3f728f3f223570a4e2424ea6dd6e11.tiff,True,True
e93e6ff8cd84d5be64e8bb408fe8e614,D:\prostat\train_images\e93e6ff8cd84d5be64e8bb408fe8e614.tiff,True,True
0b2cba7e97daa7f11ededc2ec7d67045,D:\prostat\train_images\0b2cba7e97daa7f11ededc2ec7d67045.tiff,True,True
61105d52f842466e17bb6182a100ac4d,D:\prostat\train_images\61105d52f842466e17bb6182a100ac4d.tiff,True,True
c8a09a4ef05f4b37037251a76d8f5d68,D:\prostat\train_images\c8a09a4ef05f4b37037251a76d8f5d68.tiff,True,True
82b6a503020b79bec7b2a5f981a0a915,D:\prostat\train_images\82b6a503020b79bec7b2a5f981a0a915.tiff,True,True
c408ca44f9993274b2ae440bd0aa7f29,D:\prostat\train_images\c408ca44f9993274b2ae440bd0aa7f29.tiff,True,True
574b500e9f93038740f77f0dfa458c10,D:\prostat\train_images\574b500e9f93038740f77f0dfa458c10.tiff,True,True
0a90f3a47f1d9bccee4f6ab1a716839f,D:\prostat\train_images\0a90f3a47f1d9bccee4f6ab1a716839f.tiff,True,True
5cd64763e1df1acf97df32f5e310bcd6,D:\prostat\train_images\5cd64763e1df1acf97df32f5e310bcd6.tiff,True,True
17ed38674f65ff958bef435280acd1dd,D:\prostat\train_images\17ed38674f65ff958bef435280acd1dd.tiff,True,True
5e9c2892384ade4ff99f8296e8c51147,D:\prostat\train_images\5e9c2892384ade4ff99f8296e8c51147.tiff,True,True
8a2de6d2185bec383f053b9aeaa24616,D:\prostat\train_images\8a2de6d2185bec383f053b9aeaa24616.tiff,True,True
9a2473678a45cc95067ef619d850bfa8,D:\prostat\train_images\9a2473678a45cc95067ef619d850bfa8.tiff,True,True
b3d9908da3de040885c2523ba4623a2b,D:\prostat\train_images\b3d9908da3de040885c2523ba4623a2b.tiff,True,True
e0c370969267c34db431130a881e72f4,D:\prostat\train_images\e0c370969267c34db431130a881e72f4.tiff,True,True
0c52d7167d0b75dec868020c35f4873b,D:\prostat\train_images\0c52d7167d0b75dec868020c35f4873b.tiff,True,True
5eb0af050c28a438f143ddeed00aa8c1,D:\prostat\train_images\5eb0af050c28a438f143ddeed00aa8c1.tiff,True,True
08e90c44bcfe29aa64beff429f94e291,D:\prostat\train_images\08e90c44bcfe29aa64beff429f94e291.tiff,True,True
ef7646f2fa166ef2b355a1efd19db77c,D:\prostat\train_images\ef7646f2fa166ef2b355a1efd19db77c.tiff,True,True
386c585a463d6010765624da9057d0cd,D:\prostat\train_images\386c585a463d6010765624da9057d0cd.tiff,True,True
5102e1dcf0e7e165bc15966bc8062a12,D:\prostat\train_images\5102e1dcf0e7e165bc15966bc8062a12.tiff,True,True
e47409feff05e7815c2908a2af47746b,D:\prostat\train_images\e47409feff05e7815c2908a2af47746b.tiff,True,True
aa68bce6e7fd266e9839f591296166b0,D:\prostat\train_images\aa68bce6e7fd266e9839f591296166b0.tiff,True,True
5e50d9143147326f0fd6736f59d4bb8c,D:\prostat\train_images\5e50d9143147326f0fd6736f59d4bb8c.tiff,True,True
1ccd539748c427c85899566015a9373c,D:\prostat\train_images\1ccd539748c427c85899566015a9373c.tiff,True,True
2de19392851565602fb1929dfa3f89ff,D:\prostat\train_images\2de19392851565602fb1929dfa3f89ff.tiff,True,True
020a76e6ac9418a2f23f467b861e6012,D:\prostat\train_images\020a76e6ac9418a2f23f467b861e6012.tiff,True,True
8e244ea370ffdb16c4d50bd271c538a8,D:\prostat\train_images\8e244ea370ffdb16c4d50bd271c538a8.tiff,True,True
c7c18a00f4c61c696c30c721bf7621d2,D:\prostat\train_images\c7c18a00f4c61c696c30c721bf7621d2.tiff,True,True
56b18e1507691def89ef7f07fd124136,D:\prostat\train_images\56b18e1507691def89ef7f07fd124136.tiff,True,True
047dfcfa9deb50e3ca572a902707442f,D:\prostat\train_images\047dfcfa9deb50e3ca572a902707442f.tiff,True,True
2dd9b8080f0f72ec8521d3d72a4bf018,D:\prostat\train_images\2dd9b8080f0f72ec8521d3d72a4bf018.tiff,True,True
2d2b8462838f388306beebdc1e2994d0,D:\prostat\train_images\2d2b8462838f388306beebdc1e2994d0.tiff,True,True
4fce030094773bdf132fd81c5febce40,D:\prostat\train_images\4fce030094773bdf132fd81c5febce40.tiff,True,True
56e5d931e0c46a942e76aaa95485b9cd,D:\prostat\train_images\56e5d931e0c46a942e76aaa95485b9cd.tiff,True,True
9aa47821e79af6bbacc6ee49f915156c,D:\prostat\train_images\9aa47821e79af6bbacc6ee49f915156c.tiff,True,True
3602a55ad5d1bc6c6cd903538b5b5abe,D:\prostat\train_images\3602a55ad5d1bc6c6cd903538b5b5abe.tiff,True,True
4a617782fe5e92440236591606d83bef,D:\prostat\train_images\4a617782fe5e92440236591606d83bef.tiff,True,True
9ffb0d108038b5e91cf647c4f4b61318,D:\prostat\train_images\9ffb0d108038b5e91cf647c4f4b61318.tiff,True,True
1be6e10d8e0afdbe07aab32a2985b23b,D:\prostat\train_images\1be6e10d8e0afdbe07aab32a2985b23b.tiff,True,True
0df6fef657c83392baa2bc0c89880615,D:\prostat\train_images\0df6fef657c83392baa2bc0c89880615.tiff,True,True
f2d8b98b713b1587017e9e0e7ae33fc1,D:\prostat\train_images\f2d8b98b713b1587017e9e0e7ae33fc1.tiff,True,True
7fea10a0ff2553d25f7e42f313da6cd8,D:\prostat\train_images\7fea10a0ff2553d25f7e42f313da6cd8.tiff,True,True
9ba7f932ed3494e9b53913a57ada7361,D:\prostat\train_images\9ba7f932ed3494e9b53913a57ada7361.tiff,True,True
9e9c36a50726e766d79a3871e0fead40,D:\prostat\train_images\9e9c36a50726e766d79a3871e0fead40.tiff,True,True
a0c82584384e118836f03e2abf446a81,D:\prostat\train_images\a0c82584384e118836f03e2abf446a81.tiff,True,True
cfc8739fcc8e3d89f162ef4718c4e4c5,D:\prostat\train_images\cfc8739fcc8e3d89f162ef4718c4e4c5.tiff,True,True
cdb85e317139cf608d514e1c8653d0f3,D:\prostat\train_images\cdb85e317139cf608d514e1c8653d0f3.tiff,True,True
bfc4d35887c4df323cfbe761d1f33c7c,D:\prostat\train_images\bfc4d35887c4df323cfbe761d1f33c7c.tiff,True,True
2464608febcd797682b2392b5badbc2d,D:\prostat\train_images\2464608febcd797682b2392b5badbc2d.tiff,True,True
7db090c9c19ac5f8e5262833826dfa9c,D:\prostat\train_images\7db090c9c19ac5f8e5262833826dfa9c.tiff,True,True
7917868832afbdb15a7106ebc5c85950,D:\prostat\train_images\7917868832afbdb15a7106ebc5c85950.tiff,True,True
3f42a18d856e04de46dec49a7adb376a,D:\prostat\train_images\3f42a18d856e04de46dec49a7adb376a.tiff,True,True
0880e72eb2ad3fd25067a4500a8f0016,D:\prostat\train_images\0880e72eb2ad3fd25067a4500a8f0016.tiff,True,True
ff3667b139539475d4de2aa1b2325c82,D:\prostat\train_images\ff3667b139539475d4de2aa1b2325c82.tiff,True,True
065762b2ae186afcf91bbedc81142ef4,D:\prostat\train_images\065762b2ae186afcf91bbedc81142ef4.tiff,True,True
e5e5afaa4adc21dd69b387dbcb91aa74,D:\prostat\train_images\e5e5afaa4adc21dd69b387dbcb91aa74.tiff,True,True
75dfcc2a661ccc7eccf5bcfb3a4896e6,D:\prostat\train_images\75dfcc2a661ccc7eccf5bcfb3a4896e6.tiff,True,True
298a2bcc8923a18f24c1368eadf10d9e,D:\prostat\train_images\298a2bcc8923a18f24c1368eadf10d9e.tiff,True,True
7ee503e117d755f91a4a5f75f643cb23,D:\prostat\train_images\7ee503e117d755f91a4a5f75f643cb23.tiff,True,True
830484a95f45f28e37b68bd440fd9357,D:\prostat\train_images\830484a95f45f28e37b68bd440fd9357.tiff,True,True
78138d4fc0b8fceb04138cd44d4a4fdd,D:\prostat\train_images\78138d4fc0b8fceb04138cd44d4a4fdd.tiff,True,True
de9c84e2aa6dbde04560906d37eab791,D:\prostat\train_images\de9c84e2aa6dbde04560906d37eab791.tiff,True,True
38d5fe1d5718ada9a476c7690dfcfde0,D:\prostat\train_images\38d5fe1d5718ada9a476c7690dfcfde0.tiff,True,True
22aa8069a9ed5dd4884ae19dd73ad716,D:\prostat\train_images\22aa8069a9ed5dd4884ae19dd73ad716.tiff,True,True
045abbf620e79d285e7d9d0cbf39ec8c,D:\prostat\train_images\045abbf620e79d285e7d9d0cbf39ec8c.tiff,True,True
f31359d4b52d6111001bd6a27a216821,D:\prostat\train_images\f31359d4b52d6111001bd6a27a216821.tiff,True,True
b2580e9975eb5b277605072db2785d65,D:\prostat\train_images\b2580e9975eb5b277605072db2785d65.tiff,True,True
a766e096ab436d7ae7a55eb46a4fcf5e,D:\prostat\train_images\a766e096ab436d7ae7a55eb46a4fcf5e.tiff,True,True
72b9ca2c11e1a849e053013cd5e22d56,D:\prostat\train_images\72b9ca2c11e1a849e053013cd5e22d56.tiff,True,True
344cc56a75aa993d5b20be3f31210879,D:\prostat\train_images\344cc56a75aa993d5b20be3f31210879.tiff,True,True
3bbd7993ca87b79a7fee47b563e97710,D:\prostat\train_images\3bbd7993ca87b79a7fee47b563e97710.tiff,True,True
294ec32adf84bc61c69974ae54cf7e83,D:\prostat\train_images\294ec32adf84bc61c69974ae54cf7e83.tiff,True,True
ffc70bf605de30aaa936533397a29d9c,D:\prostat\train_images\ffc70bf605de30aaa936533397a29d9c.tiff,True,True
315d3d4f897775dc35d0b3e6314bfeff,D:\prostat\train_images\315d3d4f897775dc35d0b3e6314bfeff.tiff,True,True
af1092d14c91de3eddbcb650f631c501,D:\prostat\train_images\af1092d14c91de3eddbcb650f631c501.tiff,True,True
a33ecad0b2f6e55034a170872ae7abed,D:\prostat\train_images\a33ecad0b2f6e55034a170872ae7abed.tiff,True,True
e76c15467a217238e680e38de3128f05,D:\prostat\train_images\e76c15467a217238e680e38de3128f05.tiff,True,True
f584978dc639c48313cbc8b991c769ad,D:\prostat\train_images\f584978dc639c48313cbc8b991c769ad.tiff,True,True
ffaf4de97335595fb711d3985523106a,D:\prostat\train_images\ffaf4de97335595fb711d3985523106a.tiff,True,True
ac2d6fd1aa1fe717c00e97b132ebc392,D:\prostat\train_images\ac2d6fd1aa1fe717c00e97b132ebc392.tiff,True,True
29e2cfb8a5b8b437876e531f8c5f753c,D:\prostat\train_images\29e2cfb8a5b8b437876e531f8c5f753c.tiff,True,True
7df260d73a124534f81a62768190ba8b,D:\prostat\train_images\7df260d73a124534f81a62768190ba8b.tiff,True,True
8ad12c31792813c22bd2082d91642c91,D:\prostat\train_images\8ad12c31792813c22bd2082d91642c91.tiff,True,True
e877ea3e61db21b1a35468e9fcbf80cc,D:\prostat\train_images\e877ea3e61db21b1a35468e9fcbf80cc.tiff,True,True
09a6f9c1f4102521c8bd55871eb857f6,D:\prostat\train_images\09a6f9c1f4102521c8bd55871eb857f6.tiff,True,True
3e526b460db033d30d9860e2a20107ee,D:\prostat\train_images\3e526b460db033d30d9860e2a20107ee.tiff,True,True
4c21e2684e869a2ce2c3444d36193e8b,D:\prostat\train_images\4c21e2684e869a2ce2c3444d36193e8b.tiff,True,True
7cc3935f0c256daf77c943ca91f2fcd3,D:\prostat\train_images\7cc3935f0c256daf77c943ca91f2fcd3.tiff,True,True
0cf88c432c44f7d163afb692e6d1000b,D:\prostat\train_images\0cf88c432c44f7d163afb692e6d1000b.tiff,True,True
299cda5b6769ede928f02624c46f1bf0,D:\prostat\train_images\299cda5b6769ede928f02624c46f1bf0.tiff,True,True
5dfa62a4dcf79b511d935096233f35e3,D:\prostat\train_images\5dfa62a4dcf79b511d935096233f35e3.tiff,True,True
0e96f3cc7cdc244d53d817842d78b703,D:\prostat\train_images\0e96f3cc7cdc244d53d817842d78b703.tiff,True,True
7bfaebed8876423a4b7e2adec380747a,D:\prostat\train_images\7bfaebed8876423a4b7e2adec380747a.tiff,True,True
40b5f6642d5ce531ebf51929eb9c0cc8,D:\prostat\train_images\40b5f6642d5ce531ebf51929eb9c0cc8.tiff,True,True
ebd6034772ec8ea179c5a1802c6b886e,D:\prostat\train_images\ebd6034772ec8ea179c5a1802c6b886e.tiff,True,True
236bc413143580332dbb51863d097b4f,D:\prostat\train_images\236bc413143580332dbb51863d097b4f.tiff,True,True
09a50526cdd518958c8c846a912141e5,D:\prostat\train_images\09a50526cdd518958c8c846a912141e5.tiff,True,True
1a5123a18c641040307c36f5e9811efc,D:\prostat\train_images\1a5123a18c641040307c36f5e9811efc.tiff,True,True
962731dd6f931030e2e763c9fab4fb7f,D:\prostat\train_images\962731dd6f931030e2e763c9fab4fb7f.tiff,True,True
42ed3236c832fa436b51d774fda8f3cb,D:\prostat\train_images\42ed3236c832fa436b51d774fda8f3cb.tiff,True,True
8634ef0b80d1353887839c0a4a36e074,D:\prostat\train_images\8634ef0b80d1353887839c0a4a36e074.tiff,True,True
337243a9bd89017f962fcd5bf3cf9d64,D:\prostat\train_images\337243a9bd89017f962fcd5bf3cf9d64.tiff,True,True
04198f362b0329843b23c5cd236f765d,D:\prostat\train_images\04198f362b0329843b23c5cd236f765d.tiff,True,True
30362d7b1bcf3e92232f765dd647752b,D:\prostat\train_images\30362d7b1bcf3e92232f765dd647752b.tiff,True,True
7a8abc693ab86d8b1e89e6ebe3169fb7,D:\prostat\train_images\7a8abc693ab86d8b1e89e6ebe3169fb7.tiff,True,True
9eb2363b7198715afa3afcc85bdd0ba2,D:\prostat\train_images\9eb2363b7198715afa3afcc85bdd0ba2.tiff,True,True
ee1605f1c4e68d7a52a07fae529e14f8,D:\prostat\train_images\ee1605f1c4e68d7a52a07fae529e14f8.tiff,True,True
86aa40de50e2e62b3250abf046b44d84,D:\prostat\train_images\86aa40de50e2e62b3250abf046b44d84.tiff,True,True
20b65b9fdf04f2d2d80f515bc939ee7a,D:\prostat\train_images\20b65b9fdf04f2d2d80f515bc939ee7a.tiff,True,True
e05f477f1d1693f8b4a5e629bb0745b2,D:\prostat\train_images\e05f477f1d1693f8b4a5e629bb0745b2.tiff,True,True
0475c8c61af050d4e83d9f8d2ca27a7c,D:\prostat\train_images\0475c8c61af050d4e83d9f8d2ca27a7c.tiff,True,True
dbf5972f6e8559cf175c232310070b6e,D:\prostat\train_images\dbf5972f6e8559cf175c232310070b6e.tiff,True,True
f480b897adfe65f572f79d9f8d45ac9e,D:\prostat\train_images\f480b897adfe65f572f79d9f8d45ac9e.tiff,True,True
c4a30ab614d7d3e37e99434341191331,D:\prostat\train_images\c4a30ab614d7d3e37e99434341191331.tiff,True,True
4ff3969ded27b5fa1ea6dbeb7bdd8196,D:\prostat\train_images\4ff3969ded27b5fa1ea6dbeb7bdd8196.tiff,True,True
a12cf12bd480d36325d9141e5fce729d,D:\prostat\train_images\a12cf12bd480d36325d9141e5fce729d.tiff,True,True
307f2f1883a10ac0e49787c25eacbd9f,D:\prostat\train_images\307f2f1883a10ac0e49787c25eacbd9f.tiff,True,True
76646d841dfa7b647f6034e73417c1ee,D:\prostat\train_images\76646d841dfa7b647f6034e73417c1ee.tiff,True,True
f7d2065831221dcb1fc9bd3eb02ef708,D:\prostat\train_images\f7d2065831221dcb1fc9bd3eb02ef708.tiff,True,True
f21b4874e7bf5b2061800096e9a080d7,D:\prostat\train_images\f21b4874e7bf5b2061800096e9a080d7.tiff,True,True
8a76998072bccebf4c6f78ff7cc7b94e,D:\prostat\train_images\8a76998072bccebf4c6f78ff7cc7b94e.tiff,True,True
1785c37e3065cf68c0ef04d6fdb5dbcb,D:\prostat\train_images\1785c37e3065cf68c0ef04d6fdb5dbcb.tiff,True,True
6f362845996a98fdde62e6399fe1d097,D:\prostat\train_images\6f362845996a98fdde62e6399fe1d097.tiff,True,True
1df557b5c2319b8006f6da4817792d15,D:\prostat\train_images\1df557b5c2319b8006f6da4817792d15.tiff,True,True
a7b66cd218d528810926c911e1218b56,D:\prostat\train_images\a7b66cd218d528810926c911e1218b56.tiff,True,True
194bdb6540c1d8b3e65bbc1f7cb506ca,D:\prostat\train_images\194bdb6540c1d8b3e65bbc1f7cb506ca.tiff,True,True
673449b5e46a844b12b1599781684591,D:\prostat\train_images\673449b5e46a844b12b1599781684591.tiff,True,True
98a3c3ff00d219ad6bdbf763af34f03e,D:\prostat\train_images\98a3c3ff00d219ad6bdbf763af34f03e.tiff,True,True
47de9353032a12ede4ea28c8217b8a35,D:\prostat\train_images\47de9353032a12ede4ea28c8217b8a35.tiff,True,True
c00da4f9d10e27d80164b132d0959666,D:\prostat\train_images\c00da4f9d10e27d80164b132d0959666.tiff,True,True
af6fbe10ab6b3bb50812e4c44b54438f,D:\prostat\train_images\af6fbe10ab6b3bb50812e4c44b54438f.tiff,True,True
424695a2886897279fd2d40c394d7848,D:\prostat\train_images\424695a2886897279fd2d40c394d7848.tiff,True,True
9e3b074837049467ea4802ae9815ed2d,D:\prostat\train_images\9e3b074837049467ea4802ae9815ed2d.tiff,True,True
1894dd1e67ddfc62a309e78ef7ffc5e3,D:\prostat\train_images\1894dd1e67ddfc62a309e78ef7ffc5e3.tiff,True,True
26b5257856e96a2a3d3d3e681ae13aa1,D:\prostat\train_images\26b5257856e96a2a3d3d3e681ae13aa1.tiff,True,True
4cb2407fb053b89d54b59d0ba09aecc1,D:\prostat\train_images\4cb2407fb053b89d54b59d0ba09aecc1.tiff,True,True
dff1e0c2f5fb98cdf3f2d3aa89696222,D:\prostat\train_images\dff1e0c2f5fb98cdf3f2d3aa89696222.tiff,True,True
5000abf0b5e24707cbad9f17e50db021,D:\prostat\train_images\5000abf0b5e24707cbad9f17e50db021.tiff,True,True
168d6d2237b12cf241993ee140c2558a,D:\prostat\train_images\168d6d2237b12cf241993ee140c2558a.tiff,True,True
7b4620ce61fb768c0ad330e3bd9caacd,D:\prostat\train_images\7b4620ce61fb768c0ad330e3bd9caacd.tiff,True,True
1f8c98a43c6e755c2b3a785db72520e1,D:\prostat\train_images\1f8c98a43c6e755c2b3a785db72520e1.tiff,True,True
fdd274c74c4e52e77e9b0b19e071d1a3,D:\prostat\train_images\fdd274c74c4e52e77e9b0b19e071d1a3.tiff,True,True
fdb537d9a1961539dbea34f86d115a06,D:\prostat\train_images\fdb537d9a1961539dbea34f86d115a06.tiff,True,True
79af987e53cfb0bf7187058829f811e0,D:\prostat\train_images\79af987e53cfb0bf7187058829f811e0.tiff,True,True
bc4c68be7d2fdedabd4db8b0fd6f443d,D:\prostat\train_images\bc4c68be7d2fdedabd4db8b0fd6f443d.tiff,True,True
4d87ea697b26548b98d3591c5ebd5a4b,D:\prostat\train_images\4d87ea697b26548b98d3591c5ebd5a4b.tiff,True,True
a5fc7a2b37df563ea4ecad2d5c5b4778,D:\prostat\train_images\a5fc7a2b37df563ea4ecad2d5c5b4778.tiff,True,True
07c9784228dc2ad0b00d2cecd8ca32ce,D:\prostat\train_images\07c9784228dc2ad0b00d2cecd8ca32ce.tiff,True,True
fc115a1b3e831ab2e51576d7e9a8b630,D:\prostat\train_images\fc115a1b3e831ab2e51576d7e9a8b630.tiff,True,True
e62030f62fb52831cb29a000510c94a0,D:\prostat\train_images\e62030f62fb52831cb29a000510c94a0.tiff,True,True
838f568ca7e26cc18b1b247f9e6bc20d,D:\prostat\train_images\838f568ca7e26cc18b1b247f9e6bc20d.tiff,True,True
3046035f348012fdba6f7c53c4faa16e,D:\prostat\train_images\3046035f348012fdba6f7c53c4faa16e.tiff,True,True
bd6c97b7f40595c43cc6a609f03a442b,D:\prostat\train_images\bd6c97b7f40595c43cc6a609f03a442b.tiff,True,True
5dcd43e6710799fbb64f0c250a13d0ff,D:\prostat\train_images\5dcd43e6710799fbb64f0c250a13d0ff.tiff,True,True
95781af679bc9da8eb878cee3af3d158,D:\prostat\train_images\95781af679bc9da8eb878cee3af3d158.tiff,True,True
c88c9fb51014147f35ff0030161fb90f,D:\prostat\train_images\c88c9fb51014147f35ff0030161fb90f.tiff,True,True
f88e932503d0e42467edb710bb8b9c46,D:\prostat\train_images\f88e932503d0e42467edb710bb8b9c46.tiff,True,True
e4b88ebc219a7581fa6222712e3227d9,D:\prostat\train_images\e4b88ebc219a7581fa6222712e3227d9.tiff,True,True
43d1869ae02754e6a5fd2ff02ebab94c,D:\prostat\train_images\43d1869ae02754e6a5fd2ff02ebab94c.tiff,True,True
1a47516a42e7fd48f8a05253ad26ae62,D:\prostat\train_images\1a47516a42e7fd48f8a05253ad26ae62.tiff,True,True
ea77b6c6a266751e19cb3d858d096136,D:\prostat\train_images\ea77b6c6a266751e19cb3d858d096136.tiff,True,True
114db3f43c4ac596ba4e0da70b7afc90,D:\prostat\train_images\114db3f43c4ac596ba4e0da70b7afc90.tiff,True,True
664a26f04c363ae643886559d5910e16,D:\prostat\train_images\664a26f04c363ae643886559d5910e16.tiff,True,True
083bbffb698cdc7ab5402052b5b3dfce,D:\prostat\train_images\083bbffb698cdc7ab5402052b5b3dfce.tiff,True,True
39e8d791376036f4f802d9409fb1ea22,D:\prostat\train_images\39e8d791376036f4f802d9409fb1ea22.tiff,True,True
1abb6882a5cba3d9c166736825bbe101,D:\prostat\train_images\1abb6882a5cba3d9c166736825bbe101.tiff,True,True
439faf5e0a62463b01271742a9fb78b5,D:\prostat\train_images\439faf5e0a62463b01271742a9fb78b5.tiff,True,True
56eca40fb4a14e76611554bc3b08f22b,D:\prostat\train_images\56eca40fb4a14e76611554bc3b08f22b.tiff,True,True
06977be07ef2afb3ddfa7733f0c04917,D:\prostat\train_images\06977be07ef2afb3ddfa7733f0c04917.tiff,True,True
01afe81220f729cf1c5b4d99f3abe559,D:\prostat\train_images\01afe81220f729cf1c5b4d99f3abe559.tiff,True,True
50b1cb7eae4f7c83e466f927bdc5574e,D:\prostat\train_images\50b1cb7eae4f7c83e466f927bdc5574e.tiff,True,True
8364aaf55439cd2b1207b7bfa35d79a2,D:\prostat\train_images\8364aaf55439cd2b1207b7bfa35d79a2.tiff,True,True
bb33e9befff93c6918e691486eed3990,D:\prostat\train_images\bb33e9befff93c6918e691486eed3990.tiff,True,True
0535f33b47de82de3b506799149e3a53,D:\prostat\train_images\0535f33b47de82de3b506799149e3a53.tiff,True,True
7702d29d578fa93ad74bfa30a3ad0024,D:\prostat\train_images\7702d29d578fa93ad74bfa30a3ad0024.tiff,True,True
577d14b9b72c171cb6fd7922a3af49ef,D:\prostat\train_images\577d14b9b72c171cb6fd7922a3af49ef.tiff,True,True
83b59e7bcb73eaaad663e28738a9e8de,D:\prostat\train_images\83b59e7bcb73eaaad663e28738a9e8de.tiff,True,True
5b4e570fb99964bf3c44ab052c3d19e1,D:\prostat\train_images\5b4e570fb99964bf3c44ab052c3d19e1.tiff,True,True
d2bd898f6bf18aab557c0d7d4fca4fc8,D:\prostat\train_images\d2bd898f6bf18aab557c0d7d4fca4fc8.tiff,True,True
58d13c5b7c1d86814e7a9451fef0d9d5,D:\prostat\train_images\58d13c5b7c1d86814e7a9451fef0d9d5.tiff,True,True
db9796c2f7f80c5177bfd42386408b9a,D:\prostat\train_images\db9796c2f7f80c5177bfd42386408b9a.tiff,True,True
515c5c3ca6c92cd2a972b7a5d73c6ec6,D:\prostat\train_images\515c5c3ca6c92cd2a972b7a5d73c6ec6.tiff,True,True
17f48bf0c5eb7b43d1647622faf72504,D:\prostat\train_images\17f48bf0c5eb7b43d1647622faf72504.tiff,True,True
2f66cb1103d6a05264fcc8e8841a6890,D:\prostat\train_images\2f66cb1103d6a05264fcc8e8841a6890.tiff,True,True
69ea325f5f312d270c5b5acd9ebb77ee,D:\prostat\train_images\69ea325f5f312d270c5b5acd9ebb77ee.tiff,True,True
46746de2fa12c4170dcc2eee96f63b0a,D:\prostat\train_images\46746de2fa12c4170dcc2eee96f63b0a.tiff,True,True
cf330aa80b0a7c79250822622cef45da,D:\prostat\train_images\cf330aa80b0a7c79250822622cef45da.tiff,True,True
2c17d73eaffa2997a47e75019abadae5,D:\prostat\train_images\2c17d73eaffa2997a47e75019abadae5.tiff,True,True
13a8fe60e02b607f947bc9495821b1a6,D:\prostat\train_images\13a8fe60e02b607f947bc9495821b1a6.tiff,True,True
57d5a6b61ecf835c28863f3e6e2e4fd0,D:\prostat\train_images\57d5a6b61ecf835c28863f3e6e2e4fd0.tiff,True,True
ffd2841373b39792ab0c84cccd066e31,D:\prostat\train_images\ffd2841373b39792ab0c84cccd066e31.tiff,True,True
bf282897514555144100efbee376bce1,D:\prostat\train_images\bf282897514555144100efbee376bce1.tiff,True,True
52e4b8211dbecc7176734c51734f9988,D:\prostat\train_images\52e4b8211dbecc7176734c51734f9988.tiff,True,True
921fad66b248407bf850a7d77cb1a930,D:\prostat\train_images\921fad66b248407bf850a7d77cb1a930.tiff,True,True
7e059274c3afb96b3a33191c804d5a0f,D:\prostat\train_images\7e059274c3afb96b3a33191c804d5a0f.tiff,True,True
97ed26d2c626a5f6200d2f6da1a56ae5,D:\prostat\train_images\97ed26d2c626a5f6200d2f6da1a56ae5.tiff,True,True
1b37e45a5f52c1150b3c5dcadf618aac,D:\prostat\train_images\1b37e45a5f52c1150b3c5dcadf618aac.tiff,True,True
98ba51c7a4ca7316ff1bc776365ca14d,D:\prostat\train_images\98ba51c7a4ca7316ff1bc776365ca14d.tiff,True,True
766a40322fe11a3794eada34c348b5cc,D:\prostat\train_images\766a40322fe11a3794eada34c348b5cc.tiff,True,True
b208b788a4b144436ca1ac84d99f4d7f,D:\prostat\train_images\b208b788a4b144436ca1ac84d99f4d7f.tiff,True,True
da8f1508f953b8a19ca027d8b81bee99,D:\prostat\train_images\da8f1508f953b8a19ca027d8b81bee99.tiff,True,True
da5e1279af2669d8b8abf40d450bd896,D:\prostat\train_images\da5e1279af2669d8b8abf40d450bd896.tiff,True,True
b405bee054a43274351de90a08d9ea77,D:\prostat\train_images\b405bee054a43274351de90a08d9ea77.tiff,True,True
ed98920bae111557e6f300d88583e89f,D:\prostat\train_images\ed98920bae111557e6f300d88583e89f.tiff,True,True
5a43ead356b201d82362ee5af3dc8364,D:\prostat\train_images\5a43ead356b201d82362ee5af3dc8364.tiff,True,True
98b098ac7f86f041aa737f9eaa4429bb,D:\prostat\train_images\98b098ac7f86f041aa737f9eaa4429bb.tiff,True,True
4e1247214b51cb4a801fa001251195f4,D:\prostat\train_images\4e1247214b51cb4a801fa001251195f4.tiff,True,True
878be7ee5bdda3b29e2417f6dc93af64,D:\prostat\train_images\878be7ee5bdda3b29e2417f6dc93af64.tiff,True,True
5e09634f848e23aa10f79cb6e7c5cd65,D:\prostat\train_images\5e09634f848e23aa10f79cb6e7c5cd65.tiff,True,True
55ff2653f73181fa930362206357f030,D:\prostat\train_images\55ff2653f73181fa930362206357f030.tiff,True,True
2eeb91e9fbbcca1547ed12e0705ff377,D:\prostat\train_images\2eeb91e9fbbcca1547ed12e0705ff377.tiff,True,True
ddac26b8c4b0ab1a705a4aac427dd486,D:\prostat\train_images\ddac26b8c4b0ab1a705a4aac427dd486.tiff,True,True
49028569e6f57627112e7c0c35480fa2,D:\prostat\train_images\49028569e6f57627112e7c0c35480fa2.tiff,True,True
97bed3de5c372f3dc9ba818cd5e97369,D:\prostat\train_images\97bed3de5c372f3dc9ba818cd5e97369.tiff,True,True
16d80dbe6d4b3bf22ecf54833b17f3ec,D:\prostat\train_images\16d80dbe6d4b3bf22ecf54833b17f3ec.tiff,True,True
255b7b763760bd0cd6774aad75a3e0eb,D:\prostat\train_images\255b7b763760bd0cd6774aad75a3e0eb.tiff,True,True
476f0dfb144aee7d5422dcc3b2b97a9f,D:\prostat\train_images\476f0dfb144aee7d5422dcc3b2b97a9f.tiff,True,True
8605810b8ba16fa6e2854dedad10d573,D:\prostat\train_images\8605810b8ba16fa6e2854dedad10d573.tiff,True,True
6c125545cedcaf6438003ca039edfa87,D:\prostat\train_images\6c125545cedcaf6438003ca039edfa87.tiff,True,True
9140f25d89ce21afd290027d237a1c36,D:\prostat\train_images\9140f25d89ce21afd290027d237a1c36.tiff,True,True
f1f74c4aecfa7f9baa760bb992e4c720,D:\prostat\train_images\f1f74c4aecfa7f9baa760bb992e4c720.tiff,True,True
99b39fd0cf009ddf94fa26bdd8636c67,D:\prostat\train_images\99b39fd0cf009ddf94fa26bdd8636c67.tiff,True,True
ebc0cf09e9f77d222af0b8015c409a01,D:\prostat\train_images\ebc0cf09e9f77d222af0b8015c409a01.tiff,True,True
b90fb52788bc4fc6be21377c096008c3,D:\prostat\train_images\b90fb52788bc4fc6be21377c096008c3.tiff,True,True
498406f8f2e057bd58e5ec040e78c3ba,D:\prostat\train_images\498406f8f2e057bd58e5ec040e78c3ba.tiff,True,True
ca66a5c35e8d7f0e026086d58922aca7,D:\prostat\train_images\ca66a5c35e8d7f0e026086d58922aca7.tiff,True,True
e3a34f11358350448279e275774a0263,D:\prostat\train_images\e3a34f11358350448279e275774a0263.tiff,True,True
f61ec97dd1808dd49436c25aac6e0c4c,D:\prostat\train_images\f61ec97dd1808dd49436c25aac6e0c4c.tiff,True,True
b25d89f0b0cfe730c74db9e616b95522,D:\prostat\train_images\b25d89f0b0cfe730c74db9e616b95522.tiff,True,True
d650074cb4c31b78e04d220718bc0eb2,D:\prostat\train_images\d650074cb4c31b78e04d220718bc0eb2.tiff,True,True
3ea446fb35b118a634e5f5ce509f672b,D:\prostat\train_images\3ea446fb35b118a634e5f5ce509f672b.tiff,True,True
3a03e14dada3fa833f64b0930783775d,D:\prostat\train_images\3a03e14dada3fa833f64b0930783775d.tiff,True,True
b4e5cfe0f1616168c2a4524202c85327,D:\prostat\train_images\b4e5cfe0f1616168c2a4524202c85327.tiff,True,True
ec550454bd72896fbbab24e1146cc904,D:\prostat\train_images\ec550454bd72896fbbab24e1146cc904.tiff,True,True
24dc089d3fa302b5de69d63afb22b32f,D:\prostat\train_images\24dc089d3fa302b5de69d63afb22b32f.tiff,True,True
3e1160cd1ee5bb7c72a9ab1b5837eba2,D:\prostat\train_images\3e1160cd1ee5bb7c72a9ab1b5837eba2.tiff,True,True
e4229a7cea9d61ea5485091142e2fd3e,D:\prostat\train_images\e4229a7cea9d61ea5485091142e2fd3e.tiff,True,True
fe01b010f147bf3af7740f2f52b45da9,D:\prostat\train_images\fe01b010f147bf3af7740f2f52b45da9.tiff,True,True
34b8869c4b4ba4fdfea0a9e579502c5f,D:\prostat\train_images\34b8869c4b4ba4fdfea0a9e579502c5f.tiff,True,True
15a9c0953b407dec51daa965eb0a1db1,D:\prostat\train_images\15a9c0953b407dec51daa965eb0a1db1.tiff,True,True
995fed12984c02ca98b247732ea080c1,D:\prostat\train_images\995fed12984c02ca98b247732ea080c1.tiff,True,True
435661930d09e42e5217033238c404c0,D:\prostat\train_images\435661930d09e42e5217033238c404c0.tiff,True,True
62a0c25ab8bb28f97b9f2abfd05ef5a6,D:\prostat\train_images\62a0c25ab8bb28f97b9f2abfd05ef5a6.tiff,True,True
24d1d744c187ef83d2f29a2283a6ba96,D:\prostat\train_images\24d1d744c187ef83d2f29a2283a6ba96.tiff,True,True
e3811da9eac68c6758fa4f1d904125bf,D:\prostat\train_images\e3811da9eac68c6758fa4f1d904125bf.tiff,True,True
c4d5155c07787c688cae24917bf96411,D:\prostat\train_images\c4d5155c07787c688cae24917bf96411.tiff,True,True
c6fa52130011bd3d19b0222fce73ecad,D:\prostat\train_images\c6fa52130011bd3d19b0222fce73ecad.tiff,True,True
78f0437fc3a127819021a03457b2d060,D:\prostat\train_images\78f0437fc3a127819021a03457b2d060.tiff,True,True
3d334ec1be0544fd6fff794a77631eef,D:\prostat\train_images\3d334ec1be0544fd6fff794a77631eef.tiff,True,True
44439e60b5aed8d4d933254a6248de50,D:\prostat\train_images\44439e60b5aed8d4d933254a6248de50.tiff,True,True
3d7c76e3d1106d038356561b67b4ac1a,D:\prostat\train_images\3d7c76e3d1106d038356561b67b4ac1a.tiff,True,True
565b748e64e5f6895bb1abce1a7ec163,D:\prostat\train_images\565b748e64e5f6895bb1abce1a7ec163.tiff,True,True
555d77d0fe4570a4697b91b9608d325e,D:\prostat\train_images\555d77d0fe4570a4697b91b9608d325e.tiff,True,True
cbdc3e6b77c921f6f0c32924db8a8c01,D:\prostat\train_images\cbdc3e6b77c921f6f0c32924db8a8c01.tiff,True,True
286e4c0e3f65869597aad4faba94b9bb,D:\prostat\train_images\286e4c0e3f65869597aad4faba94b9bb.tiff,True,True
0e6ba66e0b6faf748d29425b8fef9d79,D:\prostat\train_images\0e6ba66e0b6faf748d29425b8fef9d79.tiff,True,True
c1d018bf50493567d288a9fdad021e6c,D:\prostat\train_images\c1d018bf50493567d288a9fdad021e6c.tiff,True,True
867bf41f609802d686b544b1f8afdcc2,D:\prostat\train_images\867bf41f609802d686b544b1f8afdcc2.tiff,True,True
716055036e3c107c1531535fbf8f5cf1,D:\prostat\train_images\716055036e3c107c1531535fbf8f5cf1.tiff,True,True
169d9147cecd82694d89707040728d5a,D:\prostat\train_images\169d9147cecd82694d89707040728d5a.tiff,True,True
373c3e3962c89a016c118cd3b4dac926,D:\prostat\train_images\373c3e3962c89a016c118cd3b4dac926.tiff,True,True
d5c40ec532586debe95b6ff9f2233f0f,D:\prostat\train_images\d5c40ec532586debe95b6ff9f2233f0f.tiff,True,True
f3e61a3dec438a366b62df1db47a4cd3,D:\prostat\train_images\f3e61a3dec438a366b62df1db47a4cd3.tiff,True,True
e42a5ac349ef287cdcf1ba47281fe908,D:\prostat\train_images\e42a5ac349ef287cdcf1ba47281fe908.tiff,True,True
7919e7ed6bda1f641e5b7918d793edd4,D:\prostat\train_images\7919e7ed6bda1f641e5b7918d793edd4.tiff,True,True
4d05d7ab251d8f7aced4193b9f2a66ea,D:\prostat\train_images\4d05d7ab251d8f7aced4193b9f2a66ea.tiff,True,True
73c83151a4b6e0bbea3ce58f1f924308,D:\prostat\train_images\73c83151a4b6e0bbea3ce58f1f924308.tiff,True,True
93757b4ce72684dad26c5e68b49829f7,D:\prostat\train_images\93757b4ce72684dad26c5e68b49829f7.tiff,True,True
9f68d1f1028d1c00612bdb13e20315e0,D:\prostat\train_images\9f68d1f1028d1c00612bdb13e20315e0.tiff,True,True
3a07181ebf2769bfd8c47dc46046d64d,D:\prostat\train_images\3a07181ebf2769bfd8c47dc46046d64d.tiff,True,True
29828828368fdf428816c8268444833e,D:\prostat\train_images\29828828368fdf428816c8268444833e.tiff,True,True
b39123cbe4ae05cded37a1b02f815eb2,D:\prostat\train_images\b39123cbe4ae05cded37a1b02f815eb2.tiff,True,True
196e12042d3b6f07d722f0cf128a7765,D:\prostat\train_images\196e12042d3b6f07d722f0cf128a7765.tiff,True,True
db5ec951ebbe688c693cfda6cce883be,D:\prostat\train_images\db5ec951ebbe688c693cfda6cce883be.tiff,True,True
20b4e3b00b34fb10d8e00ab145d70692,D:\prostat\train_images\20b4e3b00b34fb10d8e00ab145d70692.tiff,True,True
c5c8a6e5c44eda5ec0bbfb53e2c81012,D:\prostat\train_images\c5c8a6e5c44eda5ec0bbfb53e2c81012.tiff,True,True
0903682c23bb2b58a57decbbb833d3fc,D:\prostat\train_images\0903682c23bb2b58a57decbbb833d3fc.tiff,True,True
7648ece616fd961c1447684b7dc0c654,D:\prostat\train_images\7648ece616fd961c1447684b7dc0c654.tiff,True,True
92a9e09edd02a9f50ea0bc8e97ab96f5,D:\prostat\train_images\92a9e09edd02a9f50ea0bc8e97ab96f5.tiff,True,True
a6df5267338c181ee62b42087d0e2292,D:\prostat\train_images\a6df5267338c181ee62b42087d0e2292.tiff,True,True
403b430abd712f623f549ec1bba52c4d,D:\prostat\train_images\403b430abd712f623f549ec1bba52c4d.tiff,True,True
8781edbdaaafd6ea493c00d5d1e21e8d,D:\prostat\train_images\8781edbdaaafd6ea493c00d5d1e21e8d.tiff,True,True
30524fa719ca467beaeed0879835ae7a,D:\prostat\train_images\30524fa719ca467beaeed0879835ae7a.tiff,True,True
30dfff7ddc76129a2a53329c4e52511a,D:\prostat\train_images\30dfff7ddc76129a2a53329c4e52511a.tiff,True,True
349c0555d5aa6813c4faedb0e78b6b4a,D:\prostat\train_images\349c0555d5aa6813c4faedb0e78b6b4a.tiff,True,True
3a450c205cf27f0348b46d8329c13fc6,D:\prostat\train_images\3a450c205cf27f0348b46d8329c13fc6.tiff,True,True
b1a8dc23435d6fea4a7847fcf02f9374,D:\prostat\train_images\b1a8dc23435d6fea4a7847fcf02f9374.tiff,True,True
1844a09c66e370d856cefb21f5e82be4,D:\prostat\train_images\1844a09c66e370d856cefb21f5e82be4.tiff,True,True
fe79209ab178c89a9be62bc05b63f083,D:\prostat\train_images\fe79209ab178c89a9be62bc05b63f083.tiff,True,True
82f647e446251f53f15f8ccfe86608f8,D:\prostat\train_images\82f647e446251f53f15f8ccfe86608f8.tiff,True,True
1eac3c664f2d65ed9aa575797fa5a682,D:\prostat\train_images\1eac3c664f2d65ed9aa575797fa5a682.tiff,True,True
27f3dbbf2b9a5e59f508dc6b0c23d5cb,D:\prostat\train_images\27f3dbbf2b9a5e59f508dc6b0c23d5cb.tiff,True,True
487ca72fd110eee2985954aeda10f456,D:\prostat\train_images\487ca72fd110eee2985954aeda10f456.tiff,True,True
80e4dd1d33d2559f42068e45284d527f,D:\prostat\train_images\80e4dd1d33d2559f42068e45284d527f.tiff,True,True
5a7b17b308cc6118cf8f65df80de7390,D:\prostat\train_images\5a7b17b308cc6118cf8f65df80de7390.tiff,True,True
f78aa942c071318c478a59cf1e8f4b51,D:\prostat\train_images\f78aa942c071318c478a59cf1e8f4b51.tiff,True,True
0c841425404c56ae1115867cd37a2bdb,D:\prostat\train_images\0c841425404c56ae1115867cd37a2bdb.tiff,True,True
1a33d8ea1893170a972d67e493d59396,D:\prostat\train_images\1a33d8ea1893170a972d67e493d59396.tiff,True,True
623155cecfa8cc671054be004d6cb2cf,D:\prostat\train_images\623155cecfa8cc671054be004d6cb2cf.tiff,True,True
a2847e414d4c2268731dbfe0281c0123,D:\prostat\train_images\a2847e414d4c2268731dbfe0281c0123.tiff,True,True
8d6d8329cd0bbf6d0356b300f83d6b6a,D:\prostat\train_images\8d6d8329cd0bbf6d0356b300f83d6b6a.tiff,True,True
a0ac3589042f9e99d31b521b5b56ac06,D:\prostat\train_images\a0ac3589042f9e99d31b521b5b56ac06.tiff,True,True
bb89e53032c071629bee7a4ab2271519,D:\prostat\train_images\bb89e53032c071629bee7a4ab2271519.tiff,True,True
a21c88c3d7c1a95eec2fdc7300fdfee0,D:\prostat\train_images\a21c88c3d7c1a95eec2fdc7300fdfee0.tiff,True,True
10cc280acc57c3653201a07bc07ba6a9,D:\prostat\train_images\10cc280acc57c3653201a07bc07ba6a9.tiff,True,True
5892b3113aa9e0decd5dc15c74c7b1a4,D:\prostat\train_images\5892b3113aa9e0decd5dc15c74c7b1a4.tiff,True,True
9fa83904c27e09a6403eeb8dffe0b292,D:\prostat\train_images\9fa83904c27e09a6403eeb8dffe0b292.tiff,True,True
9fa0924e247810df3f2563454dc82884,D:\prostat\train_images\9fa0924e247810df3f2563454dc82884.tiff,True,True
3ba05196d5b6bd5c9c9955864a0702d2,D:\prostat\train_images\3ba05196d5b6bd5c9c9955864a0702d2.tiff,True,True
c8cb1c570b772e3f7943e254ba096e9e,D:\prostat\train_images\c8cb1c570b772e3f7943e254ba096e9e.tiff,True,True
7d3af9f4ccc93603028c8bcacf2d4dff,D:\prostat\train_images\7d3af9f4ccc93603028c8bcacf2d4dff.tiff,True,True
949819ffbb671f6db1ebba07195d5571,D:\prostat\train_images\949819ffbb671f6db1ebba07195d5571.tiff,True,True
585bf47f399249d4bc1e18a0aad69d2a,D:\prostat\train_images\585bf47f399249d4bc1e18a0aad69d2a.tiff,True,True
34af9f01d464fb37f9e55eb51996d0a7,D:\prostat\train_images\34af9f01d464fb37f9e55eb51996d0a7.tiff,True,True
d98de7b36e1362dfa74903ec96e53c15,D:\prostat\train_images\d98de7b36e1362dfa74903ec96e53c15.tiff,True,True
95deb0caf878d715c1a497a77abbd6d9,D:\prostat\train_images\95deb0caf878d715c1a497a77abbd6d9.tiff,True,True
22756712280d5fcf0c9ca638fdcaa661,D:\prostat\train_images\22756712280d5fcf0c9ca638fdcaa661.tiff,True,True
5a3e3dc26a1d2a473855a6161d870a96,D:\prostat\train_images\5a3e3dc26a1d2a473855a6161d870a96.tiff,True,True
3fbe2ab4f1952e0ffa467c88154b5b14,D:\prostat\train_images\3fbe2ab4f1952e0ffa467c88154b5b14.tiff,True,True
80ba4043de65596c18e5c0c1d5e3a29d,D:\prostat\train_images\80ba4043de65596c18e5c0c1d5e3a29d.tiff,True,True
d2acc357f4126d54cbfb4ff7ed254616,D:\prostat\train_images\d2acc357f4126d54cbfb4ff7ed254616.tiff,True,True
c166cd559ecbd36762004e302c2a3d0c,D:\prostat\train_images\c166cd559ecbd36762004e302c2a3d0c.tiff,True,True
6f0a397467d394b62c48a6199db06b6b,D:\prostat\train_images\6f0a397467d394b62c48a6199db06b6b.tiff,True,True
fe8e6d622955498e6d221940363f57b4,D:\prostat\train_images\fe8e6d622955498e6d221940363f57b4.tiff,True,True
2c6daebe0963942f9b960aa3814b0b75,D:\prostat\train_images\2c6daebe0963942f9b960aa3814b0b75.tiff,True,True
6d3e153de93661cd80baa6dbb6e85fd2,D:\prostat\train_images\6d3e153de93661cd80baa6dbb6e85fd2.tiff,True,True
7ced88f60bd744ea9b5b8b0527598ed8,D:\prostat\train_images\7ced88f60bd744ea9b5b8b0527598ed8.tiff,True,True
ad6c967bd632185db83b4739a8c4b450,D:\prostat\train_images\ad6c967bd632185db83b4739a8c4b450.tiff,True,True
2009aa01bb165a3c8a6b3d5a633ca9ce,D:\prostat\train_images\2009aa01bb165a3c8a6b3d5a633ca9ce.tiff,True,True
30a51ed1a47b8312c8607b32e37cce85,D:\prostat\train_images\30a51ed1a47b8312c8607b32e37cce85.tiff,True,True
ab756d70045e2af65e394f378afa127f,D:\prostat\train_images\ab756d70045e2af65e394f378afa127f.tiff,True,True
90425f972de4b100dcb1a773f29a7907,D:\prostat\train_images\90425f972de4b100dcb1a773f29a7907.tiff,True,True
c16546e5849d9f71c87530af65cbc522,D:\prostat\train_images\c16546e5849d9f71c87530af65cbc522.tiff,True,True
dae6944419535df993a53a9c3b0f8245,D:\prostat\train_images\dae6944419535df993a53a9c3b0f8245.tiff,True,True
e4c61dd08684fe6ca116c8610967f247,D:\prostat\train_images\e4c61dd08684fe6ca116c8610967f247.tiff,True,True
8b7c2c4d3c69f89b0fb709634e774d22,D:\prostat\train_images\8b7c2c4d3c69f89b0fb709634e774d22.tiff,True,True
33cfff7a487aad24b8501f93ba8831d9,D:\prostat\train_images\33cfff7a487aad24b8501f93ba8831d9.tiff,True,True
b363351dfb3083c273593c99c25f92bb,D:\prostat\train_images\b363351dfb3083c273593c99c25f92bb.tiff,True,True
e46178b5e2098fb3dafa4040c620ece4,D:\prostat\train_images\e46178b5e2098fb3dafa4040c620ece4.tiff,True,True
ffdc59cd580a1468eac0e6a32dd1ff2d,D:\prostat\train_images\ffdc59cd580a1468eac0e6a32dd1ff2d.tiff,True,True
9687ac6e7ad6d4062635df2f0cd6d9de,D:\prostat\train_images\9687ac6e7ad6d4062635df2f0cd6d9de.tiff,True,True
9e2b49a0335b6cde031de81551eb39e3,D:\prostat\train_images\9e2b49a0335b6cde031de81551eb39e3.tiff,True,True
d38a9db63e100d405ddb1a932b53d92f,D:\prostat\train_images\d38a9db63e100d405ddb1a932b53d92f.tiff,True,True
3ba4e8d4a0b0ef0ef31383ff7cf2b76c,D:\prostat\train_images\3ba4e8d4a0b0ef0ef31383ff7cf2b76c.tiff,True,True
fcb820c8c3ea34338e648444b90b8307,D:\prostat\train_images\fcb820c8c3ea34338e648444b90b8307.tiff,True,True
9fe39d85be93f02ef46c1863533f923d,D:\prostat\train_images\9fe39d85be93f02ef46c1863533f923d.tiff,True,True
d5235bb224047dae8ea4c5882dbc7e43,D:\prostat\train_images\d5235bb224047dae8ea4c5882dbc7e43.tiff,True,True
95cef4ca534e7e446accec285266416c,D:\prostat\train_images\95cef4ca534e7e446accec285266416c.tiff,True,True
06ef49a7b77e883f089cfdd80642d6f0,D:\prostat\train_images\06ef49a7b77e883f089cfdd80642d6f0.tiff,True,True
ec89dabdd536396aaad4020141dafbde,D:\prostat\train_images\ec89dabdd536396aaad4020141dafbde.tiff,True,True
cac5402710abecbac8e6b597fa0a249a,D:\prostat\train_images\cac5402710abecbac8e6b597fa0a249a.tiff,True,True
d9fab0dbd3658bb592b14d07a3c167e0,D:\prostat\train_images\d9fab0dbd3658bb592b14d07a3c167e0.tiff,True,True
8ca6ea383b58c9ed7f3b7bdc35b29761,D:\prostat\train_images\8ca6ea383b58c9ed7f3b7bdc35b29761.tiff,True,True
fa495d47286cd08cbfef9a68c2ea5c66,D:\prostat\train_images\fa495d47286cd08cbfef9a68c2ea5c66.tiff,True,True
833399dabdc938cb8b0bc8321c8a0b47,D:\prostat\train_images\833399dabdc938cb8b0bc8321c8a0b47.tiff,True,True
fa347f99ad391a7ce5800ac7d161080a,D:\prostat\train_images\fa347f99ad391a7ce5800ac7d161080a.tiff,True,True
ee84768fd0b939e9fc7369652cba4a35,D:\prostat\train_images\ee84768fd0b939e9fc7369652cba4a35.tiff,True,True
6fac93d389a9e8d4547f4add04f1b440,D:\prostat\train_images\6fac93d389a9e8d4547f4add04f1b440.tiff,True,True
589ce42577588f51fa6d8de876b55dbc,D:\prostat\train_images\589ce42577588f51fa6d8de876b55dbc.tiff,True,True
6e694031c3e263b2f9da1aa122897266,D:\prostat\train_images\6e694031c3e263b2f9da1aa122897266.tiff,True,True
0d66a26a030e95c9de2173b476029b23,D:\prostat\train_images\0d66a26a030e95c9de2173b476029b23.tiff,True,True
177832eff75d0ffb22520e6c8a052e6f,D:\prostat\train_images\177832eff75d0ffb22520e6c8a052e6f.tiff,True,True
c2cbc885637a451cb0218a599e1169c1,D:\prostat\train_images\c2cbc885637a451cb0218a599e1169c1.tiff,True,True
343f98a6c6f9fae1fa1717899154ddf4,D:\prostat\train_images\343f98a6c6f9fae1fa1717899154ddf4.tiff,True,True
4cdab67d4d6ca3e7e7fe50e250e2caab,D:\prostat\train_images\4cdab67d4d6ca3e7e7fe50e250e2caab.tiff,True,True
b6ffa4ba8ddd566efa0014ba603428b4,D:\prostat\train_images\b6ffa4ba8ddd566efa0014ba603428b4.tiff,True,True
54126c6e72a07999bc079390f3af679b,D:\prostat\train_images\54126c6e72a07999bc079390f3af679b.tiff,True,True
08a8d48ec979f002383f336d988673ca,D:\prostat\train_images\08a8d48ec979f002383f336d988673ca.tiff,True,True
0cc2bae4e8f80349576daadd44897024,D:\prostat\train_images\0cc2bae4e8f80349576daadd44897024.tiff,True,True
691b8d6d8606006ea205fd1189d017f7,D:\prostat\train_images\691b8d6d8606006ea205fd1189d017f7.tiff,True,True
607c6585bb0b244506f16da4073ef12e,D:\prostat\train_images\607c6585bb0b244506f16da4073ef12e.tiff,True,True
fac68c117a18834ee2e9892083d82942,D:\prostat\train_images\fac68c117a18834ee2e9892083d82942.tiff,True,True
4c7bdcaec94446929471c97fa0c8088b,D:\prostat\train_images\4c7bdcaec94446929471c97fa0c8088b.tiff,True,True
1e80a4ca18e6c2d29e453893266da535,D:\prostat\train_images\1e80a4ca18e6c2d29e453893266da535.tiff,True,True
8d9e28e97edc6598da7df0b5b7c098d6,D:\prostat\train_images\8d9e28e97edc6598da7df0b5b7c098d6.tiff,True,True
091e4c8eda34e392cbecfc81d7aeb6c7,D:\prostat\train_images\091e4c8eda34e392cbecfc81d7aeb6c7.tiff,True,True
8246fac2d2f17fad9bf28d3ad7d0f1cb,D:\prostat\train_images\8246fac2d2f17fad9bf28d3ad7d0f1cb.tiff,True,True
44f1555353574ac79ce07ae55f40a932,D:\prostat\train_images\44f1555353574ac79ce07ae55f40a932.tiff,True,True
e669166e64cc2980b026a1243676db47,D:\prostat\train_images\e669166e64cc2980b026a1243676db47.tiff,True,True
4d729d269ecb5ccfde006fc7ad498280,D:\prostat\train_images\4d729d269ecb5ccfde006fc7ad498280.tiff,True,True
6dcece3682e1f8d8772be8dd3649b1ab,D:\prostat\train_images\6dcece3682e1f8d8772be8dd3649b1ab.tiff,True,True
aca0433f0f62079f335cb8c727f9aa82,D:\prostat\train_images\aca0433f0f62079f335cb8c727f9aa82.tiff,True,True
381655124cc7fc032195c4033e8575ad,D:\prostat\train_images\381655124cc7fc032195c4033e8575ad.tiff,True,True
6d5cb5353d700dfd4e6380508535e41b,D:\prostat\train_images\6d5cb5353d700dfd4e6380508535e41b.tiff,True,True
41ec90343ef5c7b2c92e58d1ada4035a,D:\prostat\train_images\41ec90343ef5c7b2c92e58d1ada4035a.tiff,True,True
0446851f36b7a60cb971e05365ce0188,D:\prostat\train_images\0446851f36b7a60cb971e05365ce0188.tiff,True,True
14820c513b48eaf1025e6d876ea87d52,D:\prostat\train_images\14820c513b48eaf1025e6d876ea87d52.tiff,True,True
87f8364df7064774ead518b556765572,D:\prostat\train_images\87f8364df7064774ead518b556765572.tiff,True,True
9852092e24db80fb70f6fb0b4b8b9cbc,D:\prostat\train_images\9852092e24db80fb70f6fb0b4b8b9cbc.tiff,True,True
e61f5f4feabbb1cb6c09a2bd4494b916,D:\prostat\train_images\e61f5f4feabbb1cb6c09a2bd4494b916.tiff,True,True
8ddd6a0c4628dbfdcd6d3bcb0fa1ecbc,D:\prostat\train_images\8ddd6a0c4628dbfdcd6d3bcb0fa1ecbc.tiff,True,True
e4858d718f97a3ff5dab42484f5b1bd7,D:\prostat\train_images\e4858d718f97a3ff5dab42484f5b1bd7.tiff,True,True
c7b6d326275eb46a2ec8b2e29439a99c,D:\prostat\train_images\c7b6d326275eb46a2ec8b2e29439a99c.tiff,True,True
b1f6f5539ae4fdb9b931788dda704712,D:\prostat\train_images\b1f6f5539ae4fdb9b931788dda704712.tiff,True,True
0bf8f44d2c53e5bd65599e56113201d8,D:\prostat\train_images\0bf8f44d2c53e5bd65599e56113201d8.tiff,True,True
6f164921ffbb37995b6a95a0e94ea892,D:\prostat\train_images\6f164921ffbb37995b6a95a0e94ea892.tiff,True,True
65a653ff2eae408f815ffce6898173ca,D:\prostat\train_images\65a653ff2eae408f815ffce6898173ca.tiff,True,True
111b51550e629492736d9a6f26c21456,D:\prostat\train_images\111b51550e629492736d9a6f26c21456.tiff,True,True
26f717c6128d8e5d0854376f01893c8a,D:\prostat\train_images\26f717c6128d8e5d0854376f01893c8a.tiff,True,True
3b7f094d2e4a2c14d38961d386f9b2ca,D:\prostat\train_images\3b7f094d2e4a2c14d38961d386f9b2ca.tiff,True,True
bc2518ea5985260ea91f96e2db178b5f,D:\prostat\train_images\bc2518ea5985260ea91f96e2db178b5f.tiff,True,True
b896a5ef96069f889c0e72c59e48b917,D:\prostat\train_images\b896a5ef96069f889c0e72c59e48b917.tiff,True,True
18533bc08197fa92ff063ad89ceddc89,D:\prostat\train_images\18533bc08197fa92ff063ad89ceddc89.tiff,True,True
05e06bff98cf601bbee320f6547cf9ab,D:\prostat\train_images\05e06bff98cf601bbee320f6547cf9ab.tiff,True,True
474f496f367f6208122c95f70015cbcf,D:\prostat\train_images\474f496f367f6208122c95f70015cbcf.tiff,True,True
1d3d8045a44963e4367b437fdf361dc5,D:\prostat\train_images\1d3d8045a44963e4367b437fdf361dc5.tiff,True,True
d54603c7b6fda2615c5576d137c750c4,D:\prostat\train_images\d54603c7b6fda2615c5576d137c750c4.tiff,True,True
20c05ea5426b6c50b857057ad0ef7126,D:\prostat\train_images\20c05ea5426b6c50b857057ad0ef7126.tiff,True,True
ba390e5e4282174c95e4ccd8eaa52ecd,D:\prostat\train_images\ba390e5e4282174c95e4ccd8eaa52ecd.tiff,True,True
053a397c936bffc98e62367a81d6c905,D:\prostat\train_images\053a397c936bffc98e62367a81d6c905.tiff,True,True
dbd2b5403eb56faf745ed021e1712890,D:\prostat\train_images\dbd2b5403eb56faf745ed021e1712890.tiff,True,True
ef49ceba7efcbd20b8cc1eda40b256fa,D:\prostat\train_images\ef49ceba7efcbd20b8cc1eda40b256fa.tiff,True,True
d8aa8df17952aa8028bcb040964989c0,D:\prostat\train_images\d8aa8df17952aa8028bcb040964989c0.tiff,True,True
c35e39e522cb0a93ecd114c71e72af05,D:\prostat\train_images\c35e39e522cb0a93ecd114c71e72af05.tiff,True,True
f7f92dfc7598f985d1a7bc34fa9cadb7,D:\prostat\train_images\f7f92dfc7598f985d1a7bc34fa9cadb7.tiff,True,True
72aa3eb389001c2e3ceeb58e7b48dfe9,D:\prostat\train_images\72aa3eb389001c2e3ceeb58e7b48dfe9.tiff,True,True
1450e63cc91f0a136c2a54bebf9a07a8,D:\prostat\train_images\1450e63cc91f0a136c2a54bebf9a07a8.tiff,True,True
4bc5aa61ba3fdc8c4257a621fda84e6b,D:\prostat\train_images\4bc5aa61ba3fdc8c4257a621fda84e6b.tiff,True,True
15740c3d11b760c261e2afb76df75501,D:\prostat\train_images\15740c3d11b760c261e2afb76df75501.tiff,True,True
85476f0cdde5f4f30e47541d5ba44586,D:\prostat\train_images\85476f0cdde5f4f30e47541d5ba44586.tiff,True,True
6107645595db6058bffe3bc4b260883f,D:\prostat\train_images\6107645595db6058bffe3bc4b260883f.tiff,True,True
3f3ea480b6f8748d6e826f1c1d6474e3,D:\prostat\train_images\3f3ea480b6f8748d6e826f1c1d6474e3.tiff,True,True
ccf1f6923eb620f03139c36f14f3fe50,D:\prostat\train_images\ccf1f6923eb620f03139c36f14f3fe50.tiff,True,True
ee4ae1f43c02cb515484087ff4a5c300,D:\prostat\train_images\ee4ae1f43c02cb515484087ff4a5c300.tiff,True,True
070f969f4b4952f08d94f056615c8def,D:\prostat\train_images\070f969f4b4952f08d94f056615c8def.tiff,True,True
d5bf3e7b1d30bf762b03b60d88177b20,D:\prostat\train_images\d5bf3e7b1d30bf762b03b60d88177b20.tiff,True,True
36dd11dbc0aba4413623bdc44775e6fe,D:\prostat\train_images\36dd11dbc0aba4413623bdc44775e6fe.tiff,True,True
9a947bb2c389def80ba16bfe12587d24,D:\prostat\train_images\9a947bb2c389def80ba16bfe12587d24.tiff,True,True
689100903a58c5d137f281c058b85856,D:\prostat\train_images\689100903a58c5d137f281c058b85856.tiff,True,True
a75c60d5d98606ed26161ae3757da650,D:\prostat\train_images\a75c60d5d98606ed26161ae3757da650.tiff,True,True
9de809a5afc4db9addde736da4bdc9c5,D:\prostat\train_images\9de809a5afc4db9addde736da4bdc9c5.tiff,True,True
9ffb9e9e7be39a7af216779a06a6302b,D:\prostat\train_images\9ffb9e9e7be39a7af216779a06a6302b.tiff,True,True
a8e5f38315214944e502edfdc986ea2f,D:\prostat\train_images\a8e5f38315214944e502edfdc986ea2f.tiff,True,True
51e36cff1aec1dee198a6119c9b9a5ba,D:\prostat\train_images\51e36cff1aec1dee198a6119c9b9a5ba.tiff,True,True
9cc2751013da725b91b353552f749d04,D:\prostat\train_images\9cc2751013da725b91b353552f749d04.tiff,True,True
c7b0847043525e321b2c48d04cd820e5,D:\prostat\train_images\c7b0847043525e321b2c48d04cd820e5.tiff,True,True
768098d5b47a4b3e2f18993da3bda0a4,D:\prostat\train_images\768098d5b47a4b3e2f18993da3bda0a4.tiff,True,True
a3c8cdf5016f2022459c70e0259888f6,D:\prostat\train_images\a3c8cdf5016f2022459c70e0259888f6.tiff,True,True
e5a3fc40ca910bbf6c4dc912da522e3c,D:\prostat\train_images\e5a3fc40ca910bbf6c4dc912da522e3c.tiff,True,True
63980763840312073acd55d24fabdcaf,D:\prostat\train_images\63980763840312073acd55d24fabdcaf.tiff,True,True
c1f555f3260b361647b7084898613037,D:\prostat\train_images\c1f555f3260b361647b7084898613037.tiff,True,True
e8c4df5d82b20ace2d04f178e70b6dae,D:\prostat\train_images\e8c4df5d82b20ace2d04f178e70b6dae.tiff,True,True
079fed45c08f216f49fe4aff84d7e8d2,D:\prostat\train_images\079fed45c08f216f49fe4aff84d7e8d2.tiff,True,True
de90a267b2e51d4222e905ee6a83ea48,D:\prostat\train_images\de90a267b2e51d4222e905ee6a83ea48.tiff,True,True
231ff3d1398ec6a584cddb1661dd20a4,D:\prostat\train_images\231ff3d1398ec6a584cddb1661dd20a4.tiff,True,True
08e77f0dd5d4895c3133efe1056159ad,D:\prostat\train_images\08e77f0dd5d4895c3133efe1056159ad.tiff,True,True
6d813cb6cb9485c6222a20551dc1da21,D:\prostat\train_images\6d813cb6cb9485c6222a20551dc1da21.tiff,True,True
51b79eb617718f11e64587422e6877b0,D:\prostat\train_images\51b79eb617718f11e64587422e6877b0.tiff,True,True
d7f13cf51705adfe64e2b31c332409ca,D:\prostat\train_images\d7f13cf51705adfe64e2b31c332409ca.tiff,True,True
4721d191d9f8a869dc31fd220e5bd1e1,D:\prostat\train_images\4721d191d9f8a869dc31fd220e5bd1e1.tiff,True,True
77be3c7dd3fd2f401366fc8e565a88b4,D:\prostat\train_images\77be3c7dd3fd2f401366fc8e565a88b4.tiff,True,True
ce0da4133055348f5fb0921166999534,D:\prostat\train_images\ce0da4133055348f5fb0921166999534.tiff,True,True
ba2fd1c69a90750c6f3d0ab2f249f30d,D:\prostat\train_images\ba2fd1c69a90750c6f3d0ab2f249f30d.tiff,True,True
bde825d297da93b518ecc510d1f17dfe,D:\prostat\train_images\bde825d297da93b518ecc510d1f17dfe.tiff,True,True
7949ecf12e340288cf6a60bd28698559,D:\prostat\train_images\7949ecf12e340288cf6a60bd28698559.tiff,True,True
f20ff8d9b9b0f5f6df241672541dd9a5,D:\prostat\train_images\f20ff8d9b9b0f5f6df241672541dd9a5.tiff,True,True
599109af85cae9e827c3e89982f0033d,D:\prostat\train_images\599109af85cae9e827c3e89982f0033d.tiff,True,True
146767f7d93d3093f647e003c9fdb0bb,D:\prostat\train_images\146767f7d93d3093f647e003c9fdb0bb.tiff,True,True
0ad349dc15725bebc39d343ef41743aa,D:\prostat\train_images\0ad349dc15725bebc39d343ef41743aa.tiff,True,True
cf77075f910326e17c57d890d6bbd6e1,D:\prostat\train_images\cf77075f910326e17c57d890d6bbd6e1.tiff,True,True
aab7d22839e8ac0821aa2cdd1650b39a,D:\prostat\train_images\aab7d22839e8ac0821aa2cdd1650b39a.tiff,True,True
a4a074975f0b90dc193b712d36a38e0c,D:\prostat\train_images\a4a074975f0b90dc193b712d36a38e0c.tiff,True,True
13f815f5a33a985e3c9a9f2b2e347e5b,D:\prostat\train_images\13f815f5a33a985e3c9a9f2b2e347e5b.tiff,True,True
1553a517c2865e17ba28e1fac79bec75,D:\prostat\train_images\1553a517c2865e17ba28e1fac79bec75.tiff,True,True
b06049ce3ec82f00aebdc4e368edc90f,D:\prostat\train_images\b06049ce3ec82f00aebdc4e368edc90f.tiff,True,True
feb0f0ab5eb812769d3a069b7be9dcf4,D:\prostat\train_images\feb0f0ab5eb812769d3a069b7be9dcf4.tiff,True,True
9942438b5f067cd1dd4a7e8f37b02f4f,D:\prostat\train_images\9942438b5f067cd1dd4a7e8f37b02f4f.tiff,True,True
0ebca9447d84a555740f21ef4c585bd6,D:\prostat\train_images\0ebca9447d84a555740f21ef4c585bd6.tiff,True,True
4f7748b6eb69e97cb9c7d4c00cf3a1d3,D:\prostat\train_images\4f7748b6eb69e97cb9c7d4c00cf3a1d3.tiff,True,True
8e25daf57ff5b9ee0053514ee21ad9b6,D:\prostat\train_images\8e25daf57ff5b9ee0053514ee21ad9b6.tiff,True,True
046bac77a58c1be84a6418904e755280,D:\prostat\train_images\046bac77a58c1be84a6418904e755280.tiff,True,True
23629ab626c0df37b8194538586b6674,D:\prostat\train_images\23629ab626c0df37b8194538586b6674.tiff,True,True
7d67b112699b40dba45702d5c93cdc18,D:\prostat\train_images\7d67b112699b40dba45702d5c93cdc18.tiff,True,True
a1485cb170009263e6cf78e944c9c9de,D:\prostat\train_images\a1485cb170009263e6cf78e944c9c9de.tiff,True,True
cec98ce225951b05451fca0914d7f426,D:\prostat\train_images\cec98ce225951b05451fca0914d7f426.tiff,True,True
9d4c88beba0b2d533f205f1b615e6c7e,D:\prostat\train_images\9d4c88beba0b2d533f205f1b615e6c7e.tiff,True,True
fb2bd76ae85e51e84116a8927d81a214,D:\prostat\train_images\fb2bd76ae85e51e84116a8927d81a214.tiff,True,True
d065d62d5db3a99245b8eff06975c94f,D:\prostat\train_images\d065d62d5db3a99245b8eff06975c94f.tiff,True,True
a8efd93f48e458673c4069a36c757173,D:\prostat\train_images\a8efd93f48e458673c4069a36c757173.tiff,True,True
c24be4bf9e9be5e7898cdd383233813b,D:\prostat\train_images\c24be4bf9e9be5e7898cdd383233813b.tiff,True,True
c24bb6e1c14b242a4744d9854f738470,D:\prostat\train_images\c24bb6e1c14b242a4744d9854f738470.tiff,True,True
223a54a99ae228f5ff2dd37df24889c4,D:\prostat\train_images\223a54a99ae228f5ff2dd37df24889c4.tiff,True,True
2f4a98c5cb069aca8fca131da4cd7aaf,D:\prostat\train_images\2f4a98c5cb069aca8fca131da4cd7aaf.tiff,True,True
dd26b0dd91cb20493617a9b82ab9d8fd,D:\prostat\train_images\dd26b0dd91cb20493617a9b82ab9d8fd.tiff,True,True
9f0d890a2dd6e2d2acde15c1fc6e649d,D:\prostat\train_images\9f0d890a2dd6e2d2acde15c1fc6e649d.tiff,True,True
506eec1a2c0a806ef10ff76a9934cfe0,D:\prostat\train_images\506eec1a2c0a806ef10ff76a9934cfe0.tiff,True,True
dd11c9143fb6c56396e0693465d2430e,D:\prostat\train_images\dd11c9143fb6c56396e0693465d2430e.tiff,True,True
888def072ecd54df26237e65ede1be05,D:\prostat\train_images\888def072ecd54df26237e65ede1be05.tiff,True,True
7f4419ddb342092c27f745f7962fa7cd,D:\prostat\train_images\7f4419ddb342092c27f745f7962fa7cd.tiff,True,True
f5ace7c6d94d706773eb63f58cc87fd0,D:\prostat\train_images\f5ace7c6d94d706773eb63f58cc87fd0.tiff,True,True
bdeb7ab6c22749f3a39e5a88ee4a0fa4,D:\prostat\train_images\bdeb7ab6c22749f3a39e5a88ee4a0fa4.tiff,True,True
1f547d9613e2a5417d94bcd914f75f09,D:\prostat\train_images\1f547d9613e2a5417d94bcd914f75f09.tiff,True,True
e837cc2d7de77e4551d1135086763f82,D:\prostat\train_images\e837cc2d7de77e4551d1135086763f82.tiff,True,True
2033421adffe1e569704229c139c0dab,D:\prostat\train_images\2033421adffe1e569704229c139c0dab.tiff,True,True
aa022132278c16cedd60be3ed982119f,D:\prostat\train_images\aa022132278c16cedd60be3ed982119f.tiff,True,True
7f032b79af6d35aa1b943ef60c83edfa,D:\prostat\train_images\7f032b79af6d35aa1b943ef60c83edfa.tiff,True,True
5bccc3ae5587647b3f6b3a1f807bd9ed,D:\prostat\train_images\5bccc3ae5587647b3f6b3a1f807bd9ed.tiff,True,True
8b90a3312d9fc702a9ec8236e23065c7,D:\prostat\train_images\8b90a3312d9fc702a9ec8236e23065c7.tiff,True,True
d2eee81a3492a7577e45e6784e450de9,D:\prostat\train_images\d2eee81a3492a7577e45e6784e450de9.tiff,True,True
4352e4e84a3360c5d49b6c51c3646c45,D:\prostat\train_images\4352e4e84a3360c5d49b6c51c3646c45.tiff,True,True
e1f9d5200c94b8f4c5032cc4753136b2,D:\prostat\train_images\e1f9d5200c94b8f4c5032cc4753136b2.tiff,True,True
4f0225311fecb076b043bb08715b7b46,D:\prostat\train_images\4f0225311fecb076b043bb08715b7b46.tiff,True,True
bc5bfbc30b10c58d7a1756eb84182aed,D:\prostat\train_images\bc5bfbc30b10c58d7a1756eb84182aed.tiff,True,True
bc93d165d96e4fa4883f130b3f7b9885,D:\prostat\train_images\bc93d165d96e4fa4883f130b3f7b9885.tiff,True,True
191e83ee04803d8fa8b5c43f0fde09c1,D:\prostat\train_images\191e83ee04803d8fa8b5c43f0fde09c1.tiff,True,True
8035c40dd9e78b21e6fdf6461613fb48,D:\prostat\train_images\8035c40dd9e78b21e6fdf6461613fb48.tiff,True,True
63119b7889164b2153a2ec1c829ea853,D:\prostat\train_images\63119b7889164b2153a2ec1c829ea853.tiff,True,True
cce758a516c17f64403e0550afa13705,D:\prostat\train_images\cce758a516c17f64403e0550afa13705.tiff,True,True
48b90b806560b21a02cbfcea8a2b3977,D:\prostat\train_images\48b90b806560b21a02cbfcea8a2b3977.tiff,True,True
98ee892e5c8c6f3f01d3f1705f16401e,D:\prostat\train_images\98ee892e5c8c6f3f01d3f1705f16401e.tiff,True,True
8a308bfd3df0d8bda517873600971a84,D:\prostat\train_images\8a308bfd3df0d8bda517873600971a84.tiff,True,True
18ab344517b07a6fa78f38b9839fed98,D:\prostat\train_images\18ab344517b07a6fa78f38b9839fed98.tiff,True,True
878e0b1bbfa299387e3afed9d7c372bf,D:\prostat\train_images\878e0b1bbfa299387e3afed9d7c372bf.tiff,True,True
ab7ff59557145ea102e3d63a77f6a555,D:\prostat\train_images\ab7ff59557145ea102e3d63a77f6a555.tiff,True,True
4ba91dfdc9e3dadbf2a947592ec3ac0c,D:\prostat\train_images\4ba91dfdc9e3dadbf2a947592ec3ac0c.tiff,True,True
40fe12c95fcb153affac97575937819b,D:\prostat\train_images\40fe12c95fcb153affac97575937819b.tiff,True,True
0bc3b1ea9b5e5af3355cfbd9eb7561a1,D:\prostat\train_images\0bc3b1ea9b5e5af3355cfbd9eb7561a1.tiff,True,True
6f56626692cd29912c0eac773b21dcbf,D:\prostat\train_images\6f56626692cd29912c0eac773b21dcbf.tiff,True,True
5f40e0b339592b1b70f17134a06abf98,D:\prostat\train_images\5f40e0b339592b1b70f17134a06abf98.tiff,True,True
886c574b0b86f018967dd04de7ef6fe7,D:\prostat\train_images\886c574b0b86f018967dd04de7ef6fe7.tiff,True,True
89312c1f707db54b1efe684669e62fe9,D:\prostat\train_images\89312c1f707db54b1efe684669e62fe9.tiff,True,True
b99ca5db00eca6566d106abce9cba70c,D:\prostat\train_images\b99ca5db00eca6566d106abce9cba70c.tiff,True,True
3326d06821589c1c4b29133f0fcfe6f9,D:\prostat\train_images\3326d06821589c1c4b29133f0fcfe6f9.tiff,True,True
e73c4364239a175096d9538cd0aae117,D:\prostat\train_images\e73c4364239a175096d9538cd0aae117.tiff,True,True
7703dca0de143ad38738f53bee104632,D:\prostat\train_images\7703dca0de143ad38738f53bee104632.tiff,True,True
2cf4acada2a853e1415674e8e04da605,D:\prostat\train_images\2cf4acada2a853e1415674e8e04da605.tiff,True,True
fc6d9110164633d2618a8df18fec8c2c,D:\prostat\train_images\fc6d9110164633d2618a8df18fec8c2c.tiff,True,True
2d0be5f801037c5471b96ed3984a4e15,D:\prostat\train_images\2d0be5f801037c5471b96ed3984a4e15.tiff,True,True
da610fb22e9ba742ebb7a9117b2f24cc,D:\prostat\train_images\da610fb22e9ba742ebb7a9117b2f24cc.tiff,True,True
9c03a2d8fbaca4009d887539b1bab17f,D:\prostat\train_images\9c03a2d8fbaca4009d887539b1bab17f.tiff,True,True
bfd646393bd83e42b00c235a1082a6cf,D:\prostat\train_images\bfd646393bd83e42b00c235a1082a6cf.tiff,True,True
61aa2232965122bd1e0d87d933bdf8bd,D:\prostat\train_images\61aa2232965122bd1e0d87d933bdf8bd.tiff,True,True
d5a8225a2a912684b38167cc6da67bdd,D:\prostat\train_images\d5a8225a2a912684b38167cc6da67bdd.tiff,True,True
9156dc269872b5c1f832a6a71cf0f8de,D:\prostat\train_images\9156dc269872b5c1f832a6a71cf0f8de.tiff,True,True
adf1598730764823258fd781429cd590,D:\prostat\train_images\adf1598730764823258fd781429cd590.tiff,True,True
7adc6f83ec8eefb4e94c79ad70ca76a4,D:\prostat\train_images\7adc6f83ec8eefb4e94c79ad70ca76a4.tiff,True,True
a335e00877d819f0aac867a166a50f7f,D:\prostat\train_images\a335e00877d819f0aac867a166a50f7f.tiff,True,True
0f53ee7b9fc1531794645ce38854df6b,D:\prostat\train_images\0f53ee7b9fc1531794645ce38854df6b.tiff,True,True
bf88d7c0254e315ae6701f540dda23ce,D:\prostat\train_images\bf88d7c0254e315ae6701f540dda23ce.tiff,True,True
447ceabf87de7431032ef708132594d5,D:\prostat\train_images\447ceabf87de7431032ef708132594d5.tiff,True,True
3a528abc8465a57d2a4c7f823051dcf8,D:\prostat\train_images\3a528abc8465a57d2a4c7f823051dcf8.tiff,True,True
aa3031e524c3e7ccf13c78910a26bbc5,D:\prostat\train_images\aa3031e524c3e7ccf13c78910a26bbc5.tiff,True,True
934c0766674a11be1e32de11110ebb0e,D:\prostat\train_images\934c0766674a11be1e32de11110ebb0e.tiff,True,True
7cda8336608881de4ecf64d5319721ec,D:\prostat\train_images\7cda8336608881de4ecf64d5319721ec.tiff,True,True
5dbe471927123756883dc4ec6121a72c,D:\prostat\train_images\5dbe471927123756883dc4ec6121a72c.tiff,True,True
554c017aec32fb7b6448c3ba22d3f0e4,D:\prostat\train_images\554c017aec32fb7b6448c3ba22d3f0e4.tiff,True,True
173f4e37ce1592690c9bb78b99eafb1c,D:\prostat\train_images\173f4e37ce1592690c9bb78b99eafb1c.tiff,True,True
1d432fcf31474114a1f5f12268b9a1ab,D:\prostat\train_images\1d432fcf31474114a1f5f12268b9a1ab.tiff,True,True
7c684b49197a0d4cc40a97ea729a5091,D:\prostat\train_images\7c684b49197a0d4cc40a97ea729a5091.tiff,True,True
d6d46d84e69f9d216c81b39bd7acfd08,D:\prostat\train_images\d6d46d84e69f9d216c81b39bd7acfd08.tiff,True,True
b66da14818c806a8913a205fab8c6037,D:\prostat\train_images\b66da14818c806a8913a205fab8c6037.tiff,True,True
e2c4295a4989ff477428a32a4460d342,D:\prostat\train_images\e2c4295a4989ff477428a32a4460d342.tiff,True,True
bf6671ee64037cd05665b5e51a9063e0,D:\prostat\train_images\bf6671ee64037cd05665b5e51a9063e0.tiff,True,True
8f18d0ffda3fb439d6ad4473d575409d,D:\prostat\train_images\8f18d0ffda3fb439d6ad4473d575409d.tiff,True,True
24cbc57ba378971a02cf24479cd7933d,D:\prostat\train_images\24cbc57ba378971a02cf24479cd7933d.tiff,True,True
4c7318b58b1d1485e7c4b02e2f983e4f,D:\prostat\train_images\4c7318b58b1d1485e7c4b02e2f983e4f.tiff,True,True
9f526a7b7baa089ce9dfb5c7bd4e7250,D:\prostat\train_images\9f526a7b7baa089ce9dfb5c7bd4e7250.tiff,True,True
7a0a36bc6119e3d78474e6c8ca875725,D:\prostat\train_images\7a0a36bc6119e3d78474e6c8ca875725.tiff,True,True
69ed9b36a92904dcee7b78c338e5f4f4,D:\prostat\train_images\69ed9b36a92904dcee7b78c338e5f4f4.tiff,True,True
6bd476d515d75746bf716e578c704c3b,D:\prostat\train_images\6bd476d515d75746bf716e578c704c3b.tiff,True,True
ae026ae626a0a236801d36f52b7ab8e4,D:\prostat\train_images\ae026ae626a0a236801d36f52b7ab8e4.tiff,True,True
9d0af138de2abfa5e43b475f941993a6,D:\prostat\train_images\9d0af138de2abfa5e43b475f941993a6.tiff,True,True
22ed80ee33043b4289b64b40b1032368,D:\prostat\train_images\22ed80ee33043b4289b64b40b1032368.tiff,True,True
d5a0675bd4fc5ec1e7f4e255da6d5ea9,D:\prostat\train_images\d5a0675bd4fc5ec1e7f4e255da6d5ea9.tiff,True,True
b0046f3ccf1c8d0535e0925a4dbc7232,D:\prostat\train_images\b0046f3ccf1c8d0535e0925a4dbc7232.tiff,True,True
d38193285da00a4e907e5947253ff486,D:\prostat\train_images\d38193285da00a4e907e5947253ff486.tiff,True,True
efc9d77273847ab411ec6d447b22b3f2,D:\prostat\train_images\efc9d77273847ab411ec6d447b22b3f2.tiff,True,True
a38edfd7f0ab8eb00995e7c1c3168b60,D:\prostat\train_images\a38edfd7f0ab8eb00995e7c1c3168b60.tiff,True,True
254efefa21964ee7664503a878757485,D:\prostat\train_images\254efefa21964ee7664503a878757485.tiff,True,True
9d92d97c1e3f9c379cc65dcd59989f13,D:\prostat\train_images\9d92d97c1e3f9c379cc65dcd59989f13.tiff,True,True
08a3bce609b63cb12dbd833319fb177e,D:\prostat\train_images\08a3bce609b63cb12dbd833319fb177e.tiff,True,True
ff602bd9652640d4b534d7a78fc64b6a,D:\prostat\train_images\ff602bd9652640d4b534d7a78fc64b6a.tiff,True,True
8ef71bfdde4f67ce9c00e001e6946f5a,D:\prostat\train_images\8ef71bfdde4f67ce9c00e001e6946f5a.tiff,True,True
0bc4086b7c5ed0463dde3926f10fc298,D:\prostat\train_images\0bc4086b7c5ed0463dde3926f10fc298.tiff,True,True
bde3843781f35eee9ffa24bd228f41d5,D:\prostat\train_images\bde3843781f35eee9ffa24bd228f41d5.tiff,True,True
6e4a5f12ebdbcd25db876280c85915a4,D:\prostat\train_images\6e4a5f12ebdbcd25db876280c85915a4.tiff,True,True
d76180b527e1b7748a99fc37a005d45b,D:\prostat\train_images\d76180b527e1b7748a99fc37a005d45b.tiff,True,True
68e3ae430a2afe28f0f09ba08891145c,D:\prostat\train_images\68e3ae430a2afe28f0f09ba08891145c.tiff,True,True
64a33315a1c5d2f6aa9f04a9c2ff4650,D:\prostat\train_images\64a33315a1c5d2f6aa9f04a9c2ff4650.tiff,True,True
dfb94f6d16ff40e04681be2c2fde7fcd,D:\prostat\train_images\dfb94f6d16ff40e04681be2c2fde7fcd.tiff,True,True
50d777bdfa7218c5aa81bdf72fa1bdf2,D:\prostat\train_images\50d777bdfa7218c5aa81bdf72fa1bdf2.tiff,True,True
f33ee63b980e520ee01b85dc9edb8fa4,D:\prostat\train_images\f33ee63b980e520ee01b85dc9edb8fa4.tiff,True,True
b00dac3a80f778f595eef444b51a1e07,D:\prostat\train_images\b00dac3a80f778f595eef444b51a1e07.tiff,True,True
9b502095417b17febdd678bda972cf80,D:\prostat\train_images\9b502095417b17febdd678bda972cf80.tiff,True,True
bbfc17c7ac58d38b5eaaf72c53ece10d,D:\prostat\train_images\bbfc17c7ac58d38b5eaaf72c53ece10d.tiff,True,True
817ffb24ed7fc638921a9ecc349981dc,D:\prostat\train_images\817ffb24ed7fc638921a9ecc349981dc.tiff,True,True
ecebd05f42f575630c79ca2c759246c4,D:\prostat\train_images\ecebd05f42f575630c79ca2c759246c4.tiff,True,True
af41a64b57d2f3244cab6f912383a6c1,D:\prostat\train_images\af41a64b57d2f3244cab6f912383a6c1.tiff,True,True
e7284b9a0670ea880bf52653846ff6a5,D:\prostat\train_images\e7284b9a0670ea880bf52653846ff6a5.tiff,True,True
37d10efa4de1f3359dc6c41004764560,D:\prostat\train_images\37d10efa4de1f3359dc6c41004764560.tiff,True,True
04b66a150ef667f328aa378e1ee8d750,D:\prostat\train_images\04b66a150ef667f328aa378e1ee8d750.tiff,True,True
9d917845ea26f2d2a33790c2a755ef8e,D:\prostat\train_images\9d917845ea26f2d2a33790c2a755ef8e.tiff,True,True
856c81d50be37e58fad595bbed320f0a,D:\prostat\train_images\856c81d50be37e58fad595bbed320f0a.tiff,True,True
54d5344186ef7a12e901064af86268fb,D:\prostat\train_images\54d5344186ef7a12e901064af86268fb.tiff,True,True
99a41a5e8adfc6b7589ea4523484e217,D:\prostat\train_images\99a41a5e8adfc6b7589ea4523484e217.tiff,True,True
5c320b977726d35f7b2237258bb90595,D:\prostat\train_images\5c320b977726d35f7b2237258bb90595.tiff,True,True
83c2217eb9a431a577a83b606d5d24bf,D:\prostat\train_images\83c2217eb9a431a577a83b606d5d24bf.tiff,True,True
36531354b9f3353938e4227f7d8a3ece,D:\prostat\train_images\36531354b9f3353938e4227f7d8a3ece.tiff,True,True
dc90e9df24223e40ab5718a725b0b412,D:\prostat\train_images\dc90e9df24223e40ab5718a725b0b412.tiff,True,True
f666a00c76f56bb6a40219a3da6e0ab9,D:\prostat\train_images\f666a00c76f56bb6a40219a3da6e0ab9.tiff,True,True
03b113d63b06f6740d82b4cfa1ee4a75,D:\prostat\train_images\03b113d63b06f6740d82b4cfa1ee4a75.tiff,True,True
fc6e8f4a24257f619a44c3e1a9eacb6f,D:\prostat\train_images\fc6e8f4a24257f619a44c3e1a9eacb6f.tiff,True,True
e6827b24810e6447a2c88eb4661390b4,D:\prostat\train_images\e6827b24810e6447a2c88eb4661390b4.tiff,True,True
9adf250ecae0407eae54f26e12b4afda,D:\prostat\train_images\9adf250ecae0407eae54f26e12b4afda.tiff,True,True
8afae6066a89c4502c86e8b308c2bb1d,D:\prostat\train_images\8afae6066a89c4502c86e8b308c2bb1d.tiff,True,True
e5a167f697628add6a45ea4e447465bd,D:\prostat\train_images\e5a167f697628add6a45ea4e447465bd.tiff,True,True
f0921067172c8fe3062cfb2b77a9a549,D:\prostat\train_images\f0921067172c8fe3062cfb2b77a9a549.tiff,True,True
b49cf4744ad7bde55eb848c822b457fd,D:\prostat\train_images\b49cf4744ad7bde55eb848c822b457fd.tiff,True,True
b1c8b92e790c28010a3f0678db6638fc,D:\prostat\train_images\b1c8b92e790c28010a3f0678db6638fc.tiff,True,True
dd50be7fcf2324687a408fe09194f59e,D:\prostat\train_images\dd50be7fcf2324687a408fe09194f59e.tiff,True,True
285186bdcabfd05a4d4fe4be52983a59,D:\prostat\train_images\285186bdcabfd05a4d4fe4be52983a59.tiff,True,True
7d86f5cdc00bc73a75b43d06ef14c106,D:\prostat\train_images\7d86f5cdc00bc73a75b43d06ef14c106.tiff,True,True
42a4d1519445a251149be56ff8d9ed12,D:\prostat\train_images\42a4d1519445a251149be56ff8d9ed12.tiff,True,True
068067cb3873af5f4dcc3e5859b57991,D:\prostat\train_images\068067cb3873af5f4dcc3e5859b57991.tiff,True,True
3752b697cae9f81a9d5ffe44dac58e7a,D:\prostat\train_images\3752b697cae9f81a9d5ffe44dac58e7a.tiff,True,True
9d98eb6c404f3c3d7191a8db379d2994,D:\prostat\train_images\9d98eb6c404f3c3d7191a8db379d2994.tiff,True,True
05a377208625fce1afdc4878e3185ca4,D:\prostat\train_images\05a377208625fce1afdc4878e3185ca4.tiff,True,True
785d4b89a87c0714b01155d6acf35448,D:\prostat\train_images\785d4b89a87c0714b01155d6acf35448.tiff,True,True
a04310d441e8d2c7a5066627baeec9b6,D:\prostat\train_images\a04310d441e8d2c7a5066627baeec9b6.tiff,True,True
7a0080b771eff77b47ce512773a026dc,D:\prostat\train_images\7a0080b771eff77b47ce512773a026dc.tiff,True,True
5724a6703905a9e591fe7f6017eab790,D:\prostat\train_images\5724a6703905a9e591fe7f6017eab790.tiff,True,True
20f78bd7716dd352981d93d2fe7fd178,D:\prostat\train_images\20f78bd7716dd352981d93d2fe7fd178.tiff,True,True
f836bf8b2f7a52acc668fcd59ec0122f,D:\prostat\train_images\f836bf8b2f7a52acc668fcd59ec0122f.tiff,True,True
34238501396310a6512eccb0120bd85b,D:\prostat\train_images\34238501396310a6512eccb0120bd85b.tiff,True,True
9e3843c81ae2badfb22d9a46813d4470,D:\prostat\train_images\9e3843c81ae2badfb22d9a46813d4470.tiff,True,True
cbaaf646e582b153aa87262de00bd4a0,D:\prostat\train_images\cbaaf646e582b153aa87262de00bd4a0.tiff,True,True
91e740d5dd2c702b30f0c6c4300512a4,D:\prostat\train_images\91e740d5dd2c702b30f0c6c4300512a4.tiff,True,True
eaf66ac783499827a7f09d69793a07d7,D:\prostat\train_images\eaf66ac783499827a7f09d69793a07d7.tiff,True,True
c0fe8ca3041bec9fb48e60537e3ab02f,D:\prostat\train_images\c0fe8ca3041bec9fb48e60537e3ab02f.tiff,True,True
d5d31d19fd6fc69ccb385e975c64e967,D:\prostat\train_images\d5d31d19fd6fc69ccb385e975c64e967.tiff,True,True
b828e67db7b84d0d18b5498c8c185874,D:\prostat\train_images\b828e67db7b84d0d18b5498c8c185874.tiff,True,True
8f8d20fc6e9b6aa3b145e359e104eac4,D:\prostat\train_images\8f8d20fc6e9b6aa3b145e359e104eac4.tiff,True,True
ee2eff16873d8db59ea97fb8ad5e58c7,D:\prostat\train_images\ee2eff16873d8db59ea97fb8ad5e58c7.tiff,True,True
ee3cb4950320fa16061f3f3519f8e08e,D:\prostat\train_images\ee3cb4950320fa16061f3f3519f8e08e.tiff,True,True
b19b678ac181c02332d1ba7acb6ba436,D:\prostat\train_images\b19b678ac181c02332d1ba7acb6ba436.tiff,True,True
b44f323b60014eb06669f55be99bea78,D:\prostat\train_images\b44f323b60014eb06669f55be99bea78.tiff,True,True
35e9d8f8ce16d61751bbe6d24fee0da3,D:\prostat\train_images\35e9d8f8ce16d61751bbe6d24fee0da3.tiff,True,True
d4008e9be9d30da69c1d6b622c0b5859,D:\prostat\train_images\d4008e9be9d30da69c1d6b622c0b5859.tiff,True,True
7e20141d92f88166015e47b537178a33,D:\prostat\train_images\7e20141d92f88166015e47b537178a33.tiff,True,True
36b7bc1afe9dab20f17f4853e362bc68,D:\prostat\train_images\36b7bc1afe9dab20f17f4853e362bc68.tiff,True,True
18b975c3706ee8afd820eefd5b5c209e,D:\prostat\train_images\18b975c3706ee8afd820eefd5b5c209e.tiff,True,True
bc6573ad91d8e29926a09ffdd0a14be5,D:\prostat\train_images\bc6573ad91d8e29926a09ffdd0a14be5.tiff,True,True
b2ed25818b60032cf273066b9ae43c0d,D:\prostat\train_images\b2ed25818b60032cf273066b9ae43c0d.tiff,True,True
d6a8117ae79bca1cff29c52a10436da1,D:\prostat\train_images\d6a8117ae79bca1cff29c52a10436da1.tiff,True,True
a1ab959d088e199003230644b58cd22d,D:\prostat\train_images\a1ab959d088e199003230644b58cd22d.tiff,True,True
6e219cafd656210dca135a52e0ec044c,D:\prostat\train_images\6e219cafd656210dca135a52e0ec044c.tiff,True,True
1c231e0f3f25031a6a0a2261d0f9cbcf,D:\prostat\train_images\1c231e0f3f25031a6a0a2261d0f9cbcf.tiff,True,True
b4f3528c1ab8e7ae2faac094cdbe06c3,D:\prostat\train_images\b4f3528c1ab8e7ae2faac094cdbe06c3.tiff,True,True
f4a6b5ec0ef8bac031272e4ab61fd926,D:\prostat\train_images\f4a6b5ec0ef8bac031272e4ab61fd926.tiff,True,True
9878c2c100b5bad2fac735ef46a0321e,D:\prostat\train_images\9878c2c100b5bad2fac735ef46a0321e.tiff,True,True
6a6a592dab4286783baf1ce2dbf2e8ff,D:\prostat\train_images\6a6a592dab4286783baf1ce2dbf2e8ff.tiff,True,True
5558579da28c0c6bed9ec761982439f7,D:\prostat\train_images\5558579da28c0c6bed9ec761982439f7.tiff,True,True
08fc8cebe98efe59cf5b234d8de36356,D:\prostat\train_images\08fc8cebe98efe59cf5b234d8de36356.tiff,True,True
2102c15174fe1886893e2469cd8fe18f,D:\prostat\train_images\2102c15174fe1886893e2469cd8fe18f.tiff,True,True
6db274a56e9de1e7a876bb1b53aa8eed,D:\prostat\train_images\6db274a56e9de1e7a876bb1b53aa8eed.tiff,True,True
6aa05e4c2cd649f22d309c40540b4230,D:\prostat\train_images\6aa05e4c2cd649f22d309c40540b4230.tiff,True,True
55be95a3ff46370abfe9883b2293e630,D:\prostat\train_images\55be95a3ff46370abfe9883b2293e630.tiff,True,True
e79a05a95711261d27e009c51c53ba26,D:\prostat\train_images\e79a05a95711261d27e009c51c53ba26.tiff,True,True
6f75edad6dfc45ab8a79af4e5168a439,D:\prostat\train_images\6f75edad6dfc45ab8a79af4e5168a439.tiff,True,True
001c62abd11fa4b57bf7a6c603a11bb9,D:\prostat\train_images\001c62abd11fa4b57bf7a6c603a11bb9.tiff,True,True
adbfb2f1cecea96a904bd46ac74ba2f6,D:\prostat\train_images\adbfb2f1cecea96a904bd46ac74ba2f6.tiff,True,True
237d42417a3621368cfb0a3280d3f252,D:\prostat\train_images\237d42417a3621368cfb0a3280d3f252.tiff,True,True
2f5c2f001402c02682217050f718d375,D:\prostat\train_images\2f5c2f001402c02682217050f718d375.tiff,True,True
318ff075e5d3a785584049343b93843b,D:\prostat\train_images\318ff075e5d3a785584049343b93843b.tiff,True,True
48896f2b866e9694586b3377025c4927,D:\prostat\train_images\48896f2b866e9694586b3377025c4927.tiff,True,True
9f7e34c8bd9a13d563a5a1a7a0f78b24,D:\prostat\train_images\9f7e34c8bd9a13d563a5a1a7a0f78b24.tiff,True,True
5088ad926fb0b20d97de089d851dfabd,D:\prostat\train_images\5088ad926fb0b20d97de089d851dfabd.tiff,True,True
082fd0a9f827b00494feb039b53b5500,D:\prostat\train_images\082fd0a9f827b00494feb039b53b5500.tiff,True,True
e106da62f9761a87497b703d105f1f21,D:\prostat\train_images\e106da62f9761a87497b703d105f1f21.tiff,True,True
f8e31591718a4a1934728a9767c6459c,D:\prostat\train_images\f8e31591718a4a1934728a9767c6459c.tiff,True,True
3ecd13e82ee7dedd1ae1749a16cac7a1,D:\prostat\train_images\3ecd13e82ee7dedd1ae1749a16cac7a1.tiff,True,True
46fe664241802d718dbc4054a53e016c,D:\prostat\train_images\46fe664241802d718dbc4054a53e016c.tiff,True,True
003046e27c8ead3e3db155780dc5498e,D:\prostat\train_images\003046e27c8ead3e3db155780dc5498e.tiff,True,True
3cea837349a8bd7fb89ed01883f149ea,D:\prostat\train_images\3cea837349a8bd7fb89ed01883f149ea.tiff,True,True
5b4d05a2a6b70bbb2ee716979a7fb120,D:\prostat\train_images\5b4d05a2a6b70bbb2ee716979a7fb120.tiff,True,True
0fcc5673242af956da6637881d14c414,D:\prostat\train_images\0fcc5673242af956da6637881d14c414.tiff,True,True
214419f1697f9b376b6f18b7965d8aa7,D:\prostat\train_images\214419f1697f9b376b6f18b7965d8aa7.tiff,True,True
3659d03cf49bd6a1f648edc1423c711b,D:\prostat\train_images\3659d03cf49bd6a1f648edc1423c711b.tiff,True,True
eb341a42f1e27d3af125fa1bcba8c799,D:\prostat\train_images\eb341a42f1e27d3af125fa1bcba8c799.tiff,True,True
a579110fe1e670847d9d146404597750,D:\prostat\train_images\a579110fe1e670847d9d146404597750.tiff,True,True
d40af49780ea57bf40bd6248938a832e,D:\prostat\train_images\d40af49780ea57bf40bd6248938a832e.tiff,True,True
87564cf996f25607b3f4a3c2c3738f03,D:\prostat\train_images\87564cf996f25607b3f4a3c2c3738f03.tiff,True,True
21433417efd68bdf8d8ca4d446f29318,D:\prostat\train_images\21433417efd68bdf8d8ca4d446f29318.tiff,True,True
6272bd8c72545aa42d1abb9045bd7a97,D:\prostat\train_images\6272bd8c72545aa42d1abb9045bd7a97.tiff,True,True
4fbcad209342f96710a73a57aa14a55f,D:\prostat\train_images\4fbcad209342f96710a73a57aa14a55f.tiff,True,True
ffcee00fd033d3ece1408035a7fd4ea7,D:\prostat\train_images\ffcee00fd033d3ece1408035a7fd4ea7.tiff,True,True
b9ceb1379fcb9b80a93aacc77b9829ab,D:\prostat\train_images\b9ceb1379fcb9b80a93aacc77b9829ab.tiff,True,True
b9382651da19808b3bcdcc9a4a8e671d,D:\prostat\train_images\b9382651da19808b3bcdcc9a4a8e671d.tiff,True,True
c110e92d1bd7fc97dde4c8027e3af439,D:\prostat\train_images\c110e92d1bd7fc97dde4c8027e3af439.tiff,True,True
a9ff261ddbae34cbbb6b5d5c0f2d1ce6,D:\prostat\train_images\a9ff261ddbae34cbbb6b5d5c0f2d1ce6.tiff,True,True
fd0bb45eba479a7f7d953f41d574bf9f,D:\prostat\train_images\fd0bb45eba479a7f7d953f41d574bf9f.tiff,True,True
f4df16a55805e69f7013d79eca0c46a7,D:\prostat\train_images\f4df16a55805e69f7013d79eca0c46a7.tiff,True,True
5b8b545a19b68b947235ead5041d001c,D:\prostat\train_images\5b8b545a19b68b947235ead5041d001c.tiff,True,True
7de918b1fabd1ad9594666ebd8fd0652,D:\prostat\train_images\7de918b1fabd1ad9594666ebd8fd0652.tiff,True,True
6549ae500a4a645d44efb7a611c5ab21,D:\prostat\train_images\6549ae500a4a645d44efb7a611c5ab21.tiff,True,True
d79ef0a1d3b33827f0dcd0788bfaaeb2,D:\prostat\train_images\d79ef0a1d3b33827f0dcd0788bfaaeb2.tiff,True,True
596e117592870bc53e8442cc9ff4dcbc,D:\prostat\train_images\596e117592870bc53e8442cc9ff4dcbc.tiff,True,True
281fcc161aa1fe329f1ab8d9ae73636b,D:\prostat\train_images\281fcc161aa1fe329f1ab8d9ae73636b.tiff,True,True
b1f57416afc064e5b995a56d90a45992,D:\prostat\train_images\b1f57416afc064e5b995a56d90a45992.tiff,True,True
db50ae671fd181d31c89728e6a71e582,D:\prostat\train_images\db50ae671fd181d31c89728e6a71e582.tiff,True,True
961ddd3709d84bd6dab09205a1cf5606,D:\prostat\train_images\961ddd3709d84bd6dab09205a1cf5606.tiff,True,True
5ebc2544193fed9aa6e846641a8d8f1e,D:\prostat\train_images\5ebc2544193fed9aa6e846641a8d8f1e.tiff,True,True
60a56a0ab535c04b4f4f39955fc9d268,D:\prostat\train_images\60a56a0ab535c04b4f4f39955fc9d268.tiff,True,True
a1005d42ab0ed43009c6f30eedf12628,D:\prostat\train_images\a1005d42ab0ed43009c6f30eedf12628.tiff,True,True
17ceaa3198ace548e0fd65b95c800a32,D:\prostat\train_images\17ceaa3198ace548e0fd65b95c800a32.tiff,True,True
1c8a65cafba1a82092bf5ff231205f71,D:\prostat\train_images\1c8a65cafba1a82092bf5ff231205f71.tiff,True,True
fb5fd7ab15e699998a30b36fe169431b,D:\prostat\train_images\fb5fd7ab15e699998a30b36fe169431b.tiff,True,True
2ed1c3b9541f619a827a287a55c806e8,D:\prostat\train_images\2ed1c3b9541f619a827a287a55c806e8.tiff,True,True
764bdd14f26588403269fab48b4c0ad8,D:\prostat\train_images\764bdd14f26588403269fab48b4c0ad8.tiff,True,True
a295b26b9db32ad2795fcdeef1d853db,D:\prostat\train_images\a295b26b9db32ad2795fcdeef1d853db.tiff,True,True
6ac2095c7968fa30ab6c5dc7d1ed5121,D:\prostat\train_images\6ac2095c7968fa30ab6c5dc7d1ed5121.tiff,True,True
93a53e5582574f10426754a9ee48619d,D:\prostat\train_images\93a53e5582574f10426754a9ee48619d.tiff,True,True
3be2a098025a29cd05098a7457ffa2e0,D:\prostat\train_images\3be2a098025a29cd05098a7457ffa2e0.tiff,True,True
09f734438a9b2f3cf78c72eef5c45b30,D:\prostat\train_images\09f734438a9b2f3cf78c72eef5c45b30.tiff,True,True
6ab7bc76941454c4ec71eb754f066f30,D:\prostat\train_images\6ab7bc76941454c4ec71eb754f066f30.tiff,True,True
53d3ec12f49fd2695220c6505ba5a92c,D:\prostat\train_images\53d3ec12f49fd2695220c6505ba5a92c.tiff,True,True
17de92c570fb51e416f02c6675678daf,D:\prostat\train_images\17de92c570fb51e416f02c6675678daf.tiff,True,True
16a9e8227156e2d8598cd22e633610be,D:\prostat\train_images\16a9e8227156e2d8598cd22e633610be.tiff,True,True
fd545ee9fe42ed0eeb216fd4be3af3d2,D:\prostat\train_images\fd545ee9fe42ed0eeb216fd4be3af3d2.tiff,True,True
b6caae06b4beb99c7c855370f080e19d,D:\prostat\train_images\b6caae06b4beb99c7c855370f080e19d.tiff,True,True
bd794a0fe18a2b0705a024096c77bac6,D:\prostat\train_images\bd794a0fe18a2b0705a024096c77bac6.tiff,True,True
5fdd8f1da666889035c36621b62bf68f,D:\prostat\train_images\5fdd8f1da666889035c36621b62bf68f.tiff,True,True
fc04eb6968b836409723ecf4e158d48d,D:\prostat\train_images\fc04eb6968b836409723ecf4e158d48d.tiff,True,True
2a4cff606b103cb1698560ba1dee0eb6,D:\prostat\train_images\2a4cff606b103cb1698560ba1dee0eb6.tiff,True,True
0954f0bb123cf3be8b00c9c989dcf3d6,D:\prostat\train_images\0954f0bb123cf3be8b00c9c989dcf3d6.tiff,True,True
75b17665772a71684a7b7855ea212a30,D:\prostat\train_images\75b17665772a71684a7b7855ea212a30.tiff,True,True
8b8338194dd8175d057bdc068ba44945,D:\prostat\train_images\8b8338194dd8175d057bdc068ba44945.tiff,True,True
aba474656aab9e8efc7c8c512fc1fb48,D:\prostat\train_images\aba474656aab9e8efc7c8c512fc1fb48.tiff,True,True
9c9a1315dee1ffce88d48728455c1199,D:\prostat\train_images\9c9a1315dee1ffce88d48728455c1199.tiff,True,True
49adfe9cc766f35827b1db55e01d8cca,D:\prostat\train_images\49adfe9cc766f35827b1db55e01d8cca.tiff,True,True
2478b7db4a1d7d9013536df40b338f3c,D:\prostat\train_images\2478b7db4a1d7d9013536df40b338f3c.tiff,True,True
03db76b0a1387cfb4206fd11f42051d7,D:\prostat\train_images\03db76b0a1387cfb4206fd11f42051d7.tiff,True,True
a9b5352dfb32a821700f5d6876baa479,D:\prostat\train_images\a9b5352dfb32a821700f5d6876baa479.tiff,True,True
362d30ace92ce17128d176137362b8c2,D:\prostat\train_images\362d30ace92ce17128d176137362b8c2.tiff,True,True
908f1b399873681da17cd24b94c85714,D:\prostat\train_images\908f1b399873681da17cd24b94c85714.tiff,True,True
a6da01c66cfebf7492f28f70bae9b5de,D:\prostat\train_images\a6da01c66cfebf7492f28f70bae9b5de.tiff,True,True
531a7f47d8e6e7733e86000e5f793168,D:\prostat\train_images\531a7f47d8e6e7733e86000e5f793168.tiff,True,True
d02c1da03b5ef4fb5ea6b793a3c1fc79,D:\prostat\train_images\d02c1da03b5ef4fb5ea6b793a3c1fc79.tiff,True,True
df7766e3730f24d096658a966fe622b8,D:\prostat\train_images\df7766e3730f24d096658a966fe622b8.tiff,True,True
dc2d99579fbc26a3f92ed835cc944f6d,D:\prostat\train_images\dc2d99579fbc26a3f92ed835cc944f6d.tiff,True,True
6b8cf7e2a5e9329b19070013a442cc89,D:\prostat\train_images\6b8cf7e2a5e9329b19070013a442cc89.tiff,True,True
7021622a31d3753956d55704d2073c2e,D:\prostat\train_images\7021622a31d3753956d55704d2073c2e.tiff,True,True
8adf4d491430a714d8654e3fee4483d2,D:\prostat\train_images\8adf4d491430a714d8654e3fee4483d2.tiff,True,True
f8ddeae52360946c80eb4238e01415e1,D:\prostat\train_images\f8ddeae52360946c80eb4238e01415e1.tiff,True,True
79dfa97a2655441fdc5cd428789d7759,D:\prostat\train_images\79dfa97a2655441fdc5cd428789d7759.tiff,True,True
f891dd5e1bd40f5d223dca5673bbf182,D:\prostat\train_images\f891dd5e1bd40f5d223dca5673bbf182.tiff,True,True
3184f4b67b1ab07cb39e2e3e4b381c16,D:\prostat\train_images\3184f4b67b1ab07cb39e2e3e4b381c16.tiff,True,True
83b8997aa1ebef2e386f3daf89226538,D:\prostat\train_images\83b8997aa1ebef2e386f3daf89226538.tiff,True,True
31e9a210cfaf76f2df69e8b484cad534,D:\prostat\train_images\31e9a210cfaf76f2df69e8b484cad534.tiff,True,True
cf80de78a4b2fbf446923732c1046166,D:\prostat\train_images\cf80de78a4b2fbf446923732c1046166.tiff,True,True
8baaf0653549708b753a74d17dc4d962,D:\prostat\train_images\8baaf0653549708b753a74d17dc4d962.tiff,True,True
de40ff48038838a3dc494e839dde2945,D:\prostat\train_images\de40ff48038838a3dc494e839dde2945.tiff,True,True
a1697f266e95a820c676d18f380c6ce8,D:\prostat\train_images\a1697f266e95a820c676d18f380c6ce8.tiff,True,True
7e9faf4f810f09529d000a8ca03e96b8,D:\prostat\train_images\7e9faf4f810f09529d000a8ca03e96b8.tiff,True,True
b770d7a72514c3f30684c4e632580b6e,D:\prostat\train_images\b770d7a72514c3f30684c4e632580b6e.tiff,True,True
2700883b744706feb3a8b1ec69563ee9,D:\prostat\train_images\2700883b744706feb3a8b1ec69563ee9.tiff,True,True
aeec9f0bc83c16e7128b26e41a4d7ff4,D:\prostat\train_images\aeec9f0bc83c16e7128b26e41a4d7ff4.tiff,True,True
d777c77dc8d82b9b3ee4cc8d94118988,D:\prostat\train_images\d777c77dc8d82b9b3ee4cc8d94118988.tiff,True,True
2a1618d215aa5f7b175930c94f46ac80,D:\prostat\train_images\2a1618d215aa5f7b175930c94f46ac80.tiff,True,True
52754aa5f7eb637258abda6dac50201b,D:\prostat\train_images\52754aa5f7eb637258abda6dac50201b.tiff,True,True
f079a9a9d4c30cbdc55917df9f5f6541,D:\prostat\train_images\f079a9a9d4c30cbdc55917df9f5f6541.tiff,True,True
067bc8b33f5a6415e4f4ef61bef2bcd5,D:\prostat\train_images\067bc8b33f5a6415e4f4ef61bef2bcd5.tiff,True,True
b9cc03cf0199515ed4af44cad50b93d6,D:\prostat\train_images\b9cc03cf0199515ed4af44cad50b93d6.tiff,True,True
d3c5d7ceeb968c58ab20710cae53e022,D:\prostat\train_images\d3c5d7ceeb968c58ab20710cae53e022.tiff,True,True
7929c4ab2e5c659112d6f274fcb1fa9f,D:\prostat\train_images\7929c4ab2e5c659112d6f274fcb1fa9f.tiff,True,True
76541217a60105571466b759358ab8df,D:\prostat\train_images\76541217a60105571466b759358ab8df.tiff,True,True
596d3b12550adf32cba3ea96fd6859b0,D:\prostat\train_images\596d3b12550adf32cba3ea96fd6859b0.tiff,True,True
77138e87f7edb07f8ba62c62652f47e5,D:\prostat\train_images\77138e87f7edb07f8ba62c62652f47e5.tiff,True,True
f7b209b0f45746e231c10a80bcd7285e,D:\prostat\train_images\f7b209b0f45746e231c10a80bcd7285e.tiff,True,True
e69f5703fc72f2b99a2cd8eef05a11e8,D:\prostat\train_images\e69f5703fc72f2b99a2cd8eef05a11e8.tiff,True,True
82d54116781696f12d1b9cebbc4598b0,D:\prostat\train_images\82d54116781696f12d1b9cebbc4598b0.tiff,True,True
b5dfac1df6b023764367fc8f23de24f6,D:\prostat\train_images\b5dfac1df6b023764367fc8f23de24f6.tiff,True,True
e9df02bcca00d27da3a8088ea4e8b56c,D:\prostat\train_images\e9df02bcca00d27da3a8088ea4e8b56c.tiff,True,True
a716d9d2767072033e5a3a7a23c42fb5,D:\prostat\train_images\a716d9d2767072033e5a3a7a23c42fb5.tiff,True,True
c657214e550cdfd9ea235414fd63fe5e,D:\prostat\train_images\c657214e550cdfd9ea235414fd63fe5e.tiff,True,True
3573e7b9ae29eeca81c80d683f714361,D:\prostat\train_images\3573e7b9ae29eeca81c80d683f714361.tiff,True,True
383832c3a141f0c57b3bdef29a9b2b76,D:\prostat\train_images\383832c3a141f0c57b3bdef29a9b2b76.tiff,True,True
0d19c87a2ac19e41556441cdfafd7234,D:\prostat\train_images\0d19c87a2ac19e41556441cdfafd7234.tiff,True,True
bd4039c1e7b986f2e640817cea35c270,D:\prostat\train_images\bd4039c1e7b986f2e640817cea35c270.tiff,True,True
fe354e2b6f25e4f4110aed552eb55fc5,D:\prostat\train_images\fe354e2b6f25e4f4110aed552eb55fc5.tiff,True,True
24b0dda87e02e90f4bdc747a8a1964a6,D:\prostat\train_images\24b0dda87e02e90f4bdc747a8a1964a6.tiff,True,True
b6629fd3b3db7a394296fa51a657c3cb,D:\prostat\train_images\b6629fd3b3db7a394296fa51a657c3cb.tiff,True,True
f80e5b2afa3ebf635c446fa08a3d7a45,D:\prostat\train_images\f80e5b2afa3ebf635c446fa08a3d7a45.tiff,True,True
15a542e51a3c58da002695eed33a1511,D:\prostat\train_images\15a542e51a3c58da002695eed33a1511.tiff,True,True
1dc7abaf979206e3c54f6f03072ed941,D:\prostat\train_images\1dc7abaf979206e3c54f6f03072ed941.tiff,True,True
7adb9a199022845663b36db49852383b,D:\prostat\train_images\7adb9a199022845663b36db49852383b.tiff,True,True
d8fc4bf3dec4c8dfbc366e3d7512c602,D:\prostat\train_images\d8fc4bf3dec4c8dfbc366e3d7512c602.tiff,True,True
c19623cc0d82d0d5f219400b027d8190,D:\prostat\train_images\c19623cc0d82d0d5f219400b027d8190.tiff,True,True
6994fb3398aba05141d0824ead52e474,D:\prostat\train_images\6994fb3398aba05141d0824ead52e474.tiff,True,True
92ed1808381455735456c3cbfb547ea6,D:\prostat\train_images\92ed1808381455735456c3cbfb547ea6.tiff,True,True
41482ab4f8a95f09b3ceb53d4bda3f4d,D:\prostat\train_images\41482ab4f8a95f09b3ceb53d4bda3f4d.tiff,True,True
7bed5662489bd913da7e9792f715c1ed,D:\prostat\train_images\7bed5662489bd913da7e9792f715c1ed.tiff,True,True
1e73a4d3e89de944a6c309defde99839,D:\prostat\train_images\1e73a4d3e89de944a6c309defde99839.tiff,True,True
64b7fa539fe4647b60c3e25f17732a5f,D:\prostat\train_images\64b7fa539fe4647b60c3e25f17732a5f.tiff,True,True
f2f9951a02b721d342a210751714a74b,D:\prostat\train_images\f2f9951a02b721d342a210751714a74b.tiff,True,True
c5e82190f540fb912cc8a96eaf682b58,D:\prostat\train_images\c5e82190f540fb912cc8a96eaf682b58.tiff,True,True
80fb86c27e472624d2f8f5a457da0aa8,D:\prostat\train_images\80fb86c27e472624d2f8f5a457da0aa8.tiff,True,True
c2e37dd8d2b6891abb2c78b15a25fe95,D:\prostat\train_images\c2e37dd8d2b6891abb2c78b15a25fe95.tiff,True,True
77c54076f96efce539cf3efc58d891ed,D:\prostat\train_images\77c54076f96efce539cf3efc58d891ed.tiff,True,True
8647686bb5a90fd797ab8ca2b9e40e1c,D:\prostat\train_images\8647686bb5a90fd797ab8ca2b9e40e1c.tiff,True,True
fb74231594a6b93c552c5bbb3a6bd699,D:\prostat\train_images\fb74231594a6b93c552c5bbb3a6bd699.tiff,True,True
95c16154511d02d6cecdd6cb9b3a7ffd,D:\prostat\train_images\95c16154511d02d6cecdd6cb9b3a7ffd.tiff,True,True
2d5d881e4abedaf2afa83807d93d18b9,D:\prostat\train_images\2d5d881e4abedaf2afa83807d93d18b9.tiff,True,True
8d0e5feb0e72d7d75c73d8d5df4810a7,D:\prostat\train_images\8d0e5feb0e72d7d75c73d8d5df4810a7.tiff,True,True
d0fb429c78688f034b93eacf642b8d9d,D:\prostat\train_images\d0fb429c78688f034b93eacf642b8d9d.tiff,True,True
415003c963bf2f51f949fed42d5d7220,D:\prostat\train_images\415003c963bf2f51f949fed42d5d7220.tiff,True,True
9bc5cd695f30b6f98e65dc356cf6c656,D:\prostat\train_images\9bc5cd695f30b6f98e65dc356cf6c656.tiff,True,True
9d824f1d72e60812b7a165c42e1162ba,D:\prostat\train_images\9d824f1d72e60812b7a165c42e1162ba.tiff,True,True
61ebefee1266d2cfcc7c0d23cc66062a,D:\prostat\train_images\61ebefee1266d2cfcc7c0d23cc66062a.tiff,True,True
64d89f6270efae268f99717bfbf288e8,D:\prostat\train_images\64d89f6270efae268f99717bfbf288e8.tiff,True,True
c70a5817549ef745e0dc65592595bcfe,D:\prostat\train_images\c70a5817549ef745e0dc65592595bcfe.tiff,True,True
7e77e55ae8c546ed11cf6ffd04dda106,D:\prostat\train_images\7e77e55ae8c546ed11cf6ffd04dda106.tiff,True,True
0c88d7c7033e2048b1068e208b105270,D:\prostat\train_images\0c88d7c7033e2048b1068e208b105270.tiff,True,True
d172dc93c49f96c58c22a56724aaf1aa,D:\prostat\train_images\d172dc93c49f96c58c22a56724aaf1aa.tiff,True,True
d7317063793838db3f284cf45c2a6136,D:\prostat\train_images\d7317063793838db3f284cf45c2a6136.tiff,True,True
47043e84cc443828de9fbf077a936303,D:\prostat\train_images\47043e84cc443828de9fbf077a936303.tiff,True,True
7c75a0ddf67f2cca476d51ec8b95d60f,D:\prostat\train_images\7c75a0ddf67f2cca476d51ec8b95d60f.tiff,True,True
c45e498bf134c619d637029d36efc78b,D:\prostat\train_images\c45e498bf134c619d637029d36efc78b.tiff,True,True
aef725315551b4ac4e392c6a642bf9a9,D:\prostat\train_images\aef725315551b4ac4e392c6a642bf9a9.tiff,True,True
3b9c3ae2d2f1abe1498d4c746769aaa0,D:\prostat\train_images\3b9c3ae2d2f1abe1498d4c746769aaa0.tiff,True,True
d4e11ec26633ed74394b8df2228bfb75,D:\prostat\train_images\d4e11ec26633ed74394b8df2228bfb75.tiff,True,True
838e413e9561b104afa20bdd1d02f8ae,D:\prostat\train_images\838e413e9561b104afa20bdd1d02f8ae.tiff,True,True
9f8dfe7b06ca41af4fa89f7deaf3b050,D:\prostat\train_images\9f8dfe7b06ca41af4fa89f7deaf3b050.tiff,True,True
c1fe7ea9e72f3e8204169b38c5df317a,D:\prostat\train_images\c1fe7ea9e72f3e8204169b38c5df317a.tiff,True,True
23cba918ca0d35e8c3486db356cc8c6f,D:\prostat\train_images\23cba918ca0d35e8c3486db356cc8c6f.tiff,True,True
fb1336e0bc56fea6baea814470f3f4cf,D:\prostat\train_images\fb1336e0bc56fea6baea814470f3f4cf.tiff,True,True
75be11818843990c70ba0b6ed753f3c0,D:\prostat\train_images\75be11818843990c70ba0b6ed753f3c0.tiff,True,True
2f3e4e71d38f7f20aad08dd262b9ca63,D:\prostat\train_images\2f3e4e71d38f7f20aad08dd262b9ca63.tiff,True,True
79538de71a078ec7348f0340f8a7e995,D:\prostat\train_images\79538de71a078ec7348f0340f8a7e995.tiff,True,True
1216c13ad2394eb1dc3206c8622418f8,D:\prostat\train_images\1216c13ad2394eb1dc3206c8622418f8.tiff,True,True
3b8a504e9cb1a71c7d8810dbc83c1f3d,D:\prostat\train_images\3b8a504e9cb1a71c7d8810dbc83c1f3d.tiff,True,True
e2252a41bd6f1a9e7045e9f10dde5a20,D:\prostat\train_images\e2252a41bd6f1a9e7045e9f10dde5a20.tiff,True,True
4203ec2a8c71bf1876526fb0111b8235,D:\prostat\train_images\4203ec2a8c71bf1876526fb0111b8235.tiff,True,True
d8e1bc485f60e8390bcef00dd924aaf4,D:\prostat\train_images\d8e1bc485f60e8390bcef00dd924aaf4.tiff,True,True
f72312afae5c61af709e35b9bc6418a4,D:\prostat\train_images\f72312afae5c61af709e35b9bc6418a4.tiff,True,True
186fb113fceed1acca3fba087ba146de,D:\prostat\train_images\186fb113fceed1acca3fba087ba146de.tiff,True,True
5b003d43ec0ce5979062442486f84cf7,D:\prostat\train_images\5b003d43ec0ce5979062442486f84cf7.tiff,True,True
d56b812ee937874f4db8f96e8346828a,D:\prostat\train_images\d56b812ee937874f4db8f96e8346828a.tiff,True,True
a83efb2f72bce568e8500f7bce347538,D:\prostat\train_images\a83efb2f72bce568e8500f7bce347538.tiff,True,True
e52c5685f6ebafcd377918e583486cb8,D:\prostat\train_images\e52c5685f6ebafcd377918e583486cb8.tiff,True,True
0d3159cd1b2495cc82637ececf63ed41,D:\prostat\train_images\0d3159cd1b2495cc82637ececf63ed41.tiff,True,True
4b5ed09dd73806cd9fde2c5f7808f913,D:\prostat\train_images\4b5ed09dd73806cd9fde2c5f7808f913.tiff,True,True
7314acc5f6e8d42d384a13da803e10b2,D:\prostat\train_images\7314acc5f6e8d42d384a13da803e10b2.tiff,True,True
32137f2c309e98e70a78da4cd1382663,D:\prostat\train_images\32137f2c309e98e70a78da4cd1382663.tiff,True,True
f7956aab178ff4c161a505b6a050579f,D:\prostat\train_images\f7956aab178ff4c161a505b6a050579f.tiff,True,True
ce5f21729823eb5d67ce2d874844e70d,D:\prostat\train_images\ce5f21729823eb5d67ce2d874844e70d.tiff,True,True
497cc4009e9ae310b54de6412cbf8b4a,D:\prostat\train_images\497cc4009e9ae310b54de6412cbf8b4a.tiff,True,True
7e69ef88f9064f2df373d006968ca5a6,D:\prostat\train_images\7e69ef88f9064f2df373d006968ca5a6.tiff,True,True
60a69fdcc33d3b859dfc2a1cc081254f,D:\prostat\train_images\60a69fdcc33d3b859dfc2a1cc081254f.tiff,True,True
4e91e7b1e5dedb02b7b01daba1fea361,D:\prostat\train_images\4e91e7b1e5dedb02b7b01daba1fea361.tiff,True,True
82dd91dc60d7a36257237f229df31b70,D:\prostat\train_images\82dd91dc60d7a36257237f229df31b70.tiff,True,True
b523a95fa8bf654626cf2a964f172b82,D:\prostat\train_images\b523a95fa8bf654626cf2a964f172b82.tiff,True,True
da62ef30d40ae1efac695a8a73a45b7e,D:\prostat\train_images\da62ef30d40ae1efac695a8a73a45b7e.tiff,True,True
291b2132e1fb9131478b8d691406874b,D:\prostat\train_images\291b2132e1fb9131478b8d691406874b.tiff,True,True
3ce5f7d0e516baf38c6f8e5a72813a1d,D:\prostat\train_images\3ce5f7d0e516baf38c6f8e5a72813a1d.tiff,True,True
ab53934e13fe844e43c6c903dabf0128,D:\prostat\train_images\ab53934e13fe844e43c6c903dabf0128.tiff,True,True
158b063304bd83f4f6cbe952de5325ab,D:\prostat\train_images\158b063304bd83f4f6cbe952de5325ab.tiff,True,True
edb53390a53397b29cb85e21501b8efb,D:\prostat\train_images\edb53390a53397b29cb85e21501b8efb.tiff,True,True
00bbc1482301d16de3ff63238cfd0b34,D:\prostat\train_images\00bbc1482301d16de3ff63238cfd0b34.tiff,True,True
0e187aa3c8dd29c41e92af60d2dfb7e5,D:\prostat\train_images\0e187aa3c8dd29c41e92af60d2dfb7e5.tiff,True,True
ab4a7247e87d9cd8b7106a64b3dda927,D:\prostat\train_images\ab4a7247e87d9cd8b7106a64b3dda927.tiff,True,True
a954e34aa74d5c6646a52e605263f187,D:\prostat\train_images\a954e34aa74d5c6646a52e605263f187.tiff,True,True
361e1ffe1964442b325efbfb9f682a26,D:\prostat\train_images\361e1ffe1964442b325efbfb9f682a26.tiff,True,True
446c3b4a2ef50d763c8f2f0546bac208,D:\prostat\train_images\446c3b4a2ef50d763c8f2f0546bac208.tiff,True,True
4600b8e6025b7af1836bedf33e2b5c66,D:\prostat\train_images\4600b8e6025b7af1836bedf33e2b5c66.tiff,True,True
3bf9e151fbc4e40b0444e6a19174752b,D:\prostat\train_images\3bf9e151fbc4e40b0444e6a19174752b.tiff,True,True
1ea8f362be901720ee28cce312a7d509,D:\prostat\train_images\1ea8f362be901720ee28cce312a7d509.tiff,True,True
746cfe9ab71459d51eb0fbdb72348ae8,D:\prostat\train_images\746cfe9ab71459d51eb0fbdb72348ae8.tiff,True,True
8b19e141c1741cb06bdff6bffc9503b1,D:\prostat\train_images\8b19e141c1741cb06bdff6bffc9503b1.tiff,True,True
c797b20d6e8a04a4e33a55a8f980a9c7,D:\prostat\train_images\c797b20d6e8a04a4e33a55a8f980a9c7.tiff,True,True
64b859c64c4dd2757cca89e0fe1043b3,D:\prostat\train_images\64b859c64c4dd2757cca89e0fe1043b3.tiff,True,True
ba3bb9804f760a2f417cb680d4598573,D:\prostat\train_images\ba3bb9804f760a2f417cb680d4598573.tiff,True,True
cd0caa41fe8b3cfb5d80601d1065e597,D:\prostat\train_images\cd0caa41fe8b3cfb5d80601d1065e597.tiff,True,True
a1bd9874f482d6624b437a5c38f4c55a,D:\prostat\train_images\a1bd9874f482d6624b437a5c38f4c55a.tiff,True,True
5e334341a65fa0b9148fd9eddabbe5b0,D:\prostat\train_images\5e334341a65fa0b9148fd9eddabbe5b0.tiff,True,True
ee38373d970014e6676ebbc782be6b4b,D:\prostat\train_images\ee38373d970014e6676ebbc782be6b4b.tiff,True,True
2d89735825e26abf44c7c5f5981ddeb6,D:\prostat\train_images\2d89735825e26abf44c7c5f5981ddeb6.tiff,True,True
0e5806abc1cf909123d584e504dd9bf9,D:\prostat\train_images\0e5806abc1cf909123d584e504dd9bf9.tiff,True,True
cc49ab08ac59448bd5158ab994eb7350,D:\prostat\train_images\cc49ab08ac59448bd5158ab994eb7350.tiff,True,True
3ae9efed0835dad28f0c0763533290f1,D:\prostat\train_images\3ae9efed0835dad28f0c0763533290f1.tiff,True,True
e525fcfd50e34dc1f10465e3ea7ec2c0,D:\prostat\train_images\e525fcfd50e34dc1f10465e3ea7ec2c0.tiff,True,True
b91ce7c3fca8163db4368a79311d3c54,D:\prostat\train_images\b91ce7c3fca8163db4368a79311d3c54.tiff,True,True
0e4e6e275dbdf6742d98d5f853b2eaf1,D:\prostat\train_images\0e4e6e275dbdf6742d98d5f853b2eaf1.tiff,True,True
bc8042b8de3ce084219ac65217fc9e0a,D:\prostat\train_images\bc8042b8de3ce084219ac65217fc9e0a.tiff,True,True
37571c63d9ff6cd0a71b4b60e130804e,D:\prostat\train_images\37571c63d9ff6cd0a71b4b60e130804e.tiff,True,True
2364e13161b373f7d463220e68eea803,D:\prostat\train_images\2364e13161b373f7d463220e68eea803.tiff,True,True
1de9133f550d23418c7f1c58d75280c7,D:\prostat\train_images\1de9133f550d23418c7f1c58d75280c7.tiff,True,True
2530082d8f4b3eee15503339398d7fb3,D:\prostat\train_images\2530082d8f4b3eee15503339398d7fb3.tiff,True,True
cdbfdbedc6d73c22c8df92b78eaa363d,D:\prostat\train_images\cdbfdbedc6d73c22c8df92b78eaa363d.tiff,True,True
684007dfab2690881f18447158417ead,D:\prostat\train_images\684007dfab2690881f18447158417ead.tiff,True,True
a88576230a500208178f0bbdb4cc0f1c,D:\prostat\train_images\a88576230a500208178f0bbdb4cc0f1c.tiff,True,True
f3f231c6c4eff0000d792e973e9a7515,D:\prostat\train_images\f3f231c6c4eff0000d792e973e9a7515.tiff,True,True
418aa1d085fe63ffb9c5510a9075f8e5,D:\prostat\train_images\418aa1d085fe63ffb9c5510a9075f8e5.tiff,True,True
d391b688a24367fdafa1a25a8fd9e6ad,D:\prostat\train_images\d391b688a24367fdafa1a25a8fd9e6ad.tiff,True,True
1a1e0aae09fdf97a2e4554cf6146c6d7,D:\prostat\train_images\1a1e0aae09fdf97a2e4554cf6146c6d7.tiff,True,True
b9008f036f702db353bf6e77470b1b05,D:\prostat\train_images\b9008f036f702db353bf6e77470b1b05.tiff,True,True
87cce4cbe31864141051ce2018ed29df,D:\prostat\train_images\87cce4cbe31864141051ce2018ed29df.tiff,True,True
a31660605fa1295d74bfb1729c3d05eb,D:\prostat\train_images\a31660605fa1295d74bfb1729c3d05eb.tiff,True,True
995b9aea3d7f6ccda0440b9ec2bfc058,D:\prostat\train_images\995b9aea3d7f6ccda0440b9ec2bfc058.tiff,True,True
bbb1294c16fabc528756b55464925b0f,D:\prostat\train_images\bbb1294c16fabc528756b55464925b0f.tiff,True,True
fbacda290baa284a06ca8fccc2c7ee72,D:\prostat\train_images\fbacda290baa284a06ca8fccc2c7ee72.tiff,True,True
6788613b15835202197519f788c9f435,D:\prostat\train_images\6788613b15835202197519f788c9f435.tiff,True,True
82f560e8944948e59ac8cfc656938778,D:\prostat\train_images\82f560e8944948e59ac8cfc656938778.tiff,True,True
c8846813f6660c127897a5da55050d96,D:\prostat\train_images\c8846813f6660c127897a5da55050d96.tiff,True,True
ac46e4ee5b43c383cbea6287ea67c3bb,D:\prostat\train_images\ac46e4ee5b43c383cbea6287ea67c3bb.tiff,True,True
503da0f7a933c01e206780c0c7b21259,D:\prostat\train_images\503da0f7a933c01e206780c0c7b21259.tiff,True,True
1240d1d2b60f75c4aa51358b73ee3fb8,D:\prostat\train_images\1240d1d2b60f75c4aa51358b73ee3fb8.tiff,True,True
3b343b8c4e2a854735a82bcebe482a14,D:\prostat\train_images\3b343b8c4e2a854735a82bcebe482a14.tiff,True,True
d7b172212f491714565c0ed41b95d0fd,D:\prostat\train_images\d7b172212f491714565c0ed41b95d0fd.tiff,True,True
b267fa5f2c3b44774f06581ac05996b7,D:\prostat\train_images\b267fa5f2c3b44774f06581ac05996b7.tiff,True,True
25f7b992e5a19d4dd7fa7e390ee1721c,D:\prostat\train_images\25f7b992e5a19d4dd7fa7e390ee1721c.tiff,True,True
d3b0cdab6ed795373d51671aa3ab0562,D:\prostat\train_images\d3b0cdab6ed795373d51671aa3ab0562.tiff,True,True
a93b3dcce91f31062dc01695f43cc8ba,D:\prostat\train_images\a93b3dcce91f31062dc01695f43cc8ba.tiff,True,True
c61a17863f7acb86b028b67af888539a,D:\prostat\train_images\c61a17863f7acb86b028b67af888539a.tiff,True,True
296c0eebe031a2dfa58e2921f74354dd,D:\prostat\train_images\296c0eebe031a2dfa58e2921f74354dd.tiff,True,True
1cb56f571749e201e1e37e166d32b0bf,D:\prostat\train_images\1cb56f571749e201e1e37e166d32b0bf.tiff,True,True
c10d4753ac1782268289014b69697b90,D:\prostat\train_images\c10d4753ac1782268289014b69697b90.tiff,True,True
4e1702de80175bad5ba65290d3898d43,D:\prostat\train_images\4e1702de80175bad5ba65290d3898d43.tiff,True,True
6f412ed9fa15d7b5c75bcfbe1fbb5b54,D:\prostat\train_images\6f412ed9fa15d7b5c75bcfbe1fbb5b54.tiff,True,True
70d813b5e09d4fdac98c761c15c28a62,D:\prostat\train_images\70d813b5e09d4fdac98c761c15c28a62.tiff,True,True
fd8f72156916289ccbcce7ad19b2ee69,D:\prostat\train_images\fd8f72156916289ccbcce7ad19b2ee69.tiff,True,True
2c648f25c47e7344bf1977154c31c25b,D:\prostat\train_images\2c648f25c47e7344bf1977154c31c25b.tiff,True,True
128ade97a27c446fb413b1787426760c,D:\prostat\train_images\128ade97a27c446fb413b1787426760c.tiff,True,True
b5af75ebc10b07f27f4d4c50e9f1cc2e,D:\prostat\train_images\b5af75ebc10b07f27f4d4c50e9f1cc2e.tiff,True,True
c8c898c68a6cbe37412468d561e3a7b4,D:\prostat\train_images\c8c898c68a6cbe37412468d561e3a7b4.tiff,True,True
b10aafff8d0a4c426090fc772b6075f0,D:\prostat\train_images\b10aafff8d0a4c426090fc772b6075f0.tiff,True,True
f613220060db299095fda77dbc2c3d06,D:\prostat\train_images\f613220060db299095fda77dbc2c3d06.tiff,True,True
98437e99d54122b62bedf58038f1db93,D:\prostat\train_images\98437e99d54122b62bedf58038f1db93.tiff,True,True
ed07f20bfb493e3a0731853a3af20103,D:\prostat\train_images\ed07f20bfb493e3a0731853a3af20103.tiff,True,True
905733a0eeb4e1e2fadca080fecd62da,D:\prostat\train_images\905733a0eeb4e1e2fadca080fecd62da.tiff,True,True
dc6e3bbcf9449e2c13827e13e5724571,D:\prostat\train_images\dc6e3bbcf9449e2c13827e13e5724571.tiff,True,True
20a8699c8e439631be7e4bcf6242598d,D:\prostat\train_images\20a8699c8e439631be7e4bcf6242598d.tiff,True,True
639dcd07a4de787c02b44b26a984d202,D:\prostat\train_images\639dcd07a4de787c02b44b26a984d202.tiff,True,True
646ad07bdb7b93beff7ba27a0376fea9,D:\prostat\train_images\646ad07bdb7b93beff7ba27a0376fea9.tiff,True,True
2fd7cbd01f3cecb64e915a0a62121cda,D:\prostat\train_images\2fd7cbd01f3cecb64e915a0a62121cda.tiff,True,True
ec009ae101199666b6840588867fc1d6,D:\prostat\train_images\ec009ae101199666b6840588867fc1d6.tiff,True,True
58236e4aa762bf96225d16173086c62b,D:\prostat\train_images\58236e4aa762bf96225d16173086c62b.tiff,True,True
e8f7e16be2dbae2d6ac3cc218d9adb7c,D:\prostat\train_images\e8f7e16be2dbae2d6ac3cc218d9adb7c.tiff,True,True
78a7071f862c2622d8375790ebe71c5d,D:\prostat\train_images\78a7071f862c2622d8375790ebe71c5d.tiff,True,True
510375129659a7bf90d2b85b42ce1efd,D:\prostat\train_images\510375129659a7bf90d2b85b42ce1efd.tiff,True,True
1ed6debd60ccda239c0f6eb93306ee26,D:\prostat\train_images\1ed6debd60ccda239c0f6eb93306ee26.tiff,True,True
7d75d4e19e3190f348b45a143b777862,D:\prostat\train_images\7d75d4e19e3190f348b45a143b777862.tiff,True,True
bb22714f2bff1aa310d8924efd28984f,D:\prostat\train_images\bb22714f2bff1aa310d8924efd28984f.tiff,True,True
139cb907ebee7f62b3999f62e9a753ec,D:\prostat\train_images\139cb907ebee7f62b3999f62e9a753ec.tiff,True,True
2d4909a3958f29872fe825878a8df373,D:\prostat\train_images\2d4909a3958f29872fe825878a8df373.tiff,True,True
0d2a6f5c754e82c42ed5f8117d13fa52,D:\prostat\train_images\0d2a6f5c754e82c42ed5f8117d13fa52.tiff,True,True
efadb69675bdbc972dc32aac8f0aed11,D:\prostat\train_images\efadb69675bdbc972dc32aac8f0aed11.tiff,True,True
cc6582f22aaf82f448e5eecb2384df6e,D:\prostat\train_images\cc6582f22aaf82f448e5eecb2384df6e.tiff,True,True
62c9db4e05a648c8795ae51a49003906,D:\prostat\train_images\62c9db4e05a648c8795ae51a49003906.tiff,True,True
51241cdb2f2dfd0093b8448f4a0e00d9,D:\prostat\train_images\51241cdb2f2dfd0093b8448f4a0e00d9.tiff,True,True
ca860e2af22d154686490a8bd4bbe635,D:\prostat\train_images\ca860e2af22d154686490a8bd4bbe635.tiff,True,True
78a5e50e3af575d941eb26bebc3d2318,D:\prostat\train_images\78a5e50e3af575d941eb26bebc3d2318.tiff,True,True
1308c87f8993821604adb52903701e8b,D:\prostat\train_images\1308c87f8993821604adb52903701e8b.tiff,True,True
55ecc799551e0cd9b81aa545fa091ad2,D:\prostat\train_images\55ecc799551e0cd9b81aa545fa091ad2.tiff,True,True
89d1f67fd7ccdaa64a4438b0188a0253,D:\prostat\train_images\89d1f67fd7ccdaa64a4438b0188a0253.tiff,True,True
d15706b4cad3b7f87dd260aab604b25e,D:\prostat\train_images\d15706b4cad3b7f87dd260aab604b25e.tiff,True,True
80037713c44260079fb5ffb8474aa9e2,D:\prostat\train_images\80037713c44260079fb5ffb8474aa9e2.tiff,True,True
c74e766851d12e6c5775f1dacbe3843d,D:\prostat\train_images\c74e766851d12e6c5775f1dacbe3843d.tiff,True,True
bc79710a91205883cbaf384d689b87d7,D:\prostat\train_images\bc79710a91205883cbaf384d689b87d7.tiff,True,True
6ab0d7184ed0d412295c038fba1f79bd,D:\prostat\train_images\6ab0d7184ed0d412295c038fba1f79bd.tiff,True,True
f71083cb142d89ebfe5a940b6fc06163,D:\prostat\train_images\f71083cb142d89ebfe5a940b6fc06163.tiff,True,True
69093012b7c700d47368bc993df2f2eb,D:\prostat\train_images\69093012b7c700d47368bc993df2f2eb.tiff,True,True
f8b3ec914967ad95c62ef0296964394b,D:\prostat\train_images\f8b3ec914967ad95c62ef0296964394b.tiff,True,True
43111f9c3a9aca9f3b1daf09f392f3c8,D:\prostat\train_images\43111f9c3a9aca9f3b1daf09f392f3c8.tiff,True,True
a6c30b9c00539ff6e70c8fc774232c61,D:\prostat\train_images\a6c30b9c00539ff6e70c8fc774232c61.tiff,True,True
f1f9aea9e0bb9845704f9871346811aa,D:\prostat\train_images\f1f9aea9e0bb9845704f9871346811aa.tiff,True,True
b0ab4a0b140dced554f47ecae7a62859,D:\prostat\train_images\b0ab4a0b140dced554f47ecae7a62859.tiff,True,True
e5739e452d5b7c5e68c4171ece2557e3,D:\prostat\train_images\e5739e452d5b7c5e68c4171ece2557e3.tiff,True,True
6001e27f6577164029e34413c8c019ce,D:\prostat\train_images\6001e27f6577164029e34413c8c019ce.tiff,True,True
51f70b98526218f921f34b110f55ceff,D:\prostat\train_images\51f70b98526218f921f34b110f55ceff.tiff,True,True
272500bbbd8c3ee4e2769a0e2ecf51d0,D:\prostat\train_images\272500bbbd8c3ee4e2769a0e2ecf51d0.tiff,True,True
738e10c912a9f554aa16122f48181c50,D:\prostat\train_images\738e10c912a9f554aa16122f48181c50.tiff,True,True
862f8e7fbc9b0d2eae3bb8d12f36af51,D:\prostat\train_images\862f8e7fbc9b0d2eae3bb8d12f36af51.tiff,True,True
5f1ccf6d3f6fc9977f54755c8d96784a,D:\prostat\train_images\5f1ccf6d3f6fc9977f54755c8d96784a.tiff,True,True
a308ca65706ab18e463dbfa9b0c12e3a,D:\prostat\train_images\a308ca65706ab18e463dbfa9b0c12e3a.tiff,True,True
9539ca1c39d9b6ff86f427ccbb0966c9,D:\prostat\train_images\9539ca1c39d9b6ff86f427ccbb0966c9.tiff,True,True
0a848ccbbb065ef5ee59dd01710f8531,D:\prostat\train_images\0a848ccbbb065ef5ee59dd01710f8531.tiff,True,True
063528c18968c03f23e0c299bbba17e4,D:\prostat\train_images\063528c18968c03f23e0c299bbba17e4.tiff,True,True
9066877b4c62ee46babd387370424709,D:\prostat\train_images\9066877b4c62ee46babd387370424709.tiff,True,True
855256cd7062aaf319512b1648249481,D:\prostat\train_images\855256cd7062aaf319512b1648249481.tiff,True,True
eecab09cf5ba553de52a9b76a11e377a,D:\prostat\train_images\eecab09cf5ba553de52a9b76a11e377a.tiff,True,True
d2c92272a7d4464173a9488c6d0c41ed,D:\prostat\train_images\d2c92272a7d4464173a9488c6d0c41ed.tiff,True,True
880a1fc64038757f0a332bdf8b81ef05,D:\prostat\train_images\880a1fc64038757f0a332bdf8b81ef05.tiff,True,True
5a04db2e75874b0e5c55ee71692ea92c,D:\prostat\train_images\5a04db2e75874b0e5c55ee71692ea92c.tiff,True,True
ab3c5351479e3e58b4feef80e6f416f3,D:\prostat\train_images\ab3c5351479e3e58b4feef80e6f416f3.tiff,True,True
fa3d7248f7b7e1f10eca31601e81623f,D:\prostat\train_images\fa3d7248f7b7e1f10eca31601e81623f.tiff,True,True
1b0ad4aabcc4be89e9134534ac554a19,D:\prostat\train_images\1b0ad4aabcc4be89e9134534ac554a19.tiff,True,True
5e64107898d585bd15e99b0f8056138a,D:\prostat\train_images\5e64107898d585bd15e99b0f8056138a.tiff,True,True
7a464bac7623466f449cbc7279d79f85,D:\prostat\train_images\7a464bac7623466f449cbc7279d79f85.tiff,True,True
1c493cc3f6240272c5ec8fd043b2fed1,D:\prostat\train_images\1c493cc3f6240272c5ec8fd043b2fed1.tiff,True,True
1f80aa9a268b5ba64292bd4f7d88fe33,D:\prostat\train_images\1f80aa9a268b5ba64292bd4f7d88fe33.tiff,True,True
f3b0b08eb60f38c66ecb09b014a5282b,D:\prostat\train_images\f3b0b08eb60f38c66ecb09b014a5282b.tiff,True,True
47f750f4872babd55dfbe6864811b5b5,D:\prostat\train_images\47f750f4872babd55dfbe6864811b5b5.tiff,True,True
e7d8c7e2eab5b6c96c52b368a416aecf,D:\prostat\train_images\e7d8c7e2eab5b6c96c52b368a416aecf.tiff,True,True
af994df40907edf1c3aefb45df954add,D:\prostat\train_images\af994df40907edf1c3aefb45df954add.tiff,True,True
497e1c9755641be4757136f16b8a8fad,D:\prostat\train_images\497e1c9755641be4757136f16b8a8fad.tiff,True,True
2b1ea815af8da3697c64c682855f9b3b,D:\prostat\train_images\2b1ea815af8da3697c64c682855f9b3b.tiff,True,True
4e978306ab3277fb0a1d62b802eb1054,D:\prostat\train_images\4e978306ab3277fb0a1d62b802eb1054.tiff,True,True
944993e4e26b18e41b3693a4095cbf77,D:\prostat\train_images\944993e4e26b18e41b3693a4095cbf77.tiff,True,True
b18d48f225df58944721b5b7ed123313,D:\prostat\train_images\b18d48f225df58944721b5b7ed123313.tiff,True,True
242184480428879aa2b44933fac0d491,D:\prostat\train_images\242184480428879aa2b44933fac0d491.tiff,True,True
09471c7d6b4a7b117f7ab3a52d7828c4,D:\prostat\train_images\09471c7d6b4a7b117f7ab3a52d7828c4.tiff,True,True
768d55de89f45642bc028f79b39ceaa8,D:\prostat\train_images\768d55de89f45642bc028f79b39ceaa8.tiff,True,True
f0f8340b213f8993ea8a841796718d03,D:\prostat\train_images\f0f8340b213f8993ea8a841796718d03.tiff,True,True
e9b16b6a3206f9a26acfb6fbeeab0458,D:\prostat\train_images\e9b16b6a3206f9a26acfb6fbeeab0458.tiff,True,True
0a5d6a20d1429dd55b94ae1b857ad573,D:\prostat\train_images\0a5d6a20d1429dd55b94ae1b857ad573.tiff,True,True
2a837ababa0cb124818a3b4852244711,D:\prostat\train_images\2a837ababa0cb124818a3b4852244711.tiff,True,True
a3af37fbbe60a833bd33c10c2f88e9e9,D:\prostat\train_images\a3af37fbbe60a833bd33c10c2f88e9e9.tiff,True,True
fd3bf77d72ce527f9c9cfa57f6cdea8a,D:\prostat\train_images\fd3bf77d72ce527f9c9cfa57f6cdea8a.tiff,True,True
7e07f7ac834250b4bc18be2a5a0c4bca,D:\prostat\train_images\7e07f7ac834250b4bc18be2a5a0c4bca.tiff,True,True
9864a284764976b891a3a406d1f0aa6d,D:\prostat\train_images\9864a284764976b891a3a406d1f0aa6d.tiff,True,True
0b1775f64d774ab69e50fc0d7a124036,D:\prostat\train_images\0b1775f64d774ab69e50fc0d7a124036.tiff,True,True
eee26d27dbba4e7dec07620c11328b62,D:\prostat\train_images\eee26d27dbba4e7dec07620c11328b62.tiff,True,True
bba3d3535ac1643bc9bb0bb1ca657b7d,D:\prostat\train_images\bba3d3535ac1643bc9bb0bb1ca657b7d.tiff,True,True
0960b0d7aa0b3c3cb95acb72e8bcf4e1,D:\prostat\train_images\0960b0d7aa0b3c3cb95acb72e8bcf4e1.tiff,True,True
ae57810f8bfc53392b2001d9cc684cde,D:\prostat\train_images\ae57810f8bfc53392b2001d9cc684cde.tiff,True,True
c541704f5b5f35d974aab3378d11fd54,D:\prostat\train_images\c541704f5b5f35d974aab3378d11fd54.tiff,True,True
26868ac74c4ed809efbae61c6ba15726,D:\prostat\train_images\26868ac74c4ed809efbae61c6ba15726.tiff,True,True
768c8df7881cfb1cae96959206e73732,D:\prostat\train_images\768c8df7881cfb1cae96959206e73732.tiff,True,True
355ea2cac2adcccab67fb784d5222461,D:\prostat\train_images\355ea2cac2adcccab67fb784d5222461.tiff,True,True
91da6390f18abade4b2f30ca2b0a9156,D:\prostat\train_images\91da6390f18abade4b2f30ca2b0a9156.tiff,True,True
f776385879402e2940d3627015c3a58b,D:\prostat\train_images\f776385879402e2940d3627015c3a58b.tiff,True,True
a9c926cdab10bc7306c7dbfa787efb54,D:\prostat\train_images\a9c926cdab10bc7306c7dbfa787efb54.tiff,True,True
9d631d064fda13e2c2641d8ee30d9a2b,D:\prostat\train_images\9d631d064fda13e2c2641d8ee30d9a2b.tiff,True,True
8af0aedd384b877915768fd8e39374f0,D:\prostat\train_images\8af0aedd384b877915768fd8e39374f0.tiff,True,True
5ed3bb060e0e6d7fe6472f1982e530e9,D:\prostat\train_images\5ed3bb060e0e6d7fe6472f1982e530e9.tiff,True,True
418e6b6e39af708710e1e497ca629ee8,D:\prostat\train_images\418e6b6e39af708710e1e497ca629ee8.tiff,True,True
82e968eacc5a5abf71fa6cefb97c0910,D:\prostat\train_images\82e968eacc5a5abf71fa6cefb97c0910.tiff,True,True
5670a325584c3bd7c9f2bdfc128e2e67,D:\prostat\train_images\5670a325584c3bd7c9f2bdfc128e2e67.tiff,True,True
1001232743e59b621733775979b08c76,D:\prostat\train_images\1001232743e59b621733775979b08c76.tiff,True,True
397c0d623c94677ce5c1e836c3253eed,D:\prostat\train_images\397c0d623c94677ce5c1e836c3253eed.tiff,True,True
9d06c9352a9eefe7160f82932a6013e3,D:\prostat\train_images\9d06c9352a9eefe7160f82932a6013e3.tiff,True,True
73e7548823a81d6f46a1c863756dbb65,D:\prostat\train_images\73e7548823a81d6f46a1c863756dbb65.tiff,True,True
69e6550df1d1713b0bde6c627c42deab,D:\prostat\train_images\69e6550df1d1713b0bde6c627c42deab.tiff,True,True
7584a04126c380a776b9a27c23ca2a1d,D:\prostat\train_images\7584a04126c380a776b9a27c23ca2a1d.tiff,True,True
95687706ffc4a2750ca1709258cc88de,D:\prostat\train_images\95687706ffc4a2750ca1709258cc88de.tiff,True,True
b0d5c1e2c6bc18f2736f06feecccafb4,D:\prostat\train_images\b0d5c1e2c6bc18f2736f06feecccafb4.tiff,True,True
2268c3174c1c0890af7ae1bae4c8cd74,D:\prostat\train_images\2268c3174c1c0890af7ae1bae4c8cd74.tiff,True,True
4d803d599e3aa34b4d4d97b0e3a6ff5b,D:\prostat\train_images\4d803d599e3aa34b4d4d97b0e3a6ff5b.tiff,True,True
71514e491bb54436299fc06c6fcfac86,D:\prostat\train_images\71514e491bb54436299fc06c6fcfac86.tiff,True,True
f5a2f826b3957a6961712a52eb94ef2c,D:\prostat\train_images\f5a2f826b3957a6961712a52eb94ef2c.tiff,True,True
ab106ca32e9155aa7e68eabef8e2ed59,D:\prostat\train_images\ab106ca32e9155aa7e68eabef8e2ed59.tiff,True,True
bb0dfd783c80c4485da90113a01ea8ae,D:\prostat\train_images\bb0dfd783c80c4485da90113a01ea8ae.tiff,True,True
777e89beb78fc98db5806423fe7f7254,D:\prostat\train_images\777e89beb78fc98db5806423fe7f7254.tiff,True,True
8ccc9a1d1dd3379192c829ac6ab62550,D:\prostat\train_images\8ccc9a1d1dd3379192c829ac6ab62550.tiff,True,True
9bf6e3e027908a65c558ddc1fb07f7a0,D:\prostat\train_images\9bf6e3e027908a65c558ddc1fb07f7a0.tiff,True,True
39f035c4879cd4b2bff7ee2830beea47,D:\prostat\train_images\39f035c4879cd4b2bff7ee2830beea47.tiff,True,True
af6cadce7e6b5850580eda992822d871,D:\prostat\train_images\af6cadce7e6b5850580eda992822d871.tiff,True,True
eefb2c8c791cf40c6a5ca8b131d475f4,D:\prostat\train_images\eefb2c8c791cf40c6a5ca8b131d475f4.tiff,True,True
4019c455d02fc04d8b1ce42e32baa71e,D:\prostat\train_images\4019c455d02fc04d8b1ce42e32baa71e.tiff,True,True
2bed4be8e6d950d76394d0552c59ddfa,D:\prostat\train_images\2bed4be8e6d950d76394d0552c59ddfa.tiff,True,True
0a94d55951bd4caebf2712e455decc6e,D:\prostat\train_images\0a94d55951bd4caebf2712e455decc6e.tiff,True,True
a265cac37acf69f2cfeae8a184d0f510,D:\prostat\train_images\a265cac37acf69f2cfeae8a184d0f510.tiff,True,True
d76c8504812e17930194614c25ba21fd,D:\prostat\train_images\d76c8504812e17930194614c25ba21fd.tiff,True,True
9904b0e39429fe1c957c7c1ee53bb248,D:\prostat\train_images\9904b0e39429fe1c957c7c1ee53bb248.tiff,True,True
c9bcd1d4867a43cec02af7f3b555709f,D:\prostat\train_images\c9bcd1d4867a43cec02af7f3b555709f.tiff,True,True
030de916cc0f437f63eb815c1e007caf,D:\prostat\train_images\030de916cc0f437f63eb815c1e007caf.tiff,True,True
35332e0dbeaa5fcba199e892954528a7,D:\prostat\train_images\35332e0dbeaa5fcba199e892954528a7.tiff,True,True
7d86c5e09004e3016838f192ecaac540,D:\prostat\train_images\7d86c5e09004e3016838f192ecaac540.tiff,True,True
e0fa5cd8786faaf7c24639294783fe77,D:\prostat\train_images\e0fa5cd8786faaf7c24639294783fe77.tiff,True,True
8d5860e10e09ee25e066ee7fb699453d,D:\prostat\train_images\8d5860e10e09ee25e066ee7fb699453d.tiff,True,True
7f1d716f6d571e3a9aece85c67774b33,D:\prostat\train_images\7f1d716f6d571e3a9aece85c67774b33.tiff,True,True
c245396d5fb0a528ae2983ca28fca472,D:\prostat\train_images\c245396d5fb0a528ae2983ca28fca472.tiff,True,True
ac2980962fa337ca0527b396bc62cf07,D:\prostat\train_images\ac2980962fa337ca0527b396bc62cf07.tiff,True,True
b887c69ecbc724b367ec91bda0b3d34e,D:\prostat\train_images\b887c69ecbc724b367ec91bda0b3d34e.tiff,True,True
835c2db7726b399c38e5e53f1c326ab6,D:\prostat\train_images\835c2db7726b399c38e5e53f1c326ab6.tiff,True,True
3533ae4b2d7f1502831838390504af3a,D:\prostat\train_images\3533ae4b2d7f1502831838390504af3a.tiff,True,True
2558bc957c387115a0bceee1f18f0bd9,D:\prostat\train_images\2558bc957c387115a0bceee1f18f0bd9.tiff,True,True
99b5e6120fe11690a3f36994f2dba580,D:\prostat\train_images\99b5e6120fe11690a3f36994f2dba580.tiff,True,True
a87bddaf67f7f888914f5f9590560c47,D:\prostat\train_images\a87bddaf67f7f888914f5f9590560c47.tiff,True,True
96a65a6ddc0ff8bac4231b50957ab64c,D:\prostat\train_images\96a65a6ddc0ff8bac4231b50957ab64c.tiff,True,True
f02a67a1b405d1462ad124f5b03d5b4e,D:\prostat\train_images\f02a67a1b405d1462ad124f5b03d5b4e.tiff,True,True
b8cd70127a58acedf762d9150f227723,D:\prostat\train_images\b8cd70127a58acedf762d9150f227723.tiff,True,True
5f712fa46f7c0d69e8d9a4b6cd9327bc,D:\prostat\train_images\5f712fa46f7c0d69e8d9a4b6cd9327bc.tiff,True,True
8d6842e797f4edcbefa0e580a3e73fd5,D:\prostat\train_images\8d6842e797f4edcbefa0e580a3e73fd5.tiff,True,True
5033ea72b9d1901a6450bb7d21a1b062,D:\prostat\train_images\5033ea72b9d1901a6450bb7d21a1b062.tiff,True,True
847db624a7a975df11caca3c97743359,D:\prostat\train_images\847db624a7a975df11caca3c97743359.tiff,True,True
8e8e466ee8644a88c48ff4decef87949,D:\prostat\train_images\8e8e466ee8644a88c48ff4decef87949.tiff,True,True
1955abe61aaf0edc0a62aed6d25f00e5,D:\prostat\train_images\1955abe61aaf0edc0a62aed6d25f00e5.tiff,True,True
f162eb4058fba118b9d6923843b93c73,D:\prostat\train_images\f162eb4058fba118b9d6923843b93c73.tiff,True,True
38c6319c29001aba4db299be8dcfb874,D:\prostat\train_images\38c6319c29001aba4db299be8dcfb874.tiff,True,True
2d3325a54dddefa778af88a70e7d196d,D:\prostat\train_images\2d3325a54dddefa778af88a70e7d196d.tiff,True,True
476fcbf1978d1bca7e818ff1ff763ef0,D:\prostat\train_images\476fcbf1978d1bca7e818ff1ff763ef0.tiff,True,True
5619df86f52fe4db0cb874f07166e2ea,D:\prostat\train_images\5619df86f52fe4db0cb874f07166e2ea.tiff,True,True
cb1a32f1ba7386723f1ade48af77ec24,D:\prostat\train_images\cb1a32f1ba7386723f1ade48af77ec24.tiff,True,True
522ba29396cc5b28294738ff91bbce1d,D:\prostat\train_images\522ba29396cc5b28294738ff91bbce1d.tiff,True,True
5121187bc98e8e74d926c47644cdcf7b,D:\prostat\train_images\5121187bc98e8e74d926c47644cdcf7b.tiff,True,True
c65fcde885b4f231d03cefb0fc75f4fa,D:\prostat\train_images\c65fcde885b4f231d03cefb0fc75f4fa.tiff,True,True
003d4dd6bd61221ebc0bfb9350db333f,D:\prostat\train_images\003d4dd6bd61221ebc0bfb9350db333f.tiff,True,True
9c04e2858149df8ba60cf7560ef9d50c,D:\prostat\train_images\9c04e2858149df8ba60cf7560ef9d50c.tiff,True,True
aa3823fe81947ebf35daa0b90af7bbc2,D:\prostat\train_images\aa3823fe81947ebf35daa0b90af7bbc2.tiff,True,True
5c1b69f90894b89741cc22d135dd14c7,D:\prostat\train_images\5c1b69f90894b89741cc22d135dd14c7.tiff,True,True
957b6739a057adf1eef9ff91f31afe43,D:\prostat\train_images\957b6739a057adf1eef9ff91f31afe43.tiff,True,True
135e69f222d3c272fd97a5914341065f,D:\prostat\train_images\135e69f222d3c272fd97a5914341065f.tiff,True,True
68bac3f122302678533ae694a3771631,D:\prostat\train_images\68bac3f122302678533ae694a3771631.tiff,True,True
3eb04543a5cd878e7590ac3e453d1b2d,D:\prostat\train_images\3eb04543a5cd878e7590ac3e453d1b2d.tiff,True,True
25caa73d08a34c0bedd8034cb4a623b5,D:\prostat\train_images\25caa73d08a34c0bedd8034cb4a623b5.tiff,True,True
a37fce1f9bf89a23e99ff436d8c3710f,D:\prostat\train_images\a37fce1f9bf89a23e99ff436d8c3710f.tiff,True,True
b73bbfdac8fa640a792316345615b313,D:\prostat\train_images\b73bbfdac8fa640a792316345615b313.tiff,True,True
084240df70f5d10ade5f913e7ec86637,D:\prostat\train_images\084240df70f5d10ade5f913e7ec86637.tiff,True,True
3e52207d9b9e15dd09d12b56f67d00b4,D:\prostat\train_images\3e52207d9b9e15dd09d12b56f67d00b4.tiff,True,True
30fda2983d8f3111e475d0d859068081,D:\prostat\train_images\30fda2983d8f3111e475d0d859068081.tiff,True,True
964e3c2fc696bb6d6147b24dacabd54d,D:\prostat\train_images\964e3c2fc696bb6d6147b24dacabd54d.tiff,True,True
18566c8e26d5b14f599fc92acec008e0,D:\prostat\train_images\18566c8e26d5b14f599fc92acec008e0.tiff,True,True
d375f524d50db8fcf857eadcb70ef5d1,D:\prostat\train_images\d375f524d50db8fcf857eadcb70ef5d1.tiff,True,True
7f8e10f3342e3763a4251fbde58ba92e,D:\prostat\train_images\7f8e10f3342e3763a4251fbde58ba92e.tiff,True,True
8232ec43fe448f679d7f6e959ae51dfa,D:\prostat\train_images\8232ec43fe448f679d7f6e959ae51dfa.tiff,True,True
e3a26222873878047740a3d40ce041ee,D:\prostat\train_images\e3a26222873878047740a3d40ce041ee.tiff,True,True
aadf3a115d8d11e9dca722fbc2f8b783,D:\prostat\train_images\aadf3a115d8d11e9dca722fbc2f8b783.tiff,True,True
45e450648c66601b514e55a12ef4fb65,D:\prostat\train_images\45e450648c66601b514e55a12ef4fb65.tiff,True,True
eddadc595e0ea2588685f4ad22c3fe87,D:\prostat\train_images\eddadc595e0ea2588685f4ad22c3fe87.tiff,True,True
2c0af08d3020cc2b6f2ce7eba581b84f,D:\prostat\train_images\2c0af08d3020cc2b6f2ce7eba581b84f.tiff,True,True
1467d804990bad99d1c553ca5a007ecc,D:\prostat\train_images\1467d804990bad99d1c553ca5a007ecc.tiff,True,True
b4e8ce3fdf69e46eac26d7282e2af0c0,D:\prostat\train_images\b4e8ce3fdf69e46eac26d7282e2af0c0.tiff,True,True
afeba5186c7d74ca11169ccc018553d9,D:\prostat\train_images\afeba5186c7d74ca11169ccc018553d9.tiff,True,True
b400faab1b977e101b1af975fb5b90cb,D:\prostat\train_images\b400faab1b977e101b1af975fb5b90cb.tiff,True,True
a6497dd3f1c7735036467c84b30748c4,D:\prostat\train_images\a6497dd3f1c7735036467c84b30748c4.tiff,True,True
ebec55b101d0f038aa52b6c5f83bba0b,D:\prostat\train_images\ebec55b101d0f038aa52b6c5f83bba0b.tiff,True,True
3f47454ead9fcb0cdca1638d557a0954,D:\prostat\train_images\3f47454ead9fcb0cdca1638d557a0954.tiff,True,True
1d423b8701a1b47e4076ed303562ac9b,D:\prostat\train_images\1d423b8701a1b47e4076ed303562ac9b.tiff,True,True
422a2040b0229adc6d3966e748805913,D:\prostat\train_images\422a2040b0229adc6d3966e748805913.tiff,True,True
bec5308ba37fe8d4f33f5d343968a0a3,D:\prostat\train_images\bec5308ba37fe8d4f33f5d343968a0a3.tiff,True,True
5efaa05e7bf93a2c91c7c2592dcb8b64,D:\prostat\train_images\5efaa05e7bf93a2c91c7c2592dcb8b64.tiff,True,True
35d511cc9aa867856fadbe6ebf464d78,D:\prostat\train_images\35d511cc9aa867856fadbe6ebf464d78.tiff,True,True
3d8d028bd6c5663eb4721bd74002000b,D:\prostat\train_images\3d8d028bd6c5663eb4721bd74002000b.tiff,True,True
515ce34b358e95eb8f535cbe05fb025e,D:\prostat\train_images\515ce34b358e95eb8f535cbe05fb025e.tiff,True,True
5a599e2b3cb03e9525de22d1c27f4ed5,D:\prostat\train_images\5a599e2b3cb03e9525de22d1c27f4ed5.tiff,True,True
17364682bc0141eab397828f49642a60,D:\prostat\train_images\17364682bc0141eab397828f49642a60.tiff,True,True
500aeddc89cbf4ee0fdc35bec81f756c,D:\prostat\train_images\500aeddc89cbf4ee0fdc35bec81f756c.tiff,True,True
6dcb18dd02dacd979a9610cc18c0d213,D:\prostat\train_images\6dcb18dd02dacd979a9610cc18c0d213.tiff,True,True
e4778d4b43e8e8877770edbfb2d4b3c1,D:\prostat\train_images\e4778d4b43e8e8877770edbfb2d4b3c1.tiff,True,True
ed8116907ae5d014f5148edc44193963,D:\prostat\train_images\ed8116907ae5d014f5148edc44193963.tiff,True,True
87667e72b7fa0491a09fc9555894bfbe,D:\prostat\train_images\87667e72b7fa0491a09fc9555894bfbe.tiff,True,True
bca42350673fb369f1fdbb6918bff701,D:\prostat\train_images\bca42350673fb369f1fdbb6918bff701.tiff,True,True
7d7bc454fd3133539074f065037ef04d,D:\prostat\train_images\7d7bc454fd3133539074f065037ef04d.tiff,True,True
70084ac115617e9243c963abc3295fac,D:\prostat\train_images\70084ac115617e9243c963abc3295fac.tiff,True,True
2626d578899ee91a14a09bab13ae8b07,D:\prostat\train_images\2626d578899ee91a14a09bab13ae8b07.tiff,True,True
c6fa851e98eb9d30d6cd93f3b8c0eed7,D:\prostat\train_images\c6fa851e98eb9d30d6cd93f3b8c0eed7.tiff,True,True
09a0147a0d752216ce2c77c828bfc14b,D:\prostat\train_images\09a0147a0d752216ce2c77c828bfc14b.tiff,True,True
42cb627feeceb770537e6c322c763dbf,D:\prostat\train_images\42cb627feeceb770537e6c322c763dbf.tiff,True,True
25793bdf166c37d6d462ff0f0cfc5b15,D:\prostat\train_images\25793bdf166c37d6d462ff0f0cfc5b15.tiff,True,True
bb2fb7ab470f27bfd02dd9a42b6c5255,D:\prostat\train_images\bb2fb7ab470f27bfd02dd9a42b6c5255.tiff,True,True
527294c6bc1e0f537a259c8dcc35406d,D:\prostat\train_images\527294c6bc1e0f537a259c8dcc35406d.tiff,True,True
efe82d2ca33e6463e5b5b5dd46e1ce34,D:\prostat\train_images\efe82d2ca33e6463e5b5b5dd46e1ce34.tiff,True,True
8a62c7e1f8070d642c7de7156dcf55bb,D:\prostat\train_images\8a62c7e1f8070d642c7de7156dcf55bb.tiff,True,True
be4ed7eb6be88b0c859a7dbdea0c90fc,D:\prostat\train_images\be4ed7eb6be88b0c859a7dbdea0c90fc.tiff,True,True
ef55278e83dc8ce2b214880eb444d59d,D:\prostat\train_images\ef55278e83dc8ce2b214880eb444d59d.tiff,True,True
cfa2929b3aca993d085fba960b7da156,D:\prostat\train_images\cfa2929b3aca993d085fba960b7da156.tiff,True,True
cca735c397880e88192e97d68b97754e,D:\prostat\train_images\cca735c397880e88192e97d68b97754e.tiff,True,True
b8f8ccffefda42fbe46878921e9d1194,D:\prostat\train_images\b8f8ccffefda42fbe46878921e9d1194.tiff,True,True
709bc21ccabfc241df80244c45f930a8,D:\prostat\train_images\709bc21ccabfc241df80244c45f930a8.tiff,True,True
6259bdf29094e9a832bb47b970ff8cce,D:\prostat\train_images\6259bdf29094e9a832bb47b970ff8cce.tiff,True,True
432589e7402d6d79d3d37131db002d54,D:\prostat\train_images\432589e7402d6d79d3d37131db002d54.tiff,True,True
6210281e975f738e94a5643d366e3b09,D:\prostat\train_images\6210281e975f738e94a5643d366e3b09.tiff,True,True
3e732d5a09c2dda7ecdedc6662475e90,D:\prostat\train_images\3e732d5a09c2dda7ecdedc6662475e90.tiff,True,True
2466cb378b2949fca28ffb83050d151a,D:\prostat\train_images\2466cb378b2949fca28ffb83050d151a.tiff,True,True
c65fd39c70f465b486e67d64d320d778,D:\prostat\train_images\c65fd39c70f465b486e67d64d320d778.tiff,True,True
d9652aa1aed6ef06e2c1f8181b734d9e,D:\prostat\train_images\d9652aa1aed6ef06e2c1f8181b734d9e.tiff,True,True
c8facc7f23303f74bb3ae3101a878bdf,D:\prostat\train_images\c8facc7f23303f74bb3ae3101a878bdf.tiff,True,True
0ecca6926d339cd17e1c3bdb3a6bdc18,D:\prostat\train_images\0ecca6926d339cd17e1c3bdb3a6bdc18.tiff,True,True
8685b6e382786e031881297b2bf4ae7e,D:\prostat\train_images\8685b6e382786e031881297b2bf4ae7e.tiff,True,True
c377e5b8934beca956bfb45df7918062,D:\prostat\train_images\c377e5b8934beca956bfb45df7918062.tiff,True,True
54092d5c32d1e285f2b39d91515592bb,D:\prostat\train_images\54092d5c32d1e285f2b39d91515592bb.tiff,True,True
a08e24cff451d628df797efc4343e13c,D:\prostat\train_images\a08e24cff451d628df797efc4343e13c.tiff,True,True
441b527337da4319cf700b6e7da9fa0c,D:\prostat\train_images\441b527337da4319cf700b6e7da9fa0c.tiff,True,True
b376a3dc044849448f2fa1665243a840,D:\prostat\train_images\b376a3dc044849448f2fa1665243a840.tiff,True,True
ea7279a8827f8457425682d436da34bb,D:\prostat\train_images\ea7279a8827f8457425682d436da34bb.tiff,True,True
2470531626032d9f836359f11fd4fdf7,D:\prostat\train_images\2470531626032d9f836359f11fd4fdf7.tiff,True,True
fa185cbfa3c6bb40a7dd0397b88539d9,D:\prostat\train_images\fa185cbfa3c6bb40a7dd0397b88539d9.tiff,True,True
ea295f8383b74ad29cf5ba2daea89f98,D:\prostat\train_images\ea295f8383b74ad29cf5ba2daea89f98.tiff,True,True
c7ddeaad5609cc586d0668dd9a9f9dcf,D:\prostat\train_images\c7ddeaad5609cc586d0668dd9a9f9dcf.tiff,True,True
4bdfeb052093c3152b15636f2500e369,D:\prostat\train_images\4bdfeb052093c3152b15636f2500e369.tiff,True,True
b398c381f4263375bfba1da2649a1eaa,D:\prostat\train_images\b398c381f4263375bfba1da2649a1eaa.tiff,True,True
38578e1a762a89a984852be20d3e0386,D:\prostat\train_images\38578e1a762a89a984852be20d3e0386.tiff,True,True
08feee903e2c1828e1ba8599941f4f63,D:\prostat\train_images\08feee903e2c1828e1ba8599941f4f63.tiff,True,True
3e6e4a8f49b190ff3656c6cb85dae975,D:\prostat\train_images\3e6e4a8f49b190ff3656c6cb85dae975.tiff,True,True
324f605f884d850b88a4fb5db437eb1c,D:\prostat\train_images\324f605f884d850b88a4fb5db437eb1c.tiff,True,True
0bfe4af623f6be66a82289e411320773,D:\prostat\train_images\0bfe4af623f6be66a82289e411320773.tiff,True,True
8dd1d17e02123008c58b1ab3652a613f,D:\prostat\train_images\8dd1d17e02123008c58b1ab3652a613f.tiff,True,True
4f8c97e95011e0949b32fb9f3118177a,D:\prostat\train_images\4f8c97e95011e0949b32fb9f3118177a.tiff,True,True
8001484017154333b90372d0055508b8,D:\prostat\train_images\8001484017154333b90372d0055508b8.tiff,True,True
755150712ebcc2df72627e68797009cd,D:\prostat\train_images\755150712ebcc2df72627e68797009cd.tiff,True,True
69676730e88305744485887397538d30,D:\prostat\train_images\69676730e88305744485887397538d30.tiff,True,True
b722cd84457f0bccaefc5a6834245b9e,D:\prostat\train_images\b722cd84457f0bccaefc5a6834245b9e.tiff,True,True
30b055a2178ca6019b4d891dfe253e6f,D:\prostat\train_images\30b055a2178ca6019b4d891dfe253e6f.tiff,True,True
0ab626bb7e1eb8c7b1eb6ac3fb129349,D:\prostat\train_images\0ab626bb7e1eb8c7b1eb6ac3fb129349.tiff,True,True
b168c7aff6ddf56a19625abf2803744c,D:\prostat\train_images\b168c7aff6ddf56a19625abf2803744c.tiff,True,True
1febe89c017446eadebd0fce9a68b537,D:\prostat\train_images\1febe89c017446eadebd0fce9a68b537.tiff,True,True
6cff031b8d7dd8c2cf34364ad1ee6c1a,D:\prostat\train_images\6cff031b8d7dd8c2cf34364ad1ee6c1a.tiff,True,True
75bf452b6730d6e41a189540bae2129e,D:\prostat\train_images\75bf452b6730d6e41a189540bae2129e.tiff,True,True
deeb50b02c8697f44cfef9bc2cebd937,D:\prostat\train_images\deeb50b02c8697f44cfef9bc2cebd937.tiff,True,True
90f76a1838fa7aa6f0f5e77777b2b4f2,D:\prostat\train_images\90f76a1838fa7aa6f0f5e77777b2b4f2.tiff,True,True
fe69363581685271a5706044447373a6,D:\prostat\train_images\fe69363581685271a5706044447373a6.tiff,True,True
ad76e07722e49a0a0a57446de01c5e91,D:\prostat\train_images\ad76e07722e49a0a0a57446de01c5e91.tiff,True,True
e76c7b4cbca487702e96526bf01bc165,D:\prostat\train_images\e76c7b4cbca487702e96526bf01bc165.tiff,True,True
00ee879798782aca1248baa9132d7307,D:\prostat\train_images\00ee879798782aca1248baa9132d7307.tiff,True,True
0e37381aa92c289f168388fb6a332b8c,D:\prostat\train_images\0e37381aa92c289f168388fb6a332b8c.tiff,True,True
2ca7ad8da2140efde3184d5fb4d3d5d2,D:\prostat\train_images\2ca7ad8da2140efde3184d5fb4d3d5d2.tiff,True,True
550e7bb1a7330b015e52b7fef89127eb,D:\prostat\train_images\550e7bb1a7330b015e52b7fef89127eb.tiff,True,True
13676e50355c7661e2e2745ecbe2cb7a,D:\prostat\train_images\13676e50355c7661e2e2745ecbe2cb7a.tiff,True,True
c14b6d70673f900385abbed2703501bb,D:\prostat\train_images\c14b6d70673f900385abbed2703501bb.tiff,True,True
eb879c95e942688b2fde3061e313e5b8,D:\prostat\train_images\eb879c95e942688b2fde3061e313e5b8.tiff,True,True
79c3e138e65b4bcabc078bb94f13ac0f,D:\prostat\train_images\79c3e138e65b4bcabc078bb94f13ac0f.tiff,True,True
7aa2c45fdc9434e85965643dbc10093f,D:\prostat\train_images\7aa2c45fdc9434e85965643dbc10093f.tiff,True,True
b7a9d9c0b19c2e44097dfd62b5889310,D:\prostat\train_images\b7a9d9c0b19c2e44097dfd62b5889310.tiff,True,True
3c8b636f1d0af8f8e4d5cfa2479b4069,D:\prostat\train_images\3c8b636f1d0af8f8e4d5cfa2479b4069.tiff,True,True
2c64c620bb90c077032831ccc57361dd,D:\prostat\train_images\2c64c620bb90c077032831ccc57361dd.tiff,True,True
c2701c13451133bb51ae89e03f77e88d,D:\prostat\train_images\c2701c13451133bb51ae89e03f77e88d.tiff,True,True
30703edaf3bf39b0d04685f0f0a1d43b,D:\prostat\train_images\30703edaf3bf39b0d04685f0f0a1d43b.tiff,True,True
fa8e46763423d4ffd6830c67df94a9da,D:\prostat\train_images\fa8e46763423d4ffd6830c67df94a9da.tiff,True,True
f0ecf0bcc2f83eb9226220a80230f44f,D:\prostat\train_images\f0ecf0bcc2f83eb9226220a80230f44f.tiff,True,True
5ba77a03901ebd78457cafea98211001,D:\prostat\train_images\5ba77a03901ebd78457cafea98211001.tiff,True,True
999a911f00a8647b3603859bf62c8c11,D:\prostat\train_images\999a911f00a8647b3603859bf62c8c11.tiff,True,True
5defe2d09b6802c65d28af7d80ebf788,D:\prostat\train_images\5defe2d09b6802c65d28af7d80ebf788.tiff,True,True
11253234dfdb3f8252246a66f3440d6f,D:\prostat\train_images\11253234dfdb3f8252246a66f3440d6f.tiff,True,True
d415c5d834b992fdc0ad3bcc9fdac22f,D:\prostat\train_images\d415c5d834b992fdc0ad3bcc9fdac22f.tiff,True,True
85b43e64b68fce39237fcfaf32d5a7d7,D:\prostat\train_images\85b43e64b68fce39237fcfaf32d5a7d7.tiff,True,True
29cf9fd036abf9bb241580d247b39b1b,D:\prostat\train_images\29cf9fd036abf9bb241580d247b39b1b.tiff,True,True
7b3815c05f7c7ad8535eefd39db806c1,D:\prostat\train_images\7b3815c05f7c7ad8535eefd39db806c1.tiff,True,True
9212335e35c3c551a8c6318f772bdad3,D:\prostat\train_images\9212335e35c3c551a8c6318f772bdad3.tiff,True,True
a62919a6ef21aba9bbf14e725f882b8e,D:\prostat\train_images\a62919a6ef21aba9bbf14e725f882b8e.tiff,True,True
d341e19a76135d79774f19f5e9ecc5a9,D:\prostat\train_images\d341e19a76135d79774f19f5e9ecc5a9.tiff,True,True
fe78f239c395dbce8631e211cd4e32e6,D:\prostat\train_images\fe78f239c395dbce8631e211cd4e32e6.tiff,True,True
59c75ad5b178f5f2860deef480d6837b,D:\prostat\train_images\59c75ad5b178f5f2860deef480d6837b.tiff,True,True
b55cae845662dfb081970488f46909fb,D:\prostat\train_images\b55cae845662dfb081970488f46909fb.tiff,True,True
7dcb52d4a04fcb59f5596ca381ffad29,D:\prostat\train_images\7dcb52d4a04fcb59f5596ca381ffad29.tiff,True,True
194066dc552ca10537a8aa68fbf1f65b,D:\prostat\train_images\194066dc552ca10537a8aa68fbf1f65b.tiff,True,True
51ff3767b587bc0e3d8bf9252fe7e1d0,D:\prostat\train_images\51ff3767b587bc0e3d8bf9252fe7e1d0.tiff,True,True
e78a43e9cbfaae34ae2ad4929f2f8bcd,D:\prostat\train_images\e78a43e9cbfaae34ae2ad4929f2f8bcd.tiff,True,True
8434a27f3a5aa65aac6fd2728c31297e,D:\prostat\train_images\8434a27f3a5aa65aac6fd2728c31297e.tiff,True,True
ce07aae37ab28e6276bcab332a9706c9,D:\prostat\train_images\ce07aae37ab28e6276bcab332a9706c9.tiff,True,True
8520e95c49091fe5676146fcedfb3793,D:\prostat\train_images\8520e95c49091fe5676146fcedfb3793.tiff,True,True
41a057757b0520ff53068b6dcce9731e,D:\prostat\train_images\41a057757b0520ff53068b6dcce9731e.tiff,True,True
41af23f874b24065edef2718cde47395,D:\prostat\train_images\41af23f874b24065edef2718cde47395.tiff,True,True
453dc2fc4fc4115d00bf6a44d4311952,D:\prostat\train_images\453dc2fc4fc4115d00bf6a44d4311952.tiff,True,True
c1b2ec5ced6e0232ca1cff1c559234f2,D:\prostat\train_images\c1b2ec5ced6e0232ca1cff1c559234f2.tiff,True,True
da396e7a0a8a7c46f3e10c1ecf71459b,D:\prostat\train_images\da396e7a0a8a7c46f3e10c1ecf71459b.tiff,True,True
3aab40b14fab46f52f53a5f85bf8ea34,D:\prostat\train_images\3aab40b14fab46f52f53a5f85bf8ea34.tiff,True,True
95c2d3c62a1958314c31967600e736ee,D:\prostat\train_images\95c2d3c62a1958314c31967600e736ee.tiff,True,True
e3002210b3ff23cc6121c6fe8be4b2d9,D:\prostat\train_images\e3002210b3ff23cc6121c6fe8be4b2d9.tiff,True,True
4ab8281e038c2ca2f391b11d65e4366b,D:\prostat\train_images\4ab8281e038c2ca2f391b11d65e4366b.tiff,True,True
018eabc8f4503ab89d0725b430e4808f,D:\prostat\train_images\018eabc8f4503ab89d0725b430e4808f.tiff,True,True
ddf06dd9077624ccb2f52777ade0e0b1,D:\prostat\train_images\ddf06dd9077624ccb2f52777ade0e0b1.tiff,True,True
5f171365f520e179ee080df12dd0330e,D:\prostat\train_images\5f171365f520e179ee080df12dd0330e.tiff,True,True
a6186d1386a1b5bb55de5711b293bc26,D:\prostat\train_images\a6186d1386a1b5bb55de5711b293bc26.tiff,True,True
c3145055564aaf6c2ecea73a04bbe476,D:\prostat\train_images\c3145055564aaf6c2ecea73a04bbe476.tiff,True,True
24b5ae892c0ba535fc16f5cddcbf8dcd,D:\prostat\train_images\24b5ae892c0ba535fc16f5cddcbf8dcd.tiff,True,True
0a14e008bce3dbcce2470ca1123bd565,D:\prostat\train_images\0a14e008bce3dbcce2470ca1123bd565.tiff,True,True
60d9a3ab35617fe5ff59e006d176657e,D:\prostat\train_images\60d9a3ab35617fe5ff59e006d176657e.tiff,True,True
fdc20a833738385bedbdfdabe9721bde,D:\prostat\train_images\fdc20a833738385bedbdfdabe9721bde.tiff,True,True
e28b4d3bc97a2a495b2f491813036776,D:\prostat\train_images\e28b4d3bc97a2a495b2f491813036776.tiff,True,True
c0198f7f142f6c3b812ba2f7917c17e3,D:\prostat\train_images\c0198f7f142f6c3b812ba2f7917c17e3.tiff,True,True
09a9f7497e6ba14eb0a12388ca17540d,D:\prostat\train_images\09a9f7497e6ba14eb0a12388ca17540d.tiff,True,True
b912445f14c14f0583f573db5be18d7a,D:\prostat\train_images\b912445f14c14f0583f573db5be18d7a.tiff,True,True
53ea5387fb7a5ed7ba9252123ed8e122,D:\prostat\train_images\53ea5387fb7a5ed7ba9252123ed8e122.tiff,True,True
e0c2ac1e8919079234c7d0b9df13adff,D:\prostat\train_images\e0c2ac1e8919079234c7d0b9df13adff.tiff,True,True
8b126306391fa2af0f8bea265f2c9666,D:\prostat\train_images\8b126306391fa2af0f8bea265f2c9666.tiff,True,True
4d1dc70143798d122476599ffc3df68b,D:\prostat\train_images\4d1dc70143798d122476599ffc3df68b.tiff,True,True
3179817b3335bbbb5af4adafb46ed8dc,D:\prostat\train_images\3179817b3335bbbb5af4adafb46ed8dc.tiff,True,True
60e51083a75aa5283aadde7f110df48e,D:\prostat\train_images\60e51083a75aa5283aadde7f110df48e.tiff,True,True
0b48fb4285d6ca230e336ec49d89304a,D:\prostat\train_images\0b48fb4285d6ca230e336ec49d89304a.tiff,True,True
23d7454cc9f8a4a5e26b4ddec0382eb9,D:\prostat\train_images\23d7454cc9f8a4a5e26b4ddec0382eb9.tiff,True,True
89f8bfd1bbefd9ed29720eee5713b2c9,D:\prostat\train_images\89f8bfd1bbefd9ed29720eee5713b2c9.tiff,True,True
40b2f139228855bf5f5551e8bd872ef5,D:\prostat\train_images\40b2f139228855bf5f5551e8bd872ef5.tiff,True,True
1b827e1b8a49b6f59b4ccad9d6323e57,D:\prostat\train_images\1b827e1b8a49b6f59b4ccad9d6323e57.tiff,True,True
f9caed448e138e702ee5a2c906a671fc,D:\prostat\train_images\f9caed448e138e702ee5a2c906a671fc.tiff,True,True
2287f90162ce46f3e2d211ca1f1e455c,D:\prostat\train_images\2287f90162ce46f3e2d211ca1f1e455c.tiff,True,True
85e75a3633a7c70abd7d959ff6ee12d0,D:\prostat\train_images\85e75a3633a7c70abd7d959ff6ee12d0.tiff,True,True
4ef1c36d1a970ae4f2aeb47b14190afe,D:\prostat\train_images\4ef1c36d1a970ae4f2aeb47b14190afe.tiff,True,True
30515517119578d33d884c8bba103079,D:\prostat\train_images\30515517119578d33d884c8bba103079.tiff,True,True
2d476f44e80b5536c71dc3793b0a2bc9,D:\prostat\train_images\2d476f44e80b5536c71dc3793b0a2bc9.tiff,True,True
a762752f39d1c1b4b5c0aa7cc7f98364,D:\prostat\train_images\a762752f39d1c1b4b5c0aa7cc7f98364.tiff,True,True
4109239802a75ae8b59ea12c6f0a31b8,D:\prostat\train_images\4109239802a75ae8b59ea12c6f0a31b8.tiff,True,True
30e85f5810d4b790b17fa0c3b9ac0437,D:\prostat\train_images\30e85f5810d4b790b17fa0c3b9ac0437.tiff,True,True
63d658e884c126ee082316a9b764cc0e,D:\prostat\train_images\63d658e884c126ee082316a9b764cc0e.tiff,True,True
7ab654bd45dc4f11910a986561259bef,D:\prostat\train_images\7ab654bd45dc4f11910a986561259bef.tiff,True,True
560e4f17e8b93958846f1186eb720f76,D:\prostat\train_images\560e4f17e8b93958846f1186eb720f76.tiff,True,True
73b0a645fdadb31c74ffba963d4350bc,D:\prostat\train_images\73b0a645fdadb31c74ffba963d4350bc.tiff,True,True
be02458edbd06696094ebb229a9d0d37,D:\prostat\train_images\be02458edbd06696094ebb229a9d0d37.tiff,True,True
927c2a546b259db4cf43652d7894db61,D:\prostat\train_images\927c2a546b259db4cf43652d7894db61.tiff,True,True
3b67a134303b04e051676227c1f8c8bd,D:\prostat\train_images\3b67a134303b04e051676227c1f8c8bd.tiff,True,True
ab8f0f3ec7c9365d0293365bf16f7862,D:\prostat\train_images\ab8f0f3ec7c9365d0293365bf16f7862.tiff,True,True
05f79307ac65a11d52caeada92e68949,D:\prostat\train_images\05f79307ac65a11d52caeada92e68949.tiff,True,True
448886cc21e672bbf711badd2d5b01da,D:\prostat\train_images\448886cc21e672bbf711badd2d5b01da.tiff,True,True
5ad5cca8bc4c96585d42a6f8369be1e7,D:\prostat\train_images\5ad5cca8bc4c96585d42a6f8369be1e7.tiff,True,True
b88c51aa5a61b5d36c12dd91f7b8fba8,D:\prostat\train_images\b88c51aa5a61b5d36c12dd91f7b8fba8.tiff,True,True
afc64d05b77db622ebdfffa969315d3e,D:\prostat\train_images\afc64d05b77db622ebdfffa969315d3e.tiff,True,True
1e820904c1e4c84e7e11162145c5bc2c,D:\prostat\train_images\1e820904c1e4c84e7e11162145c5bc2c.tiff,True,True
7d581d0082d6ee0a32165b0f8fe216d8,D:\prostat\train_images\7d581d0082d6ee0a32165b0f8fe216d8.tiff,True,True
4f066c3230d1e0d5f38a1837ea1a86e6,D:\prostat\train_images\4f066c3230d1e0d5f38a1837ea1a86e6.tiff,True,True
a5fafb0a3acf7f9e59d4a2549935798a,D:\prostat\train_images\a5fafb0a3acf7f9e59d4a2549935798a.tiff,True,True
ffac6d538449832cbecba2c4f4908dfa,D:\prostat\train_images\ffac6d538449832cbecba2c4f4908dfa.tiff,True,True
aba574a94fb785b55d302e82a61b34a2,D:\prostat\train_images\aba574a94fb785b55d302e82a61b34a2.tiff,True,True
1990f9eb40f798dcb50f7fad287c0e28,D:\prostat\train_images\1990f9eb40f798dcb50f7fad287c0e28.tiff,True,True
fd8928cd1f06f33ff00e32f19c58abd3,D:\prostat\train_images\fd8928cd1f06f33ff00e32f19c58abd3.tiff,True,True
cab3be5d1206bf586249afffb74ab846,D:\prostat\train_images\cab3be5d1206bf586249afffb74ab846.tiff,True,True
d1c55a74d360f72ccb9581e85a3ec08e,D:\prostat\train_images\d1c55a74d360f72ccb9581e85a3ec08e.tiff,True,True
0f955260121c6c2f54e1301e8c738153,D:\prostat\train_images\0f955260121c6c2f54e1301e8c738153.tiff,True,True
757b7b672e19cfa1350f8477f4b5d66e,D:\prostat\train_images\757b7b672e19cfa1350f8477f4b5d66e.tiff,True,True
dff54f797769512965d5e494c0339a3b,D:\prostat\train_images\dff54f797769512965d5e494c0339a3b.tiff,True,True
9e104a2cb4673ca26e8bd8e9da71e895,D:\prostat\train_images\9e104a2cb4673ca26e8bd8e9da71e895.tiff,True,True
372a24a9557322762bb693777a3acd8e,D:\prostat\train_images\372a24a9557322762bb693777a3acd8e.tiff,True,True
85625c85e373a173e14ef00da2e5218d,D:\prostat\train_images\85625c85e373a173e14ef00da2e5218d.tiff,True,True
1bf0cb1e3f0b2ce35b9b0a406cd225c5,D:\prostat\train_images\1bf0cb1e3f0b2ce35b9b0a406cd225c5.tiff,True,True
186792e327f31fd011b9fced9de8f667,D:\prostat\train_images\186792e327f31fd011b9fced9de8f667.tiff,True,True
7907a6d9eb98127ed4906b37b5f52c7b,D:\prostat\train_images\7907a6d9eb98127ed4906b37b5f52c7b.tiff,True,True
8dafcf8fe216a675953bddb06de7a3f0,D:\prostat\train_images\8dafcf8fe216a675953bddb06de7a3f0.tiff,True,True
1412a0c38eb545dd5eda231c3236fa9b,D:\prostat\train_images\1412a0c38eb545dd5eda231c3236fa9b.tiff,True,True
9d8ab96e43f381bff9816daee10b7100,D:\prostat\train_images\9d8ab96e43f381bff9816daee10b7100.tiff,True,True
0b353bfc9df3fc5534511a8295e40046,D:\prostat\train_images\0b353bfc9df3fc5534511a8295e40046.tiff,True,True
5f537ae857febf9281dd301fd9ccb5f2,D:\prostat\train_images\5f537ae857febf9281dd301fd9ccb5f2.tiff,True,True
05b09773ad1b34275f0b5adee3c650ab,D:\prostat\train_images\05b09773ad1b34275f0b5adee3c650ab.tiff,True,True
d38023a1ae94edce5f0ef2d2043bd17e,D:\prostat\train_images\d38023a1ae94edce5f0ef2d2043bd17e.tiff,True,True
87f911e13431605386cb4a32367e74f0,D:\prostat\train_images\87f911e13431605386cb4a32367e74f0.tiff,True,True
0fb9b3a05b5cdf37f6c20513c4075d3c,D:\prostat\train_images\0fb9b3a05b5cdf37f6c20513c4075d3c.tiff,True,True
1ab5733eafcd0a2baede5e06d4195915,D:\prostat\train_images\1ab5733eafcd0a2baede5e06d4195915.tiff,True,True
15447547cf8a987a2281f9283358eac3,D:\prostat\train_images\15447547cf8a987a2281f9283358eac3.tiff,True,True
c0fe404fe0a24f435d7edd6b3e189768,D:\prostat\train_images\c0fe404fe0a24f435d7edd6b3e189768.tiff,True,True
7c879895184685f2ade71c54e63960d8,D:\prostat\train_images\7c879895184685f2ade71c54e63960d8.tiff,True,True
b84c958d1f314cf598e6c522f6b24994,D:\prostat\train_images\b84c958d1f314cf598e6c522f6b24994.tiff,True,True
da781e50e8bab82212e5724e387f49f4,D:\prostat\train_images\da781e50e8bab82212e5724e387f49f4.tiff,True,True
e5fc40d67ca490bb598688f92a2eff6b,D:\prostat\train_images\e5fc40d67ca490bb598688f92a2eff6b.tiff,True,True
60a7d61d83daf00d50b8af18920cda3a,D:\prostat\train_images\60a7d61d83daf00d50b8af18920cda3a.tiff,True,True
098f7f7024f5c0de68e771c7273fc273,D:\prostat\train_images\098f7f7024f5c0de68e771c7273fc273.tiff,True,True
992494d03126bd7ffb678ab8f685a854,D:\prostat\train_images\992494d03126bd7ffb678ab8f685a854.tiff,True,True
e7638f9443ea67c64e7befcfb52d35f2,D:\prostat\train_images\e7638f9443ea67c64e7befcfb52d35f2.tiff,True,True
dec7208210f9996d08a183c271f8d827,D:\prostat\train_images\dec7208210f9996d08a183c271f8d827.tiff,True,True
db472dac70f0db6882e4cc92372c39e8,D:\prostat\train_images\db472dac70f0db6882e4cc92372c39e8.tiff,True,True
9469e763e512e05eca69e2e28b6f4ef7,D:\prostat\train_images\9469e763e512e05eca69e2e28b6f4ef7.tiff,True,True
a5694e9a3cdc76a58c9ad784e909abcf,D:\prostat\train_images\a5694e9a3cdc76a58c9ad784e909abcf.tiff,True,True
735ed10b9f870ff45482454f55b1d807,D:\prostat\train_images\735ed10b9f870ff45482454f55b1d807.tiff,True,True
b9be346a547053539266d97872b5c7ab,D:\prostat\train_images\b9be346a547053539266d97872b5c7ab.tiff,True,True
da0c4c33709fb5d3372c7e0685b6a767,D:\prostat\train_images\da0c4c33709fb5d3372c7e0685b6a767.tiff,True,True
a17e3c28db1efe5c03c927e64399f6aa,D:\prostat\train_images\a17e3c28db1efe5c03c927e64399f6aa.tiff,True,True
b1bbde48882fdba88cdb5b73c4246d8a,D:\prostat\train_images\b1bbde48882fdba88cdb5b73c4246d8a.tiff,True,True
434832e9d4adaa4aa96cb3ede61d66e3,D:\prostat\train_images\434832e9d4adaa4aa96cb3ede61d66e3.tiff,True,True
477aa0ab713992935286655f2798c8c5,D:\prostat\train_images\477aa0ab713992935286655f2798c8c5.tiff,True,True
b1fc28c48cb6e83e5015074c3b61ae65,D:\prostat\train_images\b1fc28c48cb6e83e5015074c3b61ae65.tiff,True,True
c5f3124ac85ffbb17d23593c96f96cb9,D:\prostat\train_images\c5f3124ac85ffbb17d23593c96f96cb9.tiff,True,True
fc276eb59d1ae3212d411c903167ea00,D:\prostat\train_images\fc276eb59d1ae3212d411c903167ea00.tiff,True,True
7f728a48a92ce32c073cf8d68338b2a4,D:\prostat\train_images\7f728a48a92ce32c073cf8d68338b2a4.tiff,True,True
733dbfd0b96484c20b09ecdc4e4b095c,D:\prostat\train_images\733dbfd0b96484c20b09ecdc4e4b095c.tiff,True,True
b648dd9ceb6d90df1768261a382ec687,D:\prostat\train_images\b648dd9ceb6d90df1768261a382ec687.tiff,True,True
512410e602e488f76eabc10127193362,D:\prostat\train_images\512410e602e488f76eabc10127193362.tiff,True,True
99d9afb22b65ea97fcd21ce67e1ddb6c,D:\prostat\train_images\99d9afb22b65ea97fcd21ce67e1ddb6c.tiff,True,True
ff20d2d7c321ffb900fdf00de6d2eefd,D:\prostat\train_images\ff20d2d7c321ffb900fdf00de6d2eefd.tiff,True,True
5930e03671314482e9aedb6050d1776d,D:\prostat\train_images\5930e03671314482e9aedb6050d1776d.tiff,True,True
f999e08da2e822cceea24d7201eec2bc,D:\prostat\train_images\f999e08da2e822cceea24d7201eec2bc.tiff,True,True
cbe083d6541a57bdcb503b33d94e6d8c,D:\prostat\train_images\cbe083d6541a57bdcb503b33d94e6d8c.tiff,True,True
5d884cc90873f1f8d9e25cd126887986,D:\prostat\train_images\5d884cc90873f1f8d9e25cd126887986.tiff,True,True
d6f1c51db42f3d11c7001141d7b417a7,D:\prostat\train_images\d6f1c51db42f3d11c7001141d7b417a7.tiff,True,True
74322183fb32bc720347884f80985c40,D:\prostat\train_images\74322183fb32bc720347884f80985c40.tiff,True,True
4f7d297df486c7ce49e855d0471b7158,D:\prostat\train_images\4f7d297df486c7ce49e855d0471b7158.tiff,True,True
8887984626edc8b93aef010bf8357337,D:\prostat\train_images\8887984626edc8b93aef010bf8357337.tiff,True,True
c25541fd4c6bf6f78e3f364d279b63cf,D:\prostat\train_images\c25541fd4c6bf6f78e3f364d279b63cf.tiff,True,True
f26cb783502346581823270926f1279c,D:\prostat\train_images\f26cb783502346581823270926f1279c.tiff,True,True
e08993490baa242c3dd7438c518ac13b,D:\prostat\train_images\e08993490baa242c3dd7438c518ac13b.tiff,True,True
f53e64ef7fcd2a2074e0724b2efd4b32,D:\prostat\train_images\f53e64ef7fcd2a2074e0724b2efd4b32.tiff,True,True
1e1f00a9410f29e4d4c9920530d883c0,D:\prostat\train_images\1e1f00a9410f29e4d4c9920530d883c0.tiff,True,True
20fa7333809b2501ca2be700cd046c00,D:\prostat\train_images\20fa7333809b2501ca2be700cd046c00.tiff,True,True
e726a8eac36c3d91c3c4f9edba8ba713,D:\prostat\train_images\e726a8eac36c3d91c3c4f9edba8ba713.tiff,True,True
e5dbb739cbdcd57ec7ed9f80b47f3b92,D:\prostat\train_images\e5dbb739cbdcd57ec7ed9f80b47f3b92.tiff,True,True
aadc1f380501876a1bbe46d2c617a12a,D:\prostat\train_images\aadc1f380501876a1bbe46d2c617a12a.tiff,True,True
0864ad4232a64c3350f7a0c5f825ecf1,D:\prostat\train_images\0864ad4232a64c3350f7a0c5f825ecf1.tiff,True,True
ab7f757a2343686945a621a662b6f667,D:\prostat\train_images\ab7f757a2343686945a621a662b6f667.tiff,True,True
f8bbd9f35c9970d076f524fa1432d9cb,D:\prostat\train_images\f8bbd9f35c9970d076f524fa1432d9cb.tiff,True,True
0280f8b612771801229e2dde52371141,D:\prostat\train_images\0280f8b612771801229e2dde52371141.tiff,True,True
40be6eabc1be4bd88eabd38aa07ac9ca,D:\prostat\train_images\40be6eabc1be4bd88eabd38aa07ac9ca.tiff,True,True
702c576df7dfbf43e3c17cd29f804ef9,D:\prostat\train_images\702c576df7dfbf43e3c17cd29f804ef9.tiff,True,True
5d1e5074e39a21c5b0d4abd03157b0f1,D:\prostat\train_images\5d1e5074e39a21c5b0d4abd03157b0f1.tiff,True,True
25398ca8d2082be7640ece66fc126d6c,D:\prostat\train_images\25398ca8d2082be7640ece66fc126d6c.tiff,True,True
2ff7164620f1d249f39598329ff7690c,D:\prostat\train_images\2ff7164620f1d249f39598329ff7690c.tiff,True,True
f8cd927bd23dd105b3594f28d16ee792,D:\prostat\train_images\f8cd927bd23dd105b3594f28d16ee792.tiff,True,True
4b992f28f2ad9809948ec801fee0078b,D:\prostat\train_images\4b992f28f2ad9809948ec801fee0078b.tiff,True,True
b34133fbf7919da47bb893aa2fb1db3f,D:\prostat\train_images\b34133fbf7919da47bb893aa2fb1db3f.tiff,True,True
92d5a8e66feaffb190bdf88ea20cff2d,D:\prostat\train_images\92d5a8e66feaffb190bdf88ea20cff2d.tiff,True,True
eee51ecfd7d7fe5b3f4c2ffe27fae0af,D:\prostat\train_images\eee51ecfd7d7fe5b3f4c2ffe27fae0af.tiff,True,True
2e0132178e80af8c343a19317589e2fe,D:\prostat\train_images\2e0132178e80af8c343a19317589e2fe.tiff,True,True
7fa4634ab59a7832bc877fef162eacaa,D:\prostat\train_images\7fa4634ab59a7832bc877fef162eacaa.tiff,True,True
06521bf2287ba40f046dcabc6c9dddc1,D:\prostat\train_images\06521bf2287ba40f046dcabc6c9dddc1.tiff,True,True
74340eaeb135c761155f1a7f198f17dc,D:\prostat\train_images\74340eaeb135c761155f1a7f198f17dc.tiff,True,True
96e3a3cfac2bdbcf4b6dd1745f818131,D:\prostat\train_images\96e3a3cfac2bdbcf4b6dd1745f818131.tiff,True,True
b60e1ed2d6077edc44a270f349ddc1c1,D:\prostat\train_images\b60e1ed2d6077edc44a270f349ddc1c1.tiff,True,True
095965e73cfc1094f7bb310d5a6b2e33,D:\prostat\train_images\095965e73cfc1094f7bb310d5a6b2e33.tiff,True,True
464f8dbd8b906717dd1eb94a344f7262,D:\prostat\train_images\464f8dbd8b906717dd1eb94a344f7262.tiff,True,True
0ff9887e50a45141bb1755c5dda1b8c6,D:\prostat\train_images\0ff9887e50a45141bb1755c5dda1b8c6.tiff,True,True
2e28fc383fe5ed4a4b0e5cb9492a4721,D:\prostat\train_images\2e28fc383fe5ed4a4b0e5cb9492a4721.tiff,True,True
872242e82c92ca733eed12510b1295a4,D:\prostat\train_images\872242e82c92ca733eed12510b1295a4.tiff,True,True
536be1ccbccc0bf357bbc7e5e0a270c0,D:\prostat\train_images\536be1ccbccc0bf357bbc7e5e0a270c0.tiff,True,True
ccb6cf5f73948fbd88d7e4f2fcdea92e,D:\prostat\train_images\ccb6cf5f73948fbd88d7e4f2fcdea92e.tiff,True,True
0452381085998676ae1e3c877df5bd4d,D:\prostat\train_images\0452381085998676ae1e3c877df5bd4d.tiff,True,True
5af696841a9c6453f9f667bdab0621e5,D:\prostat\train_images\5af696841a9c6453f9f667bdab0621e5.tiff,True,True
9601f5a50ae3847ee3248320b84606ff,D:\prostat\train_images\9601f5a50ae3847ee3248320b84606ff.tiff,True,True
4bb86006d6608773f3e1de6f204a8ee4,D:\prostat\train_images\4bb86006d6608773f3e1de6f204a8ee4.tiff,True,True
747573e239e3461456074695b68c1524,D:\prostat\train_images\747573e239e3461456074695b68c1524.tiff,True,True
8efdb7429bd48a9e77862d5af5351267,D:\prostat\train_images\8efdb7429bd48a9e77862d5af5351267.tiff,True,True
05819281002c55258bb3086cc55e3b48,D:\prostat\train_images\05819281002c55258bb3086cc55e3b48.tiff,True,True
2caca376bbc989ff677e3c82928b5fd2,D:\prostat\train_images\2caca376bbc989ff677e3c82928b5fd2.tiff,True,True
eb2b8d9eb0affaabbe770fcb5933dcaf,D:\prostat\train_images\eb2b8d9eb0affaabbe770fcb5933dcaf.tiff,True,True
5b281fbdb595d08a630ec51d418a3196,D:\prostat\train_images\5b281fbdb595d08a630ec51d418a3196.tiff,True,True
3385a0f7f4f3e7e7b380325582b115c9,D:\prostat\train_images\3385a0f7f4f3e7e7b380325582b115c9.tiff,True,True
d06caef003246b913feba14f74dc9e1a,D:\prostat\train_images\d06caef003246b913feba14f74dc9e1a.tiff,True,True
629462b0eeb5ac0ac86c52d1bba21146,D:\prostat\train_images\629462b0eeb5ac0ac86c52d1bba21146.tiff,True,True
1c6e04c29601f73eed22bd7b6381b8e1,D:\prostat\train_images\1c6e04c29601f73eed22bd7b6381b8e1.tiff,True,True
90b8c7eac5e1df7eb3310d2346a24ebc,D:\prostat\train_images\90b8c7eac5e1df7eb3310d2346a24ebc.tiff,True,True
5166d94b7a25c6b05b399b16c65a2b6a,D:\prostat\train_images\5166d94b7a25c6b05b399b16c65a2b6a.tiff,True,True
f0f6097376bf887f51d552bd033ae5d7,D:\prostat\train_images\f0f6097376bf887f51d552bd033ae5d7.tiff,True,True
52aa54cf5125eaafcec0daa3e4da0155,D:\prostat\train_images\52aa54cf5125eaafcec0daa3e4da0155.tiff,True,True
ef68712b2ec4cd57f06e74889cc021b2,D:\prostat\train_images\ef68712b2ec4cd57f06e74889cc021b2.tiff,True,True
51c7177f25e8c372ae2dce6af0ef5a5f,D:\prostat\train_images\51c7177f25e8c372ae2dce6af0ef5a5f.tiff,True,True
dd5c1496860cb32e24113cba850fe172,D:\prostat\train_images\dd5c1496860cb32e24113cba850fe172.tiff,True,True
0eb4c1db923d5395c5eb15e8850804ed,D:\prostat\train_images\0eb4c1db923d5395c5eb15e8850804ed.tiff,True,True
2c657f6c839abdd8fd4a6dc72dabc6ca,D:\prostat\train_images\2c657f6c839abdd8fd4a6dc72dabc6ca.tiff,True,True
6129f36d2604ad122625914947cfce61,D:\prostat\train_images\6129f36d2604ad122625914947cfce61.tiff,True,True
74152f587c556cfc44a0256fbd21da59,D:\prostat\train_images\74152f587c556cfc44a0256fbd21da59.tiff,True,True
f10e5b4cb9d926d40b830d9ffdbdecbe,D:\prostat\train_images\f10e5b4cb9d926d40b830d9ffdbdecbe.tiff,True,True
71f11949b427eac5591d44419969e616,D:\prostat\train_images\71f11949b427eac5591d44419969e616.tiff,True,True
f5eaa3e7afe0792dfc55fb857ab0e797,D:\prostat\train_images\f5eaa3e7afe0792dfc55fb857ab0e797.tiff,True,True
e19325ebb64adc3293f7173d7a337409,D:\prostat\train_images\e19325ebb64adc3293f7173d7a337409.tiff,True,True
3f09402aa669e0e9f91b7f158c8708cc,D:\prostat\train_images\3f09402aa669e0e9f91b7f158c8708cc.tiff,True,True
d1a9750fbe2b10c8d52dfddf4cb1bde3,D:\prostat\train_images\d1a9750fbe2b10c8d52dfddf4cb1bde3.tiff,True,True
5f8fbed589d176d76b04935caa744bec,D:\prostat\train_images\5f8fbed589d176d76b04935caa744bec.tiff,True,True
7680283193608f46ad4f0d95550c16a5,D:\prostat\train_images\7680283193608f46ad4f0d95550c16a5.tiff,True,True
7ca2c31d434aaa0c2d19ef4cbfc5aa5a,D:\prostat\train_images\7ca2c31d434aaa0c2d19ef4cbfc5aa5a.tiff,True,True
cc749cec9e37b3e141e62a6a33c6eaf3,D:\prostat\train_images\cc749cec9e37b3e141e62a6a33c6eaf3.tiff,True,True
2fc6bf2ccab59b08bb4b3cb2ee0602d9,D:\prostat\train_images\2fc6bf2ccab59b08bb4b3cb2ee0602d9.tiff,True,True
c14efea7c94be982c8045ff9d3c16266,D:\prostat\train_images\c14efea7c94be982c8045ff9d3c16266.tiff,True,True
e173f2b10faccbb5c9f5a0c38a2a1fd0,D:\prostat\train_images\e173f2b10faccbb5c9f5a0c38a2a1fd0.tiff,True,True
97a83309575b765469e6a09250d92170,D:\prostat\train_images\97a83309575b765469e6a09250d92170.tiff,True,True
846118a1d2e2fb16ce4553ba76bd3b57,D:\prostat\train_images\846118a1d2e2fb16ce4553ba76bd3b57.tiff,True,True
91dd982fbff7aa72802fbd7391cd2eff,D:\prostat\train_images\91dd982fbff7aa72802fbd7391cd2eff.tiff,True,True
edcf77f422b243fc13c1050ddfb264b7,D:\prostat\train_images\edcf77f422b243fc13c1050ddfb264b7.tiff,True,True
63a41234a703cd382686631e0dde6986,D:\prostat\train_images\63a41234a703cd382686631e0dde6986.tiff,True,True
5c7e3c7f2b7fbfaf98f2172e2eaa8f28,D:\prostat\train_images\5c7e3c7f2b7fbfaf98f2172e2eaa8f28.tiff,True,True
516cace58eb8a41dd1dbdb65c2b5084d,D:\prostat\train_images\516cace58eb8a41dd1dbdb65c2b5084d.tiff,True,True
a7d18581b5402766aacf91d52e6143eb,D:\prostat\train_images\a7d18581b5402766aacf91d52e6143eb.tiff,True,True
c7998028569a7754a0c07d3212ff1683,D:\prostat\train_images\c7998028569a7754a0c07d3212ff1683.tiff,True,True
a36b91d58c9dae658708fac3ae14b969,D:\prostat\train_images\a36b91d58c9dae658708fac3ae14b969.tiff,True,True
c37af9634aac2e27a80dbc6f115f583c,D:\prostat\train_images\c37af9634aac2e27a80dbc6f115f583c.tiff,True,True
c38c3a03cb9f3f3553f20fb6a9a4c70d,D:\prostat\train_images\c38c3a03cb9f3f3553f20fb6a9a4c70d.tiff,True,True
fc69f56c44de0538a4de4b5d1cab53aa,D:\prostat\train_images\fc69f56c44de0538a4de4b5d1cab53aa.tiff,True,True
e0ca5e9b18d9d563d7b6a4fe3d919f89,D:\prostat\train_images\e0ca5e9b18d9d563d7b6a4fe3d919f89.tiff,True,True
eca3e3fbd5646493a0c67b92d2fdd7ac,D:\prostat\train_images\eca3e3fbd5646493a0c67b92d2fdd7ac.tiff,True,True
d769a8772ea5d3e1a1644c851ba06b9d,D:\prostat\train_images\d769a8772ea5d3e1a1644c851ba06b9d.tiff,True,True
18d66a4b8755474ebb3cf0ed64f3b401,D:\prostat\train_images\18d66a4b8755474ebb3cf0ed64f3b401.tiff,True,True
575d03be6128742107c98cb96c2a6f57,D:\prostat\train_images\575d03be6128742107c98cb96c2a6f57.tiff,True,True
4f050d873038964b8be2a72d0d67f465,D:\prostat\train_images\4f050d873038964b8be2a72d0d67f465.tiff,True,True
41d7b7080bd5422ea9e0539b9f085c3a,D:\prostat\train_images\41d7b7080bd5422ea9e0539b9f085c3a.tiff,True,True
f4579a30dc195784ed21d13c601a2677,D:\prostat\train_images\f4579a30dc195784ed21d13c601a2677.tiff,True,True
5bad1f2f3c89c27ea00d2ed6bd8e2de1,D:\prostat\train_images\5bad1f2f3c89c27ea00d2ed6bd8e2de1.tiff,True,True
6071aa8ba6c71f822201674f662a2058,D:\prostat\train_images\6071aa8ba6c71f822201674f662a2058.tiff,True,True
f73836ebcc90a2855d78158b746169db,D:\prostat\train_images\f73836ebcc90a2855d78158b746169db.tiff,True,True
a0202572ab9a522f5854316de59a3076,D:\prostat\train_images\a0202572ab9a522f5854316de59a3076.tiff,True,True
2b59dfa72ed1fbb3cc1dd6be9b16ae76,D:\prostat\train_images\2b59dfa72ed1fbb3cc1dd6be9b16ae76.tiff,True,True
cdefc4649194000c27f3fa17f936d517,D:\prostat\train_images\cdefc4649194000c27f3fa17f936d517.tiff,True,True
f43994e34472b340e138b082c25d01e7,D:\prostat\train_images\f43994e34472b340e138b082c25d01e7.tiff,True,True
fbca4257157e8123cb38853b6dff7a57,D:\prostat\train_images\fbca4257157e8123cb38853b6dff7a57.tiff,True,True
4c7a4bff88740fdb9736319e2169ef4e,D:\prostat\train_images\4c7a4bff88740fdb9736319e2169ef4e.tiff,True,True
136cae2844e9f6fd15f09ccc9453e0b6,D:\prostat\train_images\136cae2844e9f6fd15f09ccc9453e0b6.tiff,True,True
fe309f77902a9790166ad50bbeda0eb5,D:\prostat\train_images\fe309f77902a9790166ad50bbeda0eb5.tiff,True,True
0716c93c57221da6de731b0df342a641,D:\prostat\train_images\0716c93c57221da6de731b0df342a641.tiff,True,True
4be68ecd2fdbbf7a19ccb574950badd7,D:\prostat\train_images\4be68ecd2fdbbf7a19ccb574950badd7.tiff,True,True
501eb15b8ae1aa3507aaf0b3ba6ca231,D:\prostat\train_images\501eb15b8ae1aa3507aaf0b3ba6ca231.tiff,True,True
79690b9bb5b5c21b9884b3264bcd6ce8,D:\prostat\train_images\79690b9bb5b5c21b9884b3264bcd6ce8.tiff,True,True
d37a3ff1e6b13f61d194187c478bfef5,D:\prostat\train_images\d37a3ff1e6b13f61d194187c478bfef5.tiff,True,True
da95901e4c53182cda19b7caf6674132,D:\prostat\train_images\da95901e4c53182cda19b7caf6674132.tiff,True,True
cd0583471a9efd1eaf916a2c0ec79ca4,D:\prostat\train_images\cd0583471a9efd1eaf916a2c0ec79ca4.tiff,True,True
9774d47c58f7db77589b87584f55aca5,D:\prostat\train_images\9774d47c58f7db77589b87584f55aca5.tiff,True,True
0859f6978ecda3a70941d601287ef6de,D:\prostat\train_images\0859f6978ecda3a70941d601287ef6de.tiff,True,True
93e7f57dd48641f79d51cd427b867727,D:\prostat\train_images\93e7f57dd48641f79d51cd427b867727.tiff,True,True
a043e7be47fa98c814af7969a55f8bc6,D:\prostat\train_images\a043e7be47fa98c814af7969a55f8bc6.tiff,True,True
607fa473648e6c39d6eeaf4efcd9e898,D:\prostat\train_images\607fa473648e6c39d6eeaf4efcd9e898.tiff,True,True
060f60eeecf1ab502526a34db9caaf8e,D:\prostat\train_images\060f60eeecf1ab502526a34db9caaf8e.tiff,True,True
eb402c1146b33c126aaab2a31f1cb911,D:\prostat\train_images\eb402c1146b33c126aaab2a31f1cb911.tiff,True,True
80a9fb86cc68aade057a0e680f3e5c0a,D:\prostat\train_images\80a9fb86cc68aade057a0e680f3e5c0a.tiff,True,True
b3c9178d328c9a8362be6b7a55614287,D:\prostat\train_images\b3c9178d328c9a8362be6b7a55614287.tiff,True,True
96dfad49d9f2d8eebfc93fa5aee86b42,D:\prostat\train_images\96dfad49d9f2d8eebfc93fa5aee86b42.tiff,True,True
78492483abe19fd7ec29697e2c87557b,D:\prostat\train_images\78492483abe19fd7ec29697e2c87557b.tiff,True,True
37d9f6a32531f28ed2cb207912e00646,D:\prostat\train_images\37d9f6a32531f28ed2cb207912e00646.tiff,True,True
bb1013d0290e48b37be98f2a834131e8,D:\prostat\train_images\bb1013d0290e48b37be98f2a834131e8.tiff,True,True
9b19a8b453e20a9b9e27385cb4f65056,D:\prostat\train_images\9b19a8b453e20a9b9e27385cb4f65056.tiff,True,True
ffc005d56a21efbd034425623f596984,D:\prostat\train_images\ffc005d56a21efbd034425623f596984.tiff,True,True
e2578d331ae6cb3bc649027498c8ff8d,D:\prostat\train_images\e2578d331ae6cb3bc649027498c8ff8d.tiff,True,True
75dc1015740869115a4caed7e345b591,D:\prostat\train_images\75dc1015740869115a4caed7e345b591.tiff,True,True
78079f0be01cdfed7111f16d2a3473da,D:\prostat\train_images\78079f0be01cdfed7111f16d2a3473da.tiff,True,True
0b6d642c9b160678dcfff095c21ce09f,D:\prostat\train_images\0b6d642c9b160678dcfff095c21ce09f.tiff,True,True
5d656ef89286db380f879cb6bfadd731,D:\prostat\train_images\5d656ef89286db380f879cb6bfadd731.tiff,True,True
9264516b76300c3bc495b34d0c011536,D:\prostat\train_images\9264516b76300c3bc495b34d0c011536.tiff,True,True
0ee8e3eb6bc2e209cad1064cdef0f422,D:\prostat\train_images\0ee8e3eb6bc2e209cad1064cdef0f422.tiff,True,True
86ceb5f49a8c7f81b12ee87934f0a25d,D:\prostat\train_images\86ceb5f49a8c7f81b12ee87934f0a25d.tiff,True,True
d84d260546dfd285df712402731d0cbe,D:\prostat\train_images\d84d260546dfd285df712402731d0cbe.tiff,True,True
e55c0c51b9ec0963d74029d2de84f85a,D:\prostat\train_images\e55c0c51b9ec0963d74029d2de84f85a.tiff,True,True
4d2705aa958196b3234613240e395751,D:\prostat\train_images\4d2705aa958196b3234613240e395751.tiff,True,True
0c5c2d16c0f2e399b7be641e7e7f66d9,D:\prostat\train_images\0c5c2d16c0f2e399b7be641e7e7f66d9.tiff,True,True
2d1024edfe79d03c55004ca2be624d6d,D:\prostat\train_images\2d1024edfe79d03c55004ca2be624d6d.tiff,True,True
1d363430fe95e7bf857cd20b5759a9cb,D:\prostat\train_images\1d363430fe95e7bf857cd20b5759a9cb.tiff,True,True
f732745735a435417280f120b2fc917f,D:\prostat\train_images\f732745735a435417280f120b2fc917f.tiff,True,True
6f15b249e474009e7e706e23fb28a4e4,D:\prostat\train_images\6f15b249e474009e7e706e23fb28a4e4.tiff,True,True
ac22e5a3ef26a2942ff5c0d0edd11040,D:\prostat\train_images\ac22e5a3ef26a2942ff5c0d0edd11040.tiff,True,True
e02856c4928623247b30d6113fbe59fe,D:\prostat\train_images\e02856c4928623247b30d6113fbe59fe.tiff,True,True
98ec8d1647323eabbf356e9a87065edf,D:\prostat\train_images\98ec8d1647323eabbf356e9a87065edf.tiff,True,True
a00165c9edd8f2806aa11afcd8cc2ba8,D:\prostat\train_images\a00165c9edd8f2806aa11afcd8cc2ba8.tiff,True,True
43c2e485e4b5b12e1e5da69bcff065a4,D:\prostat\train_images\43c2e485e4b5b12e1e5da69bcff065a4.tiff,True,True
e0f850185533c61897ea1e2975b45f4a,D:\prostat\train_images\e0f850185533c61897ea1e2975b45f4a.tiff,True,True
381ddd18fa17308212e26e03c2c54542,D:\prostat\train_images\381ddd18fa17308212e26e03c2c54542.tiff,True,True
1a09038fa60de37d48cdec28144cf98e,D:\prostat\train_images\1a09038fa60de37d48cdec28144cf98e.tiff,True,True
0a619ab32b0cd639d989cce1e1e17da0,D:\prostat\train_images\0a619ab32b0cd639d989cce1e1e17da0.tiff,True,True
351a7cf22baaa7916631910a15f148bc,D:\prostat\train_images\351a7cf22baaa7916631910a15f148bc.tiff,True,True
0e305c4d31f47db36c44a1d55d389193,D:\prostat\train_images\0e305c4d31f47db36c44a1d55d389193.tiff,True,True
c8eb53f6ee052f08e7a4684e569cbc6a,D:\prostat\train_images\c8eb53f6ee052f08e7a4684e569cbc6a.tiff,True,True
d6807acfabc838eb944b797b116d3fb4,D:\prostat\train_images\d6807acfabc838eb944b797b116d3fb4.tiff,True,True
94f8884c0106deb59d2b6abfbc53fc74,D:\prostat\train_images\94f8884c0106deb59d2b6abfbc53fc74.tiff,True,True
7b1a65b22d46a63d2180cdb05fab5a11,D:\prostat\train_images\7b1a65b22d46a63d2180cdb05fab5a11.tiff,True,True
98d5cf6fc6a36f992d6772109ce2e364,D:\prostat\train_images\98d5cf6fc6a36f992d6772109ce2e364.tiff,True,True
1a1229aa03a98248db658d6c2ae18478,D:\prostat\train_images\1a1229aa03a98248db658d6c2ae18478.tiff,True,True
3772be22ed5750f38e3eb653984d9b02,D:\prostat\train_images\3772be22ed5750f38e3eb653984d9b02.tiff,True,True
cf0fd3c2ca4f97a09395122792cc4f76,D:\prostat\train_images\cf0fd3c2ca4f97a09395122792cc4f76.tiff,True,True
a9b1aea89f22c5e1bddc012a2f4c8544,D:\prostat\train_images\a9b1aea89f22c5e1bddc012a2f4c8544.tiff,True,True
ef9aa642a7b1367d7202d3cec44dbcdb,D:\prostat\train_images\ef9aa642a7b1367d7202d3cec44dbcdb.tiff,True,True
131f9de0c2ab07b31a7fd18a7f068f9c,D:\prostat\train_images\131f9de0c2ab07b31a7fd18a7f068f9c.tiff,True,True
1237190a840ad3929f3c8568be55df9e,D:\prostat\train_images\1237190a840ad3929f3c8568be55df9e.tiff,True,True
b9d20ddf4a37b9853aa63f0208a7d1e2,D:\prostat\train_images\b9d20ddf4a37b9853aa63f0208a7d1e2.tiff,True,True
ee9791a15a2cc8e34ee8fc52dcb4ddb5,D:\prostat\train_images\ee9791a15a2cc8e34ee8fc52dcb4ddb5.tiff,True,True
877b69359277cf787d93cd17f4d2775a,D:\prostat\train_images\877b69359277cf787d93cd17f4d2775a.tiff,True,True
d1a7929f14a24aad1e0f2178ae2ab08e,D:\prostat\train_images\d1a7929f14a24aad1e0f2178ae2ab08e.tiff,True,True
810146d1299127c8a68efd9925fd1563,D:\prostat\train_images\810146d1299127c8a68efd9925fd1563.tiff,True,True
96c62d8799651597247be49bf790d585,D:\prostat\train_images\96c62d8799651597247be49bf790d585.tiff,True,True
4a1a331abf928c86ef9a260e09d0358d,D:\prostat\train_images\4a1a331abf928c86ef9a260e09d0358d.tiff,True,True
5f26395749b5f5c85bafdc8bbdfcda3b,D:\prostat\train_images\5f26395749b5f5c85bafdc8bbdfcda3b.tiff,True,True
86756422e5a91331c0fc069fd3f8bc8a,D:\prostat\train_images\86756422e5a91331c0fc069fd3f8bc8a.tiff,True,True
6ac9e66e78a3eb76259395c7b3ed8dac,D:\prostat\train_images\6ac9e66e78a3eb76259395c7b3ed8dac.tiff,True,True
7732735eaffbc56feead4e9d2e4663f2,D:\prostat\train_images\7732735eaffbc56feead4e9d2e4663f2.tiff,True,True
0fe9a27d4af8817d43d5939344204f14,D:\prostat\train_images\0fe9a27d4af8817d43d5939344204f14.tiff,True,True
914d7647a5387102dc4dba393cd092d9,D:\prostat\train_images\914d7647a5387102dc4dba393cd092d9.tiff,True,True
11acf00f7aba60feb6c6626ceff0cc51,D:\prostat\train_images\11acf00f7aba60feb6c6626ceff0cc51.tiff,True,True
36a9f01565753462e06fa127f7e0d8a0,D:\prostat\train_images\36a9f01565753462e06fa127f7e0d8a0.tiff,True,True
0beac47a5319a85fe10af9cc1c114f09,D:\prostat\train_images\0beac47a5319a85fe10af9cc1c114f09.tiff,True,True
dffa5e1d1d4501837cc9aa54a56ae1a7,D:\prostat\train_images\dffa5e1d1d4501837cc9aa54a56ae1a7.tiff,True,True
ab526f17170864dea67909338879b3dc,D:\prostat\train_images\ab526f17170864dea67909338879b3dc.tiff,True,True
e9b8daad505cdf8d12666cba8517c8f3,D:\prostat\train_images\e9b8daad505cdf8d12666cba8517c8f3.tiff,True,True
917a41204bed06f0a0313e6bbe0e2743,D:\prostat\train_images\917a41204bed06f0a0313e6bbe0e2743.tiff,True,True
294a347e030930d5a794a62fd5b6bf5b,D:\prostat\train_images\294a347e030930d5a794a62fd5b6bf5b.tiff,True,True
88ad8f5f0b58dcc80e039de9f1591dab,D:\prostat\train_images\88ad8f5f0b58dcc80e039de9f1591dab.tiff,True,True
c1313ee5d78612ef92532f89fb3e4072,D:\prostat\train_images\c1313ee5d78612ef92532f89fb3e4072.tiff,True,True
0bd941a8340eaec12fd35ffc798599df,D:\prostat\train_images\0bd941a8340eaec12fd35ffc798599df.tiff,True,True
8302a3549f2fd5a7bf56ee2b26706bc1,D:\prostat\train_images\8302a3549f2fd5a7bf56ee2b26706bc1.tiff,True,True
89dc2910f86eb2f24aeb28fbcf55d996,D:\prostat\train_images\89dc2910f86eb2f24aeb28fbcf55d996.tiff,True,True
4db0a8e19ffe9e9358d2c64a760d44d1,D:\prostat\train_images\4db0a8e19ffe9e9358d2c64a760d44d1.tiff,True,True
1f8b382e4b53c5c4b4b7d58cf28850b9,D:\prostat\train_images\1f8b382e4b53c5c4b4b7d58cf28850b9.tiff,True,True
1d435035f56a641e0fa2c9eea34bd8f2,D:\prostat\train_images\1d435035f56a641e0fa2c9eea34bd8f2.tiff,True,True
82896ceb267497b41fe1d8271ecf0a6e,D:\prostat\train_images\82896ceb267497b41fe1d8271ecf0a6e.tiff,True,True
4096244b63ae69345283dd7bad8609d0,D:\prostat\train_images\4096244b63ae69345283dd7bad8609d0.tiff,True,True
0ac7f7d40895378ae07006510aaca8de,D:\prostat\train_images\0ac7f7d40895378ae07006510aaca8de.tiff,True,True
08b1c6fbb511776ac028b0a5c9e42ad2,D:\prostat\train_images\08b1c6fbb511776ac028b0a5c9e42ad2.tiff,True,True
a68c5b4d478d8764a78b063d073d3cfd,D:\prostat\train_images\a68c5b4d478d8764a78b063d073d3cfd.tiff,True,True
a6971c7b02a5182bd69acb81102b6f16,D:\prostat\train_images\a6971c7b02a5182bd69acb81102b6f16.tiff,True,True
9d22e04259608d9e5bafa6ee02bcd803,D:\prostat\train_images\9d22e04259608d9e5bafa6ee02bcd803.tiff,True,True
9858e810bb88db4a43c7285c3bcf2f37,D:\prostat\train_images\9858e810bb88db4a43c7285c3bcf2f37.tiff,True,True
c565cc5d7e32aa5bb05dfa84aa5f442f,D:\prostat\train_images\c565cc5d7e32aa5bb05dfa84aa5f442f.tiff,True,True
b1d93623521ae08ba520855009692683,D:\prostat\train_images\b1d93623521ae08ba520855009692683.tiff,True,True
41600356d224c0205ccaad8151e77a89,D:\prostat\train_images\41600356d224c0205ccaad8151e77a89.tiff,True,True
cb12c1ef22a8b58e36570fdc8dafbaec,D:\prostat\train_images\cb12c1ef22a8b58e36570fdc8dafbaec.tiff,True,True
9503ee570d925c0588b90264187fa18a,D:\prostat\train_images\9503ee570d925c0588b90264187fa18a.tiff,True,True
1bdf2c81b6b6aad6aae2818a844957f0,D:\prostat\train_images\1bdf2c81b6b6aad6aae2818a844957f0.tiff,True,True
dfefdf0717c69330a75f3cd28abcfff5,D:\prostat\train_images\dfefdf0717c69330a75f3cd28abcfff5.tiff,True,True
8065167dbab09db4ff16c3a34da435b8,D:\prostat\train_images\8065167dbab09db4ff16c3a34da435b8.tiff,True,True
d8eb0751091d550023cb2c0802ad45b3,D:\prostat\train_images\d8eb0751091d550023cb2c0802ad45b3.tiff,True,True
65cdcb805fec2c1a88caa6bed1cae86b,D:\prostat\train_images\65cdcb805fec2c1a88caa6bed1cae86b.tiff,True,True
57af8fa4543f49ebd8daf1fde15b9c8c,D:\prostat\train_images\57af8fa4543f49ebd8daf1fde15b9c8c.tiff,True,True
8dcdad73d9facc2ba28642ff4a3b9513,D:\prostat\train_images\8dcdad73d9facc2ba28642ff4a3b9513.tiff,True,True
d14d2e2f09b3499b43ef1049691cfa73,D:\prostat\train_images\d14d2e2f09b3499b43ef1049691cfa73.tiff,True,True
9a9ca5c457ad34e83f7e83002c61550f,D:\prostat\train_images\9a9ca5c457ad34e83f7e83002c61550f.tiff,True,True
0fa091b9d04aea7cb4bb047d75939204,D:\prostat\train_images\0fa091b9d04aea7cb4bb047d75939204.tiff,True,True
f3354bb53ed2ece1ddaf09f3e685fb73,D:\prostat\train_images\f3354bb53ed2ece1ddaf09f3e685fb73.tiff,True,True
f40e70ccbb570093d3069d1855e8d716,D:\prostat\train_images\f40e70ccbb570093d3069d1855e8d716.tiff,True,True
d691b50f9a08b2e6b9731add26f4e8a2,D:\prostat\train_images\d691b50f9a08b2e6b9731add26f4e8a2.tiff,True,True
953b9d576b5d252f0e25a866c7a81f0d,D:\prostat\train_images\953b9d576b5d252f0e25a866c7a81f0d.tiff,True,True
aac37f782ffceb519f664b2737b58a4d,D:\prostat\train_images\aac37f782ffceb519f664b2737b58a4d.tiff,True,True
43b6a97c91c43fd8cd8a66210e2dfce5,D:\prostat\train_images\43b6a97c91c43fd8cd8a66210e2dfce5.tiff,True,True
88ecc79a10ff8a1f201b73b3e82a4648,D:\prostat\train_images\88ecc79a10ff8a1f201b73b3e82a4648.tiff,True,True
ba2a37a47b802c46d8b931247e9d04fc,D:\prostat\train_images\ba2a37a47b802c46d8b931247e9d04fc.tiff,True,True
4d16a16f6528437aac495b6428d9bf61,D:\prostat\train_images\4d16a16f6528437aac495b6428d9bf61.tiff,True,True
fce06ebb6c102f4f526a09e8273bded9,D:\prostat\train_images\fce06ebb6c102f4f526a09e8273bded9.tiff,True,True
babace06b99077eb1b3f2c5d77418656,D:\prostat\train_images\babace06b99077eb1b3f2c5d77418656.tiff,True,True
816a20665b0e7ef4568ff4132da6bdeb,D:\prostat\train_images\816a20665b0e7ef4568ff4132da6bdeb.tiff,True,True
680984934a44ffcfc33f21b9b62f9436,D:\prostat\train_images\680984934a44ffcfc33f21b9b62f9436.tiff,True,True
b8b631f236cb607964c258ceac5eb0bb,D:\prostat\train_images\b8b631f236cb607964c258ceac5eb0bb.tiff,True,True
c699f572c40dbee492ca9ac0c1a0d9f7,D:\prostat\train_images\c699f572c40dbee492ca9ac0c1a0d9f7.tiff,True,True
2e8e1273e497a95810ed43ca7eaf09c6,D:\prostat\train_images\2e8e1273e497a95810ed43ca7eaf09c6.tiff,True,True
95df6544155901a142acce3866e316c2,D:\prostat\train_images\95df6544155901a142acce3866e316c2.tiff,True,True
b85c0e9e08d5b97d232f295fffe7f5a9,D:\prostat\train_images\b85c0e9e08d5b97d232f295fffe7f5a9.tiff,True,True
c8cff52f615d95917befd491cee1614f,D:\prostat\train_images\c8cff52f615d95917befd491cee1614f.tiff,True,True
f114a15f4c02900ebed9f638b68f42cb,D:\prostat\train_images\f114a15f4c02900ebed9f638b68f42cb.tiff,True,True
f75c7cec3ddc9fbff27aca59b01c5bf5,D:\prostat\train_images\f75c7cec3ddc9fbff27aca59b01c5bf5.tiff,True,True
5e7fe1a769c7dd7871d42af620720625,D:\prostat\train_images\5e7fe1a769c7dd7871d42af620720625.tiff,True,True
95628b86f92136292339cdf12e2b8c8f,D:\prostat\train_images\95628b86f92136292339cdf12e2b8c8f.tiff,True,True
7c846f20f6dadd1b95311d19e120f438,D:\prostat\train_images\7c846f20f6dadd1b95311d19e120f438.tiff,True,True
87a1d44e21700bd0eb3db27371eb3999,D:\prostat\train_images\87a1d44e21700bd0eb3db27371eb3999.tiff,True,True
f00ec753b5618cfb30519db0947fe724,D:\prostat\train_images\f00ec753b5618cfb30519db0947fe724.tiff,True,True
5551a258a28873bfbbb2e6899a497cf9,D:\prostat\train_images\5551a258a28873bfbbb2e6899a497cf9.tiff,True,True
60d21b09253d29039ad12e751e6f2f5a,D:\prostat\train_images\60d21b09253d29039ad12e751e6f2f5a.tiff,True,True
6bcd9a5f97d5c1c8582b28a23228065a,D:\prostat\train_images\6bcd9a5f97d5c1c8582b28a23228065a.tiff,True,True
87edb3eb0b79782b9b7eec15dc294872,D:\prostat\train_images\87edb3eb0b79782b9b7eec15dc294872.tiff,True,True
14ce3c173f87224952e91d6fbfeebeba,D:\prostat\train_images\14ce3c173f87224952e91d6fbfeebeba.tiff,True,True
c063c9764a21587b9b44ad2bec29af99,D:\prostat\train_images\c063c9764a21587b9b44ad2bec29af99.tiff,True,True
e0d6698a658131c2240e15cf4f40efa1,D:\prostat\train_images\e0d6698a658131c2240e15cf4f40efa1.tiff,True,True
be85e2b33823aeebfbd13873dc207ddc,D:\prostat\train_images\be85e2b33823aeebfbd13873dc207ddc.tiff,True,True
9ecba0a5f5caa828df43867455405dd7,D:\prostat\train_images\9ecba0a5f5caa828df43867455405dd7.tiff,True,True
87668b74a71c46e1794107bb5f32d44d,D:\prostat\train_images\87668b74a71c46e1794107bb5f32d44d.tiff,True,True
cc69b5e397b5d44eb220566b0bfbed78,D:\prostat\train_images\cc69b5e397b5d44eb220566b0bfbed78.tiff,True,True
6d3025108930198b261b02557ad64783,D:\prostat\train_images\6d3025108930198b261b02557ad64783.tiff,True,True
741f6260e0f75b64a72e9a905003c29d,D:\prostat\train_images\741f6260e0f75b64a72e9a905003c29d.tiff,True,True
b8ec9675d05cc0c83f4b1060d5a71cc5,D:\prostat\train_images\b8ec9675d05cc0c83f4b1060d5a71cc5.tiff,True,True
fc7d69900c8a0e543c353d26789c0bfe,D:\prostat\train_images\fc7d69900c8a0e543c353d26789c0bfe.tiff,True,True
f3cdf9ea25856aaaaaf7d0ceec875bef,D:\prostat\train_images\f3cdf9ea25856aaaaaf7d0ceec875bef.tiff,True,True
116b4f2b0182e6730a1299ddd6b42e4e,D:\prostat\train_images\116b4f2b0182e6730a1299ddd6b42e4e.tiff,True,True
b4d09aa7fc622111ab0071f79989f8ff,D:\prostat\train_images\b4d09aa7fc622111ab0071f79989f8ff.tiff,True,True
16dc162b86248d1f878e90001742a886,D:\prostat\train_images\16dc162b86248d1f878e90001742a886.tiff,True,True
a5f8aa93183d002e62df16a0891ace20,D:\prostat\train_images\a5f8aa93183d002e62df16a0891ace20.tiff,True,True
8e746b67fa47b5104b9cbe38c1c2014b,D:\prostat\train_images\8e746b67fa47b5104b9cbe38c1c2014b.tiff,True,True
6979ba75d53caea50d85c1df133f5009,D:\prostat\train_images\6979ba75d53caea50d85c1df133f5009.tiff,True,True
e70ff0b6ac8c6f0ec256d88969cc81d3,D:\prostat\train_images\e70ff0b6ac8c6f0ec256d88969cc81d3.tiff,True,True
a7f9d0f2300b4e56333bb7bd66457267,D:\prostat\train_images\a7f9d0f2300b4e56333bb7bd66457267.tiff,True,True
9064f0eb9ef8bbb376649033116fc380,D:\prostat\train_images\9064f0eb9ef8bbb376649033116fc380.tiff,True,True
8a2e377920bb4f87e746d837d6ff0f40,D:\prostat\train_images\8a2e377920bb4f87e746d837d6ff0f40.tiff,True,True
e884656fcde94956590b64acd504a00d,D:\prostat\train_images\e884656fcde94956590b64acd504a00d.tiff,True,True
78ef82c809a7a83e145b2ff221af942d,D:\prostat\train_images\78ef82c809a7a83e145b2ff221af942d.tiff,True,True
9ec64c6c8719927e925732777d70254c,D:\prostat\train_images\9ec64c6c8719927e925732777d70254c.tiff,True,True
ce31f52b2a072b7eed30b6e364934989,D:\prostat\train_images\ce31f52b2a072b7eed30b6e364934989.tiff,True,True
8ea5bb9e2220e1906653030284775e1a,D:\prostat\train_images\8ea5bb9e2220e1906653030284775e1a.tiff,True,True
52f458343920a7409c42f4ec0a9cc8e0,D:\prostat\train_images\52f458343920a7409c42f4ec0a9cc8e0.tiff,True,True
349b1b6fa6ffc5625b8eedabf03d5948,D:\prostat\train_images\349b1b6fa6ffc5625b8eedabf03d5948.tiff,True,True
29266f4feb6766468bce536888b3bc0c,D:\prostat\train_images\29266f4feb6766468bce536888b3bc0c.tiff,True,True
c23bbf3044bfdb3cb04b6e00920ba1ee,D:\prostat\train_images\c23bbf3044bfdb3cb04b6e00920ba1ee.tiff,True,True
9e0703920062ce903dad42cc471ca2a1,D:\prostat\train_images\9e0703920062ce903dad42cc471ca2a1.tiff,True,True
3ea2b7849d7ce4fccad168565e8e669e,D:\prostat\train_images\3ea2b7849d7ce4fccad168565e8e669e.tiff,True,True
64836a799f01a425ff277deed36210cf,D:\prostat\train_images\64836a799f01a425ff277deed36210cf.tiff,True,True
fd3926d5158b0502b1a51811c50c3976,D:\prostat\train_images\fd3926d5158b0502b1a51811c50c3976.tiff,True,True
278ae74156d22b4e8457cd1bf2960f58,D:\prostat\train_images\278ae74156d22b4e8457cd1bf2960f58.tiff,True,True
c4b1a10db8b0cdece7a1498b2fcbda7f,D:\prostat\train_images\c4b1a10db8b0cdece7a1498b2fcbda7f.tiff,True,True
6e0dbb5af39a9b7199796dbe16fc5765,D:\prostat\train_images\6e0dbb5af39a9b7199796dbe16fc5765.tiff,True,True
9ab4806f720670ade4e94f6085f36e9c,D:\prostat\train_images\9ab4806f720670ade4e94f6085f36e9c.tiff,True,True
f0422b9adf9f34ea214374a48bcb757e,D:\prostat\train_images\f0422b9adf9f34ea214374a48bcb757e.tiff,True,True
ceaed3c478ce8e0366c1e3d30edf1192,D:\prostat\train_images\ceaed3c478ce8e0366c1e3d30edf1192.tiff,True,True
8743d3eac43f246d21385f3070901b05,D:\prostat\train_images\8743d3eac43f246d21385f3070901b05.tiff,True,True
66ac9acd0174425c2ad47448fc55ca45,D:\prostat\train_images\66ac9acd0174425c2ad47448fc55ca45.tiff,True,True
e71101f053a67bfdaa7a396a16bebdd6,D:\prostat\train_images\e71101f053a67bfdaa7a396a16bebdd6.tiff,True,True
8982520da76f908b20b9f66c07ccc1e5,D:\prostat\train_images\8982520da76f908b20b9f66c07ccc1e5.tiff,True,True
126ab775290fbfe771a67c94c6d50799,D:\prostat\train_images\126ab775290fbfe771a67c94c6d50799.tiff,True,True
604cb4469dd3f8c69718d8e1dc99e6f8,D:\prostat\train_images\604cb4469dd3f8c69718d8e1dc99e6f8.tiff,True,True
c7b0acedb4eb5178f14ae30d1c3053b7,D:\prostat\train_images\c7b0acedb4eb5178f14ae30d1c3053b7.tiff,True,True
6a145f3d5ff13433f0ac7a92a7cf0bee,D:\prostat\train_images\6a145f3d5ff13433f0ac7a92a7cf0bee.tiff,True,True
e8ce5cd6a70ea33bf280e6fddc6da27f,D:\prostat\train_images\e8ce5cd6a70ea33bf280e6fddc6da27f.tiff,True,True
a656612b4ddb61780536400c117a9b91,D:\prostat\train_images\a656612b4ddb61780536400c117a9b91.tiff,True,True
15be10044a3e4b704d0822432416fde4,D:\prostat\train_images\15be10044a3e4b704d0822432416fde4.tiff,True,True
4f504a9f8f34f1c73dd28eff81be423d,D:\prostat\train_images\4f504a9f8f34f1c73dd28eff81be423d.tiff,True,True
636430b4495809e379c2623c22f95d59,D:\prostat\train_images\636430b4495809e379c2623c22f95d59.tiff,True,True
3f1932eefb6de2c9b6666565a6b93765,D:\prostat\train_images\3f1932eefb6de2c9b6666565a6b93765.tiff,True,True
18157fa5a744739d34a3c498e4aa8dab,D:\prostat\train_images\18157fa5a744739d34a3c498e4aa8dab.tiff,True,True
ab807d486725cdf5c662257d7a77d4de,D:\prostat\train_images\ab807d486725cdf5c662257d7a77d4de.tiff,True,True
35a01018982323a647399b88ef4d2287,D:\prostat\train_images\35a01018982323a647399b88ef4d2287.tiff,True,True
7ae412eda1a4203bb31484fdcdf0864d,D:\prostat\train_images\7ae412eda1a4203bb31484fdcdf0864d.tiff,True,True
268dcbd78318c0108974c5f99e1dca78,D:\prostat\train_images\268dcbd78318c0108974c5f99e1dca78.tiff,True,True
6875cac943f84443b8e7c2a44ee809f2,D:\prostat\train_images\6875cac943f84443b8e7c2a44ee809f2.tiff,True,True
9be75d21da501c45d6e6b2f5e859a7a2,D:\prostat\train_images\9be75d21da501c45d6e6b2f5e859a7a2.tiff,True,True
67221cc31ec6ad9e106de548f7aa5823,D:\prostat\train_images\67221cc31ec6ad9e106de548f7aa5823.tiff,True,True
0355ee153bd16cfb69018d1ff000c419,D:\prostat\train_images\0355ee153bd16cfb69018d1ff000c419.tiff,True,True
63e3797b14a1c9dbedcaa4c5be4b9924,D:\prostat\train_images\63e3797b14a1c9dbedcaa4c5be4b9924.tiff,True,True
e592e0c922fc2d4493fd89956ae23d84,D:\prostat\train_images\e592e0c922fc2d4493fd89956ae23d84.tiff,True,True
fa6569eb827fcd7108ee7f22dac0ea11,D:\prostat\train_images\fa6569eb827fcd7108ee7f22dac0ea11.tiff,True,True
7790f122a65e43cbf84165a610eefcfd,D:\prostat\train_images\7790f122a65e43cbf84165a610eefcfd.tiff,True,True
3d996f4f37fbcafa4a98f6cc8205784f,D:\prostat\train_images\3d996f4f37fbcafa4a98f6cc8205784f.tiff,True,True
ae73856854dae06ef0423afdc995e9c8,D:\prostat\train_images\ae73856854dae06ef0423afdc995e9c8.tiff,True,True
ee3a23485cb29881a50f2ab3b51b25d4,D:\prostat\train_images\ee3a23485cb29881a50f2ab3b51b25d4.tiff,True,True
b62c2d30390e698b52e3349c512a80c9,D:\prostat\train_images\b62c2d30390e698b52e3349c512a80c9.tiff,True,True
09e8b4e9ce5253168cf18c88bdc8304c,D:\prostat\train_images\09e8b4e9ce5253168cf18c88bdc8304c.tiff,True,True
145c74333d681b537b51a1f2c553c24e,D:\prostat\train_images\145c74333d681b537b51a1f2c553c24e.tiff,True,True
0c6c14ee4d822472a576f1f6650d79f0,D:\prostat\train_images\0c6c14ee4d822472a576f1f6650d79f0.tiff,True,True
97d04624149987d7078075ae79e0f36a,D:\prostat\train_images\97d04624149987d7078075ae79e0f36a.tiff,True,True
ad51713ffd48bc5a84174b667be3232c,D:\prostat\train_images\ad51713ffd48bc5a84174b667be3232c.tiff,True,True
e175edbb01ee93372ae54bdc1734bcf5,D:\prostat\train_images\e175edbb01ee93372ae54bdc1734bcf5.tiff,True,True
ee2e1b4ce5e5290833a9a98da2d72c0f,D:\prostat\train_images\ee2e1b4ce5e5290833a9a98da2d72c0f.tiff,True,True
40ec573c084bacfe58e8f073660c2a30,D:\prostat\train_images\40ec573c084bacfe58e8f073660c2a30.tiff,True,True
6c31153c5dffb6276f8adee046a09166,D:\prostat\train_images\6c31153c5dffb6276f8adee046a09166.tiff,True,True
90eafbed9a8929f535b122c7b164fcf9,D:\prostat\train_images\90eafbed9a8929f535b122c7b164fcf9.tiff,True,True
dd6ded8699cc4d3bf62c7e961b8a70ec,D:\prostat\train_images\dd6ded8699cc4d3bf62c7e961b8a70ec.tiff,True,True
1af7e665c7903097d0805cdc95e9656d,D:\prostat\train_images\1af7e665c7903097d0805cdc95e9656d.tiff,True,True
ab057a99ebf485362a78685f68ebb79a,D:\prostat\train_images\ab057a99ebf485362a78685f68ebb79a.tiff,True,True
e77bb3d37a6a6c32e6669f761b9a601a,D:\prostat\train_images\e77bb3d37a6a6c32e6669f761b9a601a.tiff,True,True
915dd7918f5bbd16aa1ec7a677dcfe13,D:\prostat\train_images\915dd7918f5bbd16aa1ec7a677dcfe13.tiff,True,True
37d3511b61cfe994b82147b5d4b09ae4,D:\prostat\train_images\37d3511b61cfe994b82147b5d4b09ae4.tiff,True,True
6201e9e4e8e934994124c456be58ec27,D:\prostat\train_images\6201e9e4e8e934994124c456be58ec27.tiff,True,True
2577c90f6ee46adf9d3f7c16ba8db9c3,D:\prostat\train_images\2577c90f6ee46adf9d3f7c16ba8db9c3.tiff,True,True
c48a109638da578b059d9464a4262698,D:\prostat\train_images\c48a109638da578b059d9464a4262698.tiff,True,True
5f23bafd7474ed18a65971a95048c1e1,D:\prostat\train_images\5f23bafd7474ed18a65971a95048c1e1.tiff,True,True
a04d7b32a88c1d2f397b67ff083f5313,D:\prostat\train_images\a04d7b32a88c1d2f397b67ff083f5313.tiff,True,True
ca1670f5e9408c08518faae1061f4a97,D:\prostat\train_images\ca1670f5e9408c08518faae1061f4a97.tiff,True,True
0e62a4cba998a03d20295e07ebc30958,D:\prostat\train_images\0e62a4cba998a03d20295e07ebc30958.tiff,True,True
1da8a722a706485d9299b750b3be0a38,D:\prostat\train_images\1da8a722a706485d9299b750b3be0a38.tiff,True,True
4ab63251f53c02b01c453a8408c169b1,D:\prostat\train_images\4ab63251f53c02b01c453a8408c169b1.tiff,True,True
ef5227e7037bb4e8c9f213056f135f3e,D:\prostat\train_images\ef5227e7037bb4e8c9f213056f135f3e.tiff,True,True
22929b2cf2dd413c3a4f6f737d02a74c,D:\prostat\train_images\22929b2cf2dd413c3a4f6f737d02a74c.tiff,True,True
a43c01d2b679f67377e6909bd94128a5,D:\prostat\train_images\a43c01d2b679f67377e6909bd94128a5.tiff,True,True
9b8a5982b7e917e82a0b0ae84b922a55,D:\prostat\train_images\9b8a5982b7e917e82a0b0ae84b922a55.tiff,True,True
721690a32ab390374b3f0aba58e0e722,D:\prostat\train_images\721690a32ab390374b3f0aba58e0e722.tiff,True,True
6bdd4158abad8cc5af266f1845eb065d,D:\prostat\train_images\6bdd4158abad8cc5af266f1845eb065d.tiff,True,True
6bf8339b4430a51d6367416dab794735,D:\prostat\train_images\6bf8339b4430a51d6367416dab794735.tiff,True,True
0c86d570723c4f38b59a5e9678887eac,D:\prostat\train_images\0c86d570723c4f38b59a5e9678887eac.tiff,True,True
fab2f719bbfc6e8f0780aad563097282,D:\prostat\train_images\fab2f719bbfc6e8f0780aad563097282.tiff,True,True
dfae643568b01d1f4ad5d86bac2f7994,D:\prostat\train_images\dfae643568b01d1f4ad5d86bac2f7994.tiff,True,True
753743ff6e00c61a67516723909f71d7,D:\prostat\train_images\753743ff6e00c61a67516723909f71d7.tiff,True,True
a260fec22534be7e93d7f456ada4f452,D:\prostat\train_images\a260fec22534be7e93d7f456ada4f452.tiff,True,True
949b9f749f20ec960b36bd2fe50ac056,D:\prostat\train_images\949b9f749f20ec960b36bd2fe50ac056.tiff,True,True
e7db63dae4f1dbcfe945651219d34674,D:\prostat\train_images\e7db63dae4f1dbcfe945651219d34674.tiff,True,True
a28b628b33608b2cdadff12fc6aa2537,D:\prostat\train_images\a28b628b33608b2cdadff12fc6aa2537.tiff,True,True
f9a89f44ec2f2cd9f7be47a65be951d7,D:\prostat\train_images\f9a89f44ec2f2cd9f7be47a65be951d7.tiff,True,True
800ccbf1d68addead37496366d7ffd48,D:\prostat\train_images\800ccbf1d68addead37496366d7ffd48.tiff,True,True
10d4b2144d1520bf7380ba99940a0093,D:\prostat\train_images\10d4b2144d1520bf7380ba99940a0093.tiff,True,True
a038e9e20eea794b83a8b68c128b77fd,D:\prostat\train_images\a038e9e20eea794b83a8b68c128b77fd.tiff,True,True
1a12bfa2c136b75f8faa911f625b2ef9,D:\prostat\train_images\1a12bfa2c136b75f8faa911f625b2ef9.tiff,True,True
6aff87e11871f4ce9682eec497239c71,D:\prostat\train_images\6aff87e11871f4ce9682eec497239c71.tiff,True,True
1d0aa0b565ed9bdbc6c1f4a00bbc4f3d,D:\prostat\train_images\1d0aa0b565ed9bdbc6c1f4a00bbc4f3d.tiff,True,True
eca989843a1006206f8af3503b71b66c,D:\prostat\train_images\eca989843a1006206f8af3503b71b66c.tiff,True,True
f64bc79d13c9006047a3d4b50601599d,D:\prostat\train_images\f64bc79d13c9006047a3d4b50601599d.tiff,True,True
7fe78b22d81b42d3bc08fca264448aa0,D:\prostat\train_images\7fe78b22d81b42d3bc08fca264448aa0.tiff,True,True
4393d46b83d4747ed613d11040dbffed,D:\prostat\train_images\4393d46b83d4747ed613d11040dbffed.tiff,True,True
47985c7cec659a0ca907c5c99266b440,D:\prostat\train_images\47985c7cec659a0ca907c5c99266b440.tiff,True,True
3790f55cad63053e956fb73027179707,D:\prostat\train_images\3790f55cad63053e956fb73027179707.tiff,True,True
085a35715e8a0f0edeccff03290a6baf,D:\prostat\train_images\085a35715e8a0f0edeccff03290a6baf.tiff,True,True
480dc522c58d59f6a6eb7b5351352d16,D:\prostat\train_images\480dc522c58d59f6a6eb7b5351352d16.tiff,True,True
598d897fefcc795632c3a0323dfcfe3d,D:\prostat\train_images\598d897fefcc795632c3a0323dfcfe3d.tiff,True,True
0c563af5c4dbd5855a884441d57c8656,D:\prostat\train_images\0c563af5c4dbd5855a884441d57c8656.tiff,True,True
e77e4cdce388cea5f1d08bdc4d136edb,D:\prostat\train_images\e77e4cdce388cea5f1d08bdc4d136edb.tiff,True,True
b521d20219d57de33e48f6ccda6a24c8,D:\prostat\train_images\b521d20219d57de33e48f6ccda6a24c8.tiff,True,True
bcf3848a8a21197cad6bb589b23b777c,D:\prostat\train_images\bcf3848a8a21197cad6bb589b23b777c.tiff,True,True
313fa90b9e772c45fd3208fa562646ea,D:\prostat\train_images\313fa90b9e772c45fd3208fa562646ea.tiff,True,True
c3e1a7ddeabf06edeebde219d8e86578,D:\prostat\train_images\c3e1a7ddeabf06edeebde219d8e86578.tiff,True,True
977a4281401b63f74739845b3ec98023,D:\prostat\train_images\977a4281401b63f74739845b3ec98023.tiff,True,True
378ab29576ec2f87d61b00aeec5e843a,D:\prostat\train_images\378ab29576ec2f87d61b00aeec5e843a.tiff,True,True
f6e7b15af318c5fdc1990ed6a8b117bb,D:\prostat\train_images\f6e7b15af318c5fdc1990ed6a8b117bb.tiff,True,True
51ad0c34db40ecea345bd236745f03be,D:\prostat\train_images\51ad0c34db40ecea345bd236745f03be.tiff,True,True
be2a8d3f8f64c5cddbef943b96cefb95,D:\prostat\train_images\be2a8d3f8f64c5cddbef943b96cefb95.tiff,True,True
8d69850040ca70588cb37e7f0bc70390,D:\prostat\train_images\8d69850040ca70588cb37e7f0bc70390.tiff,True,True
b80e06d0a89a7b417b648fc8056b4442,D:\prostat\train_images\b80e06d0a89a7b417b648fc8056b4442.tiff,True,True
848d1942cc5b7feb97cc03d3ad08d6f9,D:\prostat\train_images\848d1942cc5b7feb97cc03d3ad08d6f9.tiff,True,True
ff0cd440f339e63b75eb835431a593cc,D:\prostat\train_images\ff0cd440f339e63b75eb835431a593cc.tiff,True,True
914e46fc6ac2be2f83511951fb44b6a6,D:\prostat\train_images\914e46fc6ac2be2f83511951fb44b6a6.tiff,True,True
62f8a7597b348cf04667a2e5c597a641,D:\prostat\train_images\62f8a7597b348cf04667a2e5c597a641.tiff,True,True
1115d114a4339de8dd9f36d6465c6d57,D:\prostat\train_images\1115d114a4339de8dd9f36d6465c6d57.tiff,True,True
2146b81f11fac3a65d644c9ca3c23ebc,D:\prostat\train_images\2146b81f11fac3a65d644c9ca3c23ebc.tiff,True,True
235cc1d05d01d1a3d2424514b27e68e2,D:\prostat\train_images\235cc1d05d01d1a3d2424514b27e68e2.tiff,True,True
1a4ca4766f17d9244e867783c042fb53,D:\prostat\train_images\1a4ca4766f17d9244e867783c042fb53.tiff,True,True
d98d4b443eaaad06c3244e059b34053f,D:\prostat\train_images\d98d4b443eaaad06c3244e059b34053f.tiff,True,True
a288e70d5f393dd6d804ad5e024cb5d3,D:\prostat\train_images\a288e70d5f393dd6d804ad5e024cb5d3.tiff,True,True
bd0a51f19fcf0a8c6da8c0c74a689a10,D:\prostat\train_images\bd0a51f19fcf0a8c6da8c0c74a689a10.tiff,True,True
7bd0182b68e2eaafde6ed8ad0dd6e3bf,D:\prostat\train_images\7bd0182b68e2eaafde6ed8ad0dd6e3bf.tiff,True,True
777fd967a1a841b60733bc1b0679576c,D:\prostat\train_images\777fd967a1a841b60733bc1b0679576c.tiff,True,True
687d89772580c411d434b346e1e6c505,D:\prostat\train_images\687d89772580c411d434b346e1e6c505.tiff,True,True
fb80c40073a4016bf384f408ec048f55,D:\prostat\train_images\fb80c40073a4016bf384f408ec048f55.tiff,True,True
b2132ea045444b2693693ff67cf6bc3a,D:\prostat\train_images\b2132ea045444b2693693ff67cf6bc3a.tiff,True,True
2e53a31a0727921e823b781914782036,D:\prostat\train_images\2e53a31a0727921e823b781914782036.tiff,True,True
ab95cfdb8cec294b669f0da558a359c6,D:\prostat\train_images\ab95cfdb8cec294b669f0da558a359c6.tiff,True,True
f157ea3c41b34368266d9f802814292a,D:\prostat\train_images\f157ea3c41b34368266d9f802814292a.tiff,True,True
4fae900c0644c8418c2028629afbd4e5,D:\prostat\train_images\4fae900c0644c8418c2028629afbd4e5.tiff,True,True
85b7018a9e5287342a1392fb02ce24a1,D:\prostat\train_images\85b7018a9e5287342a1392fb02ce24a1.tiff,True,True
21715a3b533e4bcdd9f189bbd5c234b9,D:\prostat\train_images\21715a3b533e4bcdd9f189bbd5c234b9.tiff,True,True
cab39b2a0617d8bb4c0f2ae6859d2241,D:\prostat\train_images\cab39b2a0617d8bb4c0f2ae6859d2241.tiff,True,True
1f73af67719cfb51ccbe7673118cacf4,D:\prostat\train_images\1f73af67719cfb51ccbe7673118cacf4.tiff,True,True
2ea5a65f8c7316df537b5f8caf4146d3,D:\prostat\train_images\2ea5a65f8c7316df537b5f8caf4146d3.tiff,True,True
ab2b81896a2b2532c96af47b2643676b,D:\prostat\train_images\ab2b81896a2b2532c96af47b2643676b.tiff,True,True
189d912db86a01560ba6bd090e06034a,D:\prostat\train_images\189d912db86a01560ba6bd090e06034a.tiff,True,True
f7ccce426ebb48fa278ff063858f9299,D:\prostat\train_images\f7ccce426ebb48fa278ff063858f9299.tiff,True,True
92da77a0c27bec421940eff2cf7ffa44,D:\prostat\train_images\92da77a0c27bec421940eff2cf7ffa44.tiff,True,True
5f554a63b2a187b75a1764282fbf10b6,D:\prostat\train_images\5f554a63b2a187b75a1764282fbf10b6.tiff,True,True
d0cf3aa67b62f08fa1493ace45df7843,D:\prostat\train_images\d0cf3aa67b62f08fa1493ace45df7843.tiff,True,True
25193f2e5eb320bb11ac639eb5dc11c3,D:\prostat\train_images\25193f2e5eb320bb11ac639eb5dc11c3.tiff,True,True
b63cd7e9557adcd7ad081fd8bd069539,D:\prostat\train_images\b63cd7e9557adcd7ad081fd8bd069539.tiff,True,True
0b517956117177d8efec1a7efe60a985,D:\prostat\train_images\0b517956117177d8efec1a7efe60a985.tiff,True,True
b353c4f536a4a45c93cd2908138662e4,D:\prostat\train_images\b353c4f536a4a45c93cd2908138662e4.tiff,True,True
8569feb3de9ecef290b05d1f0b94088b,D:\prostat\train_images\8569feb3de9ecef290b05d1f0b94088b.tiff,True,True
e3306507fac36d68ea6c6e20bda23200,D:\prostat\train_images\e3306507fac36d68ea6c6e20bda23200.tiff,True,True
eda25d74c2ca92594de5aab4cc100f5c,D:\prostat\train_images\eda25d74c2ca92594de5aab4cc100f5c.tiff,True,True
c0734841bf4ab24f766983269c323bc9,D:\prostat\train_images\c0734841bf4ab24f766983269c323bc9.tiff,True,True
df12d6ee0acc0f9ac57749e68c2c3ab1,D:\prostat\train_images\df12d6ee0acc0f9ac57749e68c2c3ab1.tiff,True,True
6890c90884c340a88a661384550e6339,D:\prostat\train_images\6890c90884c340a88a661384550e6339.tiff,True,True
45b107368018ae2d6174aa5c1c6aa29c,D:\prostat\train_images\45b107368018ae2d6174aa5c1c6aa29c.tiff,True,True
6c609a0f9cff9c466a4ec4fe5987f765,D:\prostat\train_images\6c609a0f9cff9c466a4ec4fe5987f765.tiff,True,True
c9125c5d49123077ce43cc815e92af40,D:\prostat\train_images\c9125c5d49123077ce43cc815e92af40.tiff,True,True
db315d2478032abc3fa8faae6361497a,D:\prostat\train_images\db315d2478032abc3fa8faae6361497a.tiff,True,True
a65a095302fbc94c8e21ae65e1ccd17e,D:\prostat\train_images\a65a095302fbc94c8e21ae65e1ccd17e.tiff,True,True
baf9c1de83433004ccb11d2756d7f61e,D:\prostat\train_images\baf9c1de83433004ccb11d2756d7f61e.tiff,True,True
2ad0f2857a4552a25127205fd04a5e9f,D:\prostat\train_images\2ad0f2857a4552a25127205fd04a5e9f.tiff,True,True
25c0f98758c3fb09bc2070d1dca0a299,D:\prostat\train_images\25c0f98758c3fb09bc2070d1dca0a299.tiff,True,True
99fb9478334093d729eeb281d522ed63,D:\prostat\train_images\99fb9478334093d729eeb281d522ed63.tiff,True,True
96e6bbcdb71b1053c96ff1f6a0dd2487,D:\prostat\train_images\96e6bbcdb71b1053c96ff1f6a0dd2487.tiff,True,True
7ff53392c1d6293b7f90e4dc139977c0,D:\prostat\train_images\7ff53392c1d6293b7f90e4dc139977c0.tiff,True,True
afa70cee560c0b557c12a0cf0ca7611f,D:\prostat\train_images\afa70cee560c0b557c12a0cf0ca7611f.tiff,True,True
6fc63d2394ebade5d7e09856eab1f726,D:\prostat\train_images\6fc63d2394ebade5d7e09856eab1f726.tiff,True,True
8760076013e08db5fb4977a7f5df18cf,D:\prostat\train_images\8760076013e08db5fb4977a7f5df18cf.tiff,True,True
68f5d0cf51594a0eea7f8d19447d4d61,D:\prostat\train_images\68f5d0cf51594a0eea7f8d19447d4d61.tiff,True,True
b67a1f72157cbe1386b5b159d3128173,D:\prostat\train_images\b67a1f72157cbe1386b5b159d3128173.tiff,True,True
8e81ba898f016bb52c0cf59faa3af526,D:\prostat\train_images\8e81ba898f016bb52c0cf59faa3af526.tiff,True,True
c9be1a7720c4ea39b3846d865a9b45a8,D:\prostat\train_images\c9be1a7720c4ea39b3846d865a9b45a8.tiff,True,True
2b8cded1eb60bf2f5c97be4576341a07,D:\prostat\train_images\2b8cded1eb60bf2f5c97be4576341a07.tiff,True,True
5f7ebc491021150fdb969866ad5f6d81,D:\prostat\train_images\5f7ebc491021150fdb969866ad5f6d81.tiff,True,True
865f64d013137396b5cfc7bb3888a56e,D:\prostat\train_images\865f64d013137396b5cfc7bb3888a56e.tiff,True,True
b272895e4dc95112031833596f94621a,D:\prostat\train_images\b272895e4dc95112031833596f94621a.tiff,True,True
819a2641f5c1875c592362daa59bc041,D:\prostat\train_images\819a2641f5c1875c592362daa59bc041.tiff,True,True
393ff5d6edd16d9094d468789febbb4a,D:\prostat\train_images\393ff5d6edd16d9094d468789febbb4a.tiff,True,True
19565bef71aac6c8e9fa6638480c8ecd,D:\prostat\train_images\19565bef71aac6c8e9fa6638480c8ecd.tiff,True,True
447ecc048098b19ca337690c94c59f0c,D:\prostat\train_images\447ecc048098b19ca337690c94c59f0c.tiff,True,True
8a4f3f6ba6b4107029e77e1b1b75c069,D:\prostat\train_images\8a4f3f6ba6b4107029e77e1b1b75c069.tiff,True,True
3381ea445ec8554a5cb3e7d3153fc0c1,D:\prostat\train_images\3381ea445ec8554a5cb3e7d3153fc0c1.tiff,True,True
2b959b442154e1f4627cb95d04c31745,D:\prostat\train_images\2b959b442154e1f4627cb95d04c31745.tiff,True,True
b7f0f181cd947530a0d7ecb9c35b992f,D:\prostat\train_images\b7f0f181cd947530a0d7ecb9c35b992f.tiff,True,True
17e1f862d37507d9b5a73208ef30ccc6,D:\prostat\train_images\17e1f862d37507d9b5a73208ef30ccc6.tiff,True,True
62274c435774e0ed7a219c9c3b693bce,D:\prostat\train_images\62274c435774e0ed7a219c9c3b693bce.tiff,True,True
c4e0ad6ea862813515ef53b70ad8021e,D:\prostat\train_images\c4e0ad6ea862813515ef53b70ad8021e.tiff,True,True
9599d5f691b56b56aac30664afa7ef45,D:\prostat\train_images\9599d5f691b56b56aac30664afa7ef45.tiff,True,True
0a8bc9de5acf2d4a667a4528803d1f09,D:\prostat\train_images\0a8bc9de5acf2d4a667a4528803d1f09.tiff,True,True
5826d28019321eb4a202a2733fb039ed,D:\prostat\train_images\5826d28019321eb4a202a2733fb039ed.tiff,True,True
2694eb0781b846eb79f88ca295a821d5,D:\prostat\train_images\2694eb0781b846eb79f88ca295a821d5.tiff,True,True
7274571a802c724b6bb60c4e0ba08bee,D:\prostat\train_images\7274571a802c724b6bb60c4e0ba08bee.tiff,True,True
8df43ebd07c7eb0eeac8346283dcb5f7,D:\prostat\train_images\8df43ebd07c7eb0eeac8346283dcb5f7.tiff,True,True
aa1de252963cb99a7c6cf9288d809be7,D:\prostat\train_images\aa1de252963cb99a7c6cf9288d809be7.tiff,True,True
abf5960dc8f8c6ba6b9d987a6dc603c0,D:\prostat\train_images\abf5960dc8f8c6ba6b9d987a6dc603c0.tiff,True,True
bf93cd1d6ee723d3ffde49ed442c41da,D:\prostat\train_images\bf93cd1d6ee723d3ffde49ed442c41da.tiff,True,True
5ae7134c28c47387bd8c5aa8d044a682,D:\prostat\train_images\5ae7134c28c47387bd8c5aa8d044a682.tiff,True,True
fd9c0a935d2f7830682924b79130c0ba,D:\prostat\train_images\fd9c0a935d2f7830682924b79130c0ba.tiff,True,True
622f9fbf44de6f0650d02b3088911446,D:\prostat\train_images\622f9fbf44de6f0650d02b3088911446.tiff,True,True
89f2a2a4e2924dfd716ebe784b4b1b72,D:\prostat\train_images\89f2a2a4e2924dfd716ebe784b4b1b72.tiff,True,True
b625717ff0c0764edc883bc360e30d30,D:\prostat\train_images\b625717ff0c0764edc883bc360e30d30.tiff,True,True
982b6631c1ceadb6bbf9f693f687917f,D:\prostat\train_images\982b6631c1ceadb6bbf9f693f687917f.tiff,True,True
7ebe7851c6869af01dcf7c4a23524bd3,D:\prostat\train_images\7ebe7851c6869af01dcf7c4a23524bd3.tiff,True,True
9a4ba048c62623465d6a7a0d8549a657,D:\prostat\train_images\9a4ba048c62623465d6a7a0d8549a657.tiff,True,True
6944574816971eda40c20e1e05ad501d,D:\prostat\train_images\6944574816971eda40c20e1e05ad501d.tiff,True,True
ce5e7a97342ec550c5e0d6212ce3c374,D:\prostat\train_images\ce5e7a97342ec550c5e0d6212ce3c374.tiff,True,True
281a317af902949d02d14c41f5762013,D:\prostat\train_images\281a317af902949d02d14c41f5762013.tiff,True,True
2b5c8f68994cec1f26e894850ab51704,D:\prostat\train_images\2b5c8f68994cec1f26e894850ab51704.tiff,True,True
dd8421355eeb8bbf9f0907a09497e890,D:\prostat\train_images\dd8421355eeb8bbf9f0907a09497e890.tiff,True,True
b9f7b1047221dedd4fec6977eca016ec,D:\prostat\train_images\b9f7b1047221dedd4fec6977eca016ec.tiff,True,True
6cbd1d9807064986288d3fbd367e746c,D:\prostat\train_images\6cbd1d9807064986288d3fbd367e746c.tiff,True,True
40d6e4442b79b10865ca062d189c8913,D:\prostat\train_images\40d6e4442b79b10865ca062d189c8913.tiff,True,True
b16d6bd187daeab37bd5e6ba9c5ec1ba,D:\prostat\train_images\b16d6bd187daeab37bd5e6ba9c5ec1ba.tiff,True,True
cf8b47846bb4ca7eb4445600a32480b1,D:\prostat\train_images\cf8b47846bb4ca7eb4445600a32480b1.tiff,True,True
7746e3e26cb571b77521d430398c2cc0,D:\prostat\train_images\7746e3e26cb571b77521d430398c2cc0.tiff,True,True
782b123f591d199d327080d8a9d045d1,D:\prostat\train_images\782b123f591d199d327080d8a9d045d1.tiff,True,True
514f894a5d88a2f7b8a36109c0caa4e2,D:\prostat\train_images\514f894a5d88a2f7b8a36109c0caa4e2.tiff,True,True
7097af00518c3d9b003a0a016f358990,D:\prostat\train_images\7097af00518c3d9b003a0a016f358990.tiff,True,True
eb15bfa8f37ebcbd3bf26ea07060f491,D:\prostat\train_images\eb15bfa8f37ebcbd3bf26ea07060f491.tiff,True,True
839f825f343d05ed5eaa0ddbc5455871,D:\prostat\train_images\839f825f343d05ed5eaa0ddbc5455871.tiff,True,True
a5e22243152d5cc871983364ae7b6e95,D:\prostat\train_images\a5e22243152d5cc871983364ae7b6e95.tiff,True,True
267ba1e851e2ef1c9e6714ad50d09bb7,D:\prostat\train_images\267ba1e851e2ef1c9e6714ad50d09bb7.tiff,True,True
d3c90e3b04360cdbeadad04e64cd5e2c,D:\prostat\train_images\d3c90e3b04360cdbeadad04e64cd5e2c.tiff,True,True
422b4ad7f54156241e47124b3c6e0756,D:\prostat\train_images\422b4ad7f54156241e47124b3c6e0756.tiff,True,True
49f730814453082b10d8fc713bd511ee,D:\prostat\train_images\49f730814453082b10d8fc713bd511ee.tiff,True,True
8e9fa23bd67888cbddd7203f3a2db9fe,D:\prostat\train_images\8e9fa23bd67888cbddd7203f3a2db9fe.tiff,True,True
69f0dfb6f42c910861aa0bbb23a12639,D:\prostat\train_images\69f0dfb6f42c910861aa0bbb23a12639.tiff,True,True
e312107a00076baeb1f1dc9497d2cee6,D:\prostat\train_images\e312107a00076baeb1f1dc9497d2cee6.tiff,True,True
44763cd60166db3c15077ca5ac0d1a28,D:\prostat\train_images\44763cd60166db3c15077ca5ac0d1a28.tiff,True,True
2bb71a08eb8c45dc81ff474387144987,D:\prostat\train_images\2bb71a08eb8c45dc81ff474387144987.tiff,True,True
3a624ae0d560c6d61d4143a5f90bd801,D:\prostat\train_images\3a624ae0d560c6d61d4143a5f90bd801.tiff,True,True
ede8541318635beb3244e1ecf2bae080,D:\prostat\train_images\ede8541318635beb3244e1ecf2bae080.tiff,True,True
2639c2ede0d5a7cf6e924c67fedf60d7,D:\prostat\train_images\2639c2ede0d5a7cf6e924c67fedf60d7.tiff,True,True
473554584a1ab1f83aa3e758b6c6238b,D:\prostat\train_images\473554584a1ab1f83aa3e758b6c6238b.tiff,True,True
a07fe1aaac5b3147fa1450b39b05e5c9,D:\prostat\train_images\a07fe1aaac5b3147fa1450b39b05e5c9.tiff,True,True
c700a1b37758fd69f789af12118d12b9,D:\prostat\train_images\c700a1b37758fd69f789af12118d12b9.tiff,True,True
e2a398c41516ce8ffc8fb4c1fb9a20af,D:\prostat\train_images\e2a398c41516ce8ffc8fb4c1fb9a20af.tiff,True,True
7c7ba4a041b9bedb14fd83e7da0ac6e2,D:\prostat\train_images\7c7ba4a041b9bedb14fd83e7da0ac6e2.tiff,True,True
17ae9e54799a59930cca9015e503ac07,D:\prostat\train_images\17ae9e54799a59930cca9015e503ac07.tiff,True,True
f34713c3ba1e433268c056d42b29fef6,D:\prostat\train_images\f34713c3ba1e433268c056d42b29fef6.tiff,True,True
6cfcd028cfca9fb39a8976882d0167f2,D:\prostat\train_images\6cfcd028cfca9fb39a8976882d0167f2.tiff,True,True
af9753059221d85c645e3e0707ba3afe,D:\prostat\train_images\af9753059221d85c645e3e0707ba3afe.tiff,True,True
f5f823a0cd8f5dc53c9a6b7161c1cc02,D:\prostat\train_images\f5f823a0cd8f5dc53c9a6b7161c1cc02.tiff,True,True
fa2d82bc5c90ce86b88046cd216fc720,D:\prostat\train_images\fa2d82bc5c90ce86b88046cd216fc720.tiff,True,True
03d147633edaca0d112520ac2ce6f11d,D:\prostat\train_images\03d147633edaca0d112520ac2ce6f11d.tiff,True,True
738c290ad6589e07a3c07158f691dbf9,D:\prostat\train_images\738c290ad6589e07a3c07158f691dbf9.tiff,True,True
d1870bceedacbf78037200cae693a8ad,D:\prostat\train_images\d1870bceedacbf78037200cae693a8ad.tiff,True,True
310c3c470ea8bf65581df6c9e49262f9,D:\prostat\train_images\310c3c470ea8bf65581df6c9e49262f9.tiff,True,True
8afc7add70b4d06343b2b9f37f58cf65,D:\prostat\train_images\8afc7add70b4d06343b2b9f37f58cf65.tiff,True,True
e28c566407ff5c15179ef801e8fbfeaf,D:\prostat\train_images\e28c566407ff5c15179ef801e8fbfeaf.tiff,True,True
69a4552b4624ba6c770a637769fb5d4f,D:\prostat\train_images\69a4552b4624ba6c770a637769fb5d4f.tiff,True,True
03a1deb18638f73ce898b2adac1c8ec9,D:\prostat\train_images\03a1deb18638f73ce898b2adac1c8ec9.tiff,True,True
c63361a19fceb15ebcb5340a5712fbb7,D:\prostat\train_images\c63361a19fceb15ebcb5340a5712fbb7.tiff,True,True
9d1409234a18d9419bfd8ee214c50ed8,D:\prostat\train_images\9d1409234a18d9419bfd8ee214c50ed8.tiff,True,True
ae0fead0becdfd46f9182a8cc9321b2c,D:\prostat\train_images\ae0fead0becdfd46f9182a8cc9321b2c.tiff,True,True
26cdc0af323b18d54925546b032e442c,D:\prostat\train_images\26cdc0af323b18d54925546b032e442c.tiff,True,True
e85bc7944c6dad97514e5dbbf774ace4,D:\prostat\train_images\e85bc7944c6dad97514e5dbbf774ace4.tiff,True,True
9aa7af9abe0bb29823762cb8aac52db7,D:\prostat\train_images\9aa7af9abe0bb29823762cb8aac52db7.tiff,True,True
ee969b43c03669148a16cd7246e3ddd0,D:\prostat\train_images\ee969b43c03669148a16cd7246e3ddd0.tiff,True,True
5928bdfc6686f27736c3248c3e4db6e6,D:\prostat\train_images\5928bdfc6686f27736c3248c3e4db6e6.tiff,True,True
66f04788a17915feba394290384e13a4,D:\prostat\train_images\66f04788a17915feba394290384e13a4.tiff,True,True
a95da88c722c175fc8bdfdd1959cf111,D:\prostat\train_images\a95da88c722c175fc8bdfdd1959cf111.tiff,True,True
ac8682bef4c6309210b50279feff0a83,D:\prostat\train_images\ac8682bef4c6309210b50279feff0a83.tiff,True,True
f0aa8148ce45747389ea072aaaae57ae,D:\prostat\train_images\f0aa8148ce45747389ea072aaaae57ae.tiff,True,True
a7f12fc7f665bc039d7eb3c4b08bc1c4,D:\prostat\train_images\a7f12fc7f665bc039d7eb3c4b08bc1c4.tiff,True,True
61752bfc0be53841adf3020c8e1a140a,D:\prostat\train_images\61752bfc0be53841adf3020c8e1a140a.tiff,True,True
aaef504823a0043ebc6063bc805baa38,D:\prostat\train_images\aaef504823a0043ebc6063bc805baa38.tiff,True,True
5d1abefd41a6663e33995134cbd44838,D:\prostat\train_images\5d1abefd41a6663e33995134cbd44838.tiff,True,True
9f2a22b244a146290d6b6671f909c04c,D:\prostat\train_images\9f2a22b244a146290d6b6671f909c04c.tiff,True,True
51bafd5da96470feb83f9a928c4bf540,D:\prostat\train_images\51bafd5da96470feb83f9a928c4bf540.tiff,True,True
ef53146fcc9c40a0f9a55897f507c38d,D:\prostat\train_images\ef53146fcc9c40a0f9a55897f507c38d.tiff,True,True
b578ce675d9949d4d8b361150617024b,D:\prostat\train_images\b578ce675d9949d4d8b361150617024b.tiff,True,True
c1f1eb01b8312dfa1acd912637b41727,D:\prostat\train_images\c1f1eb01b8312dfa1acd912637b41727.tiff,True,True
9ebd35f647f01e62772ebc4fa30d8a99,D:\prostat\train_images\9ebd35f647f01e62772ebc4fa30d8a99.tiff,True,True
0a90417765296ad56c6c4c401eae71bd,D:\prostat\train_images\0a90417765296ad56c6c4c401eae71bd.tiff,True,True
01065a75c0dfd95f78893ebbfd3c70b3,D:\prostat\train_images\01065a75c0dfd95f78893ebbfd3c70b3.tiff,True,True
13e0eb0bb20ae07ee32ce2d6a70ed9ff,D:\prostat\train_images\13e0eb0bb20ae07ee32ce2d6a70ed9ff.tiff,True,True
f0098375c984c08db1a94086d80e7f27,D:\prostat\train_images\f0098375c984c08db1a94086d80e7f27.tiff,True,True
3a8216ba5ef23e99868f7c17e8e64411,D:\prostat\train_images\3a8216ba5ef23e99868f7c17e8e64411.tiff,True,True
c5b7afdd9e4cd1b13dd545fe28735620,D:\prostat\train_images\c5b7afdd9e4cd1b13dd545fe28735620.tiff,True,True
05f4e9415af9fdabc19109c980daf5ad,D:\prostat\train_images\05f4e9415af9fdabc19109c980daf5ad.tiff,True,True
31e82faf725d625e322f58692dd90ac1,D:\prostat\train_images\31e82faf725d625e322f58692dd90ac1.tiff,True,True
65b59d73dd788168afab76694d39529c,D:\prostat\train_images\65b59d73dd788168afab76694d39529c.tiff,True,True
756d99387536d5721fcf4cf590627179,D:\prostat\train_images\756d99387536d5721fcf4cf590627179.tiff,True,True
37a8139578e30b6572bfd3d2145e6543,D:\prostat\train_images\37a8139578e30b6572bfd3d2145e6543.tiff,True,True
f699fbdf8bec0b3e390edefe41976d15,D:\prostat\train_images\f699fbdf8bec0b3e390edefe41976d15.tiff,True,True
afb786dcd4f4e52d53fa777db9708d02,D:\prostat\train_images\afb786dcd4f4e52d53fa777db9708d02.tiff,True,True
d6278afea5048a9494af240884f3b038,D:\prostat\train_images\d6278afea5048a9494af240884f3b038.tiff,True,True
f40c17b3402d3937434e08f419ebb3d9,D:\prostat\train_images\f40c17b3402d3937434e08f419ebb3d9.tiff,True,True
de61189b0703edb4ba5d9e53f4ce9cc5,D:\prostat\train_images\de61189b0703edb4ba5d9e53f4ce9cc5.tiff,True,True
867b35251feb629d68d6801ca1af88b3,D:\prostat\train_images\867b35251feb629d68d6801ca1af88b3.tiff,True,True
2a6d0c4bd562bb83e9863a175af50de4,D:\prostat\train_images\2a6d0c4bd562bb83e9863a175af50de4.tiff,True,True
c8406145326f8bebae90c13caebc1c6f,D:\prostat\train_images\c8406145326f8bebae90c13caebc1c6f.tiff,True,True
28df755fd0a605c432d3342214f8cd65,D:\prostat\train_images\28df755fd0a605c432d3342214f8cd65.tiff,True,True
db14911cd56305234f105cf952dff9b9,D:\prostat\train_images\db14911cd56305234f105cf952dff9b9.tiff,True,True
430b5a7cdb95a3cfc6ff30bfb4de1ac2,D:\prostat\train_images\430b5a7cdb95a3cfc6ff30bfb4de1ac2.tiff,True,True
a0295d7cbc9790650917d1d23c5b8356,D:\prostat\train_images\a0295d7cbc9790650917d1d23c5b8356.tiff,True,True
842fc7d05049fbba28cd4a0292ef2bd9,D:\prostat\train_images\842fc7d05049fbba28cd4a0292ef2bd9.tiff,True,True
91afb93637f5f86aacf904fcbe2bf5d9,D:\prostat\train_images\91afb93637f5f86aacf904fcbe2bf5d9.tiff,True,True
75423e7c7aec5ed80bc70b62e9ff62c0,D:\prostat\train_images\75423e7c7aec5ed80bc70b62e9ff62c0.tiff,True,True
9c5229cbfdd9234f73a514b0a2f0ad4b,D:\prostat\train_images\9c5229cbfdd9234f73a514b0a2f0ad4b.tiff,True,True
b98c37f6daa324286df7b426b42cf3d9,D:\prostat\train_images\b98c37f6daa324286df7b426b42cf3d9.tiff,True,True
6651573b179734d9205f592604191b67,D:\prostat\train_images\6651573b179734d9205f592604191b67.tiff,True,True
47ba1e7344da00d621596e398521adf3,D:\prostat\train_images\47ba1e7344da00d621596e398521adf3.tiff,True,True
8690e050e07c2c2aa86f442125b3424f,D:\prostat\train_images\8690e050e07c2c2aa86f442125b3424f.tiff,True,True
28cf4db2f0e24ad607e0267e83980799,D:\prostat\train_images\28cf4db2f0e24ad607e0267e83980799.tiff,True,True
2efc345029c31b8c52f224ced1029ff8,D:\prostat\train_images\2efc345029c31b8c52f224ced1029ff8.tiff,True,True
a067b076fca33e4b22dd6f1024bfe369,D:\prostat\train_images\a067b076fca33e4b22dd6f1024bfe369.tiff,True,True
38b57271d9d5c552236511e9c5d4cf04,D:\prostat\train_images\38b57271d9d5c552236511e9c5d4cf04.tiff,True,True
7569c687588682f6eb814d95ef223ceb,D:\prostat\train_images\7569c687588682f6eb814d95ef223ceb.tiff,True,True
03b3788b5dca6fdae323d0f1a03c03f6,D:\prostat\train_images\03b3788b5dca6fdae323d0f1a03c03f6.tiff,True,True
491f1c9e8e27e4660ed001d968610ed6,D:\prostat\train_images\491f1c9e8e27e4660ed001d968610ed6.tiff,True,True
d24132a1799988d8e8580e46d2123897,D:\prostat\train_images\d24132a1799988d8e8580e46d2123897.tiff,True,True
392ed359fef6a1a65f667f2207337aff,D:\prostat\train_images\392ed359fef6a1a65f667f2207337aff.tiff,True,True
ddc6c2922dc99fb10a2527e5e830ad77,D:\prostat\train_images\ddc6c2922dc99fb10a2527e5e830ad77.tiff,True,True
abfa36e4517733d5fe37f639328a736c,D:\prostat\train_images\abfa36e4517733d5fe37f639328a736c.tiff,True,True
57725223a6509d9038d62a49cca3588b,D:\prostat\train_images\57725223a6509d9038d62a49cca3588b.tiff,True,True
eb62229279cd8ab73c9ca81171f14762,D:\prostat\train_images\eb62229279cd8ab73c9ca81171f14762.tiff,True,True
c5aa2c9c8960c835f7e7daa2b86ec0e2,D:\prostat\train_images\c5aa2c9c8960c835f7e7daa2b86ec0e2.tiff,True,True
c8b78becc5b3eb17f81bfdbc55d2029e,D:\prostat\train_images\c8b78becc5b3eb17f81bfdbc55d2029e.tiff,True,True
cc09aad9e5b48edafbd9e4775cc58b99,D:\prostat\train_images\cc09aad9e5b48edafbd9e4775cc58b99.tiff,True,True
ee4957f6544985b0d44ed126ae15500f,D:\prostat\train_images\ee4957f6544985b0d44ed126ae15500f.tiff,True,True
a2f1af7bf2b86cdabfcffe65d8424a3a,D:\prostat\train_images\a2f1af7bf2b86cdabfcffe65d8424a3a.tiff,True,True
5f95d17c869a6b92214c6b0c2aebfccb,D:\prostat\train_images\5f95d17c869a6b92214c6b0c2aebfccb.tiff,True,True
8f4163f9e76ce4d47678985228bace09,D:\prostat\train_images\8f4163f9e76ce4d47678985228bace09.tiff,True,True
cc6cc8edfde85b399233cf8d891de0a0,D:\prostat\train_images\cc6cc8edfde85b399233cf8d891de0a0.tiff,True,True
93118746dd91a114db2b4f2d59d43b74,D:\prostat\train_images\93118746dd91a114db2b4f2d59d43b74.tiff,True,True
8b1498de9e4860dfa6318d2426c9ffa8,D:\prostat\train_images\8b1498de9e4860dfa6318d2426c9ffa8.tiff,True,True
cf843d7b7445702821728d9f3239cede,D:\prostat\train_images\cf843d7b7445702821728d9f3239cede.tiff,True,True
f7d2a425f1cd82d6c06dc1b0fb0af869,D:\prostat\train_images\f7d2a425f1cd82d6c06dc1b0fb0af869.tiff,True,True
19929dc431ae4560780d6a92a8e9fd20,D:\prostat\train_images\19929dc431ae4560780d6a92a8e9fd20.tiff,True,True
fd8e22703f13041daec8ee1e560392a9,D:\prostat\train_images\fd8e22703f13041daec8ee1e560392a9.tiff,True,True
39f81a4d7b5b86706391dcc09a4c2e94,D:\prostat\train_images\39f81a4d7b5b86706391dcc09a4c2e94.tiff,True,True
eb78715d70073992ae1b97d02a0d106a,D:\prostat\train_images\eb78715d70073992ae1b97d02a0d106a.tiff,True,True
1a4cd10d5927f583f1a6c78dbc5a4765,D:\prostat\train_images\1a4cd10d5927f583f1a6c78dbc5a4765.tiff,True,True
432757c5b256f8e55d71863b486c89ee,D:\prostat\train_images\432757c5b256f8e55d71863b486c89ee.tiff,True,True
b20b5b841b6f7c1726599e067de01bae,D:\prostat\train_images\b20b5b841b6f7c1726599e067de01bae.tiff,True,True
7252d0b847fb0a633458317990b22496,D:\prostat\train_images\7252d0b847fb0a633458317990b22496.tiff,True,True
be403ce415609008605d63396869ed2e,D:\prostat\train_images\be403ce415609008605d63396869ed2e.tiff,True,True
ec11cdbfe083f766ebc6a851353a1662,D:\prostat\train_images\ec11cdbfe083f766ebc6a851353a1662.tiff,True,True
c6112ea98e3420ecd09ba20275a4aa21,D:\prostat\train_images\c6112ea98e3420ecd09ba20275a4aa21.tiff,True,True
f14ab472f807f53303d5f1b27703936b,D:\prostat\train_images\f14ab472f807f53303d5f1b27703936b.tiff,True,True
494a1bf06ff096d5949754b5d31f6805,D:\prostat\train_images\494a1bf06ff096d5949754b5d31f6805.tiff,True,True
c4cca933ba31dd08c18b9b607b73d90c,D:\prostat\train_images\c4cca933ba31dd08c18b9b607b73d90c.tiff,True,True
98d7667df6f6ac24f4308cf432868d80,D:\prostat\train_images\98d7667df6f6ac24f4308cf432868d80.tiff,True,True
ab81f1e238ba4350b836f161a0c5c043,D:\prostat\train_images\ab81f1e238ba4350b836f161a0c5c043.tiff,True,True
a0150f4d6d9f6f3b2b5a240b099df000,D:\prostat\train_images\a0150f4d6d9f6f3b2b5a240b099df000.tiff,True,True
0bf296ea0621d5539aa1ca71600e1f09,D:\prostat\train_images\0bf296ea0621d5539aa1ca71600e1f09.tiff,True,True
c6d1785d67be481c683340160bf95690,D:\prostat\train_images\c6d1785d67be481c683340160bf95690.tiff,True,True
b3a2dc7547bc580c6f3923c61db42051,D:\prostat\train_images\b3a2dc7547bc580c6f3923c61db42051.tiff,True,True
c0270e947c993630a8142ccbda3dc77e,D:\prostat\train_images\c0270e947c993630a8142ccbda3dc77e.tiff,True,True
8369d7bac658189235a5d774d6ee5f71,D:\prostat\train_images\8369d7bac658189235a5d774d6ee5f71.tiff,True,True
44c5c8997f5302614e8f245c86611d84,D:\prostat\train_images\44c5c8997f5302614e8f245c86611d84.tiff,True,True
f31612c68725d78ee2e9632017c799e2,D:\prostat\train_images\f31612c68725d78ee2e9632017c799e2.tiff,True,True
2a709812f21cab8f45ccc91371b7dc5f,D:\prostat\train_images\2a709812f21cab8f45ccc91371b7dc5f.tiff,True,True
6e2e6f847032e2b8823d91cd52b3ef2a,D:\prostat\train_images\6e2e6f847032e2b8823d91cd52b3ef2a.tiff,True,True
4fe6ff5410a3de6abc9aa769198ed26f,D:\prostat\train_images\4fe6ff5410a3de6abc9aa769198ed26f.tiff,True,True
7a8b6bab463a5bb84042635acbac50cf,D:\prostat\train_images\7a8b6bab463a5bb84042635acbac50cf.tiff,True,True
29bbcff6625bfabb9f01a0c3244980b3,D:\prostat\train_images\29bbcff6625bfabb9f01a0c3244980b3.tiff,True,True
07f1c3248162f27276cc1ce3a262f05d,D:\prostat\train_images\07f1c3248162f27276cc1ce3a262f05d.tiff,True,True
0bce55d17bcc628e62c843a2420e723d,D:\prostat\train_images\0bce55d17bcc628e62c843a2420e723d.tiff,True,True
fdad73308669459f04e6c8e14c38a56f,D:\prostat\train_images\fdad73308669459f04e6c8e14c38a56f.tiff,True,True
d0022aa1cfea58d296af9aa1c4a7285b,D:\prostat\train_images\d0022aa1cfea58d296af9aa1c4a7285b.tiff,True,True
e70a78a696e2e294dc4ebaf48c449804,D:\prostat\train_images\e70a78a696e2e294dc4ebaf48c449804.tiff,True,True
30379b51a55f270ba254de56f795af5f,D:\prostat\train_images\30379b51a55f270ba254de56f795af5f.tiff,True,True
b6f5bd8eaf13e4fad8dc583faea86484,D:\prostat\train_images\b6f5bd8eaf13e4fad8dc583faea86484.tiff,True,True
9181bae76adbd66f7a603698945dbb9f,D:\prostat\train_images\9181bae76adbd66f7a603698945dbb9f.tiff,True,True
4817f7eca9697088d10623470bd5e7d2,D:\prostat\train_images\4817f7eca9697088d10623470bd5e7d2.tiff,True,True
896ad51054f2f9f44429430f3c52adb8,D:\prostat\train_images\896ad51054f2f9f44429430f3c52adb8.tiff,True,True
f28915d34c10051b4a91d30d2cbca62c,D:\prostat\train_images\f28915d34c10051b4a91d30d2cbca62c.tiff,True,True
97a05e9e27faa5d82ad5314364b74173,D:\prostat\train_images\97a05e9e27faa5d82ad5314364b74173.tiff,True,True
d887469d2d1a490b480e32c145c68469,D:\prostat\train_images\d887469d2d1a490b480e32c145c68469.tiff,True,True
be8e1ec9875b03c8dca50cc53c594408,D:\prostat\train_images\be8e1ec9875b03c8dca50cc53c594408.tiff,True,True
5801d2195cdcd8d336e8fc097c51a788,D:\prostat\train_images\5801d2195cdcd8d336e8fc097c51a788.tiff,True,True
e31144c075410954862f7fde0acacfe2,D:\prostat\train_images\e31144c075410954862f7fde0acacfe2.tiff,True,True
b643e2b264348f36e8dfff03d78d193f,D:\prostat\train_images\b643e2b264348f36e8dfff03d78d193f.tiff,True,True
da517beeeaf103a75e2a716d46643b49,D:\prostat\train_images\da517beeeaf103a75e2a716d46643b49.tiff,True,True
7dc96e4c875886e486b787b3787249ac,D:\prostat\train_images\7dc96e4c875886e486b787b3787249ac.tiff,True,True
a96764032e53b16ef7b0d99a79e020ad,D:\prostat\train_images\a96764032e53b16ef7b0d99a79e020ad.tiff,True,True
27b41e2cc69f73452fd35f3d72d1350f,D:\prostat\train_images\27b41e2cc69f73452fd35f3d72d1350f.tiff,True,True
8dbe3cdc6b82d368c82e44f054477769,D:\prostat\train_images\8dbe3cdc6b82d368c82e44f054477769.tiff,True,True
ccfca35fc6e072b7f53082fd5aeb0e86,D:\prostat\train_images\ccfca35fc6e072b7f53082fd5aeb0e86.tiff,True,True
5a6b69b21fd586cb4d71597a614c07e5,D:\prostat\train_images\5a6b69b21fd586cb4d71597a614c07e5.tiff,True,True
294c41defe507592692b93bb10c33123,D:\prostat\train_images\294c41defe507592692b93bb10c33123.tiff,True,True
fc8bbe93363ee983d99c949f41ea180f,D:\prostat\train_images\fc8bbe93363ee983d99c949f41ea180f.tiff,True,True
d1f6f641995b6e6753793d9029339fb9,D:\prostat\train_images\d1f6f641995b6e6753793d9029339fb9.tiff,True,True
2e9e4edca77424744faf152caf4408bc,D:\prostat\train_images\2e9e4edca77424744faf152caf4408bc.tiff,True,True
5c707b3792821638b84b524ef9ad3d4e,D:\prostat\train_images\5c707b3792821638b84b524ef9ad3d4e.tiff,True,True
ac9194d5fe150505d176ca4b96b4be0b,D:\prostat\train_images\ac9194d5fe150505d176ca4b96b4be0b.tiff,True,True
ba6440ef35c6feeb3ed6c5b20b8f6b50,D:\prostat\train_images\ba6440ef35c6feeb3ed6c5b20b8f6b50.tiff,True,True
38c58a8f4dfa6e560ed4f28bf404ad64,D:\prostat\train_images\38c58a8f4dfa6e560ed4f28bf404ad64.tiff,True,True
f084bbeecf2e9590bbdf2c5b48708072,D:\prostat\train_images\f084bbeecf2e9590bbdf2c5b48708072.tiff,True,True
702f699c767a9e084ebb17df8d90636b,D:\prostat\train_images\702f699c767a9e084ebb17df8d90636b.tiff,True,True
96daa0c757713deeb2148c1952063648,D:\prostat\train_images\96daa0c757713deeb2148c1952063648.tiff,True,True
620261483418740878617c4e04015457,D:\prostat\train_images\620261483418740878617c4e04015457.tiff,True,True
d313b85c97ec5f0a01d507f162665986,D:\prostat\train_images\d313b85c97ec5f0a01d507f162665986.tiff,True,True
39b14d182b154dde40a68ef7e9486065,D:\prostat\train_images\39b14d182b154dde40a68ef7e9486065.tiff,True,True
eb0784168cd25dac78137baa950b3c73,D:\prostat\train_images\eb0784168cd25dac78137baa950b3c73.tiff,True,True
7d8bfadf719ab35fe6c510a667a5fca6,D:\prostat\train_images\7d8bfadf719ab35fe6c510a667a5fca6.tiff,True,True
142aba6117eac17884a4bb4c99f7b78a,D:\prostat\train_images\142aba6117eac17884a4bb4c99f7b78a.tiff,True,True
15d988a363c6d81572a8ed9ccc3f46f6,D:\prostat\train_images\15d988a363c6d81572a8ed9ccc3f46f6.tiff,True,True
6c96bbaf8306071cfec8d90f54ede8c2,D:\prostat\train_images\6c96bbaf8306071cfec8d90f54ede8c2.tiff,True,True
f065aa3e43c7259d03e12b11bc9deb1f,D:\prostat\train_images\f065aa3e43c7259d03e12b11bc9deb1f.tiff,True,True
7d300ac8ceabc7e29843d849dc54c474,D:\prostat\train_images\7d300ac8ceabc7e29843d849dc54c474.tiff,True,True
fce245d75cbaf17b6ff941791ca92987,D:\prostat\train_images\fce245d75cbaf17b6ff941791ca92987.tiff,True,True
29d140073e1fe204faacd8b1ff2086d8,D:\prostat\train_images\29d140073e1fe204faacd8b1ff2086d8.tiff,True,True
f2a4e5be2fa33f6e89056cd20529a499,D:\prostat\train_images\f2a4e5be2fa33f6e89056cd20529a499.tiff,True,True
efa1f2dc428cd2c756703a46a6528159,D:\prostat\train_images\efa1f2dc428cd2c756703a46a6528159.tiff,True,True
46238218f38cd4ab08a945755fb5fc63,D:\prostat\train_images\46238218f38cd4ab08a945755fb5fc63.tiff,True,True
665fcad8a2159796d111633809f6d0b3,D:\prostat\train_images\665fcad8a2159796d111633809f6d0b3.tiff,True,True
758abc79f666a398d3d3bde30eb9db2e,D:\prostat\train_images\758abc79f666a398d3d3bde30eb9db2e.tiff,True,True
73f6bfb643e1d0d8d3868b7f1f0cd33d,D:\prostat\train_images\73f6bfb643e1d0d8d3868b7f1f0cd33d.tiff,True,True
ba99968b0499b6e2dca442a101a2259c,D:\prostat\train_images\ba99968b0499b6e2dca442a101a2259c.tiff,True,True
ea1120bc6d2ec892001dfa0c6fce96a4,D:\prostat\train_images\ea1120bc6d2ec892001dfa0c6fce96a4.tiff,True,True
da5fc79f09ea997183453a16d8f3c393,D:\prostat\train_images\da5fc79f09ea997183453a16d8f3c393.tiff,True,True
1975c20bde8ee4ef2fe32b7a3a7b3656,D:\prostat\train_images\1975c20bde8ee4ef2fe32b7a3a7b3656.tiff,True,True
8d2d81395c6a14a4683d92b7db8bf18b,D:\prostat\train_images\8d2d81395c6a14a4683d92b7db8bf18b.tiff,True,True
d7b7b3e3d85c768d7a453e50679f2a80,D:\prostat\train_images\d7b7b3e3d85c768d7a453e50679f2a80.tiff,True,True
8b1293493098a9bd999ef0c0dfdee134,D:\prostat\train_images\8b1293493098a9bd999ef0c0dfdee134.tiff,True,True
6a6fd85a99a3e047f479e3b82379a23a,D:\prostat\train_images\6a6fd85a99a3e047f479e3b82379a23a.tiff,True,True
b993648443f3e9ff352b64202528592b,D:\prostat\train_images\b993648443f3e9ff352b64202528592b.tiff,True,True
86f0a558cecdc39f6ace44364795f747,D:\prostat\train_images\86f0a558cecdc39f6ace44364795f747.tiff,True,True
b3585cffcf0fec3efdc8934b4f44e681,D:\prostat\train_images\b3585cffcf0fec3efdc8934b4f44e681.tiff,True,True
bd8574cd5bcbedb9213ca45e8beb7561,D:\prostat\train_images\bd8574cd5bcbedb9213ca45e8beb7561.tiff,True,True
027c4a5b5f9f1be80602ef51f2619bc2,D:\prostat\train_images\027c4a5b5f9f1be80602ef51f2619bc2.tiff,True,True
659605aeb955654bfd576bea20447b06,D:\prostat\train_images\659605aeb955654bfd576bea20447b06.tiff,True,True
e8305f87e3ba6f187920804740068790,D:\prostat\train_images\e8305f87e3ba6f187920804740068790.tiff,True,True
603ae4e9d3655f21702d565d880f626c,D:\prostat\train_images\603ae4e9d3655f21702d565d880f626c.tiff,True,True
f2d3ffcb3aa600272d70fe13b62a56e9,D:\prostat\train_images\f2d3ffcb3aa600272d70fe13b62a56e9.tiff,True,True
7e43dec1572c29fac7a8e6ed7905e927,D:\prostat\train_images\7e43dec1572c29fac7a8e6ed7905e927.tiff,True,True
c3249c406e4f7d0f508c8bd96dd32c56,D:\prostat\train_images\c3249c406e4f7d0f508c8bd96dd32c56.tiff,True,True
ec351f4577baf670e6008a5ad49c9e96,D:\prostat\train_images\ec351f4577baf670e6008a5ad49c9e96.tiff,True,True
0c4c5c0598098cb221d34dc154cca14f,D:\prostat\train_images\0c4c5c0598098cb221d34dc154cca14f.tiff,True,True
6a1dcc77903fd69eda1aa8a631630e0d,D:\prostat\train_images\6a1dcc77903fd69eda1aa8a631630e0d.tiff,True,True
d14168b713f3ba30243a69837a001115,D:\prostat\train_images\d14168b713f3ba30243a69837a001115.tiff,True,True
c071f89d0a9d629aa19c3ea7f90bd38f,D:\prostat\train_images\c071f89d0a9d629aa19c3ea7f90bd38f.tiff,True,True
fbb8090f001cfe840cbe84d42e70bab8,D:\prostat\train_images\fbb8090f001cfe840cbe84d42e70bab8.tiff,True,True
f91d27d0216aa979a0c89f465a03d990,D:\prostat\train_images\f91d27d0216aa979a0c89f465a03d990.tiff,True,True
73df680f7884e13355a1f1fc2bacc3a4,D:\prostat\train_images\73df680f7884e13355a1f1fc2bacc3a4.tiff,True,True
98eff279b10d8e5186e406ef91de2f3f,D:\prostat\train_images\98eff279b10d8e5186e406ef91de2f3f.tiff,True,True
cf7bed5666c8638e33d0aa9d39d7a5f7,D:\prostat\train_images\cf7bed5666c8638e33d0aa9d39d7a5f7.tiff,True,True
84271b2059eff69d4cfbbb59670b8592,D:\prostat\train_images\84271b2059eff69d4cfbbb59670b8592.tiff,True,True
e8dd1df7bd9dc88018dca26d92558464,D:\prostat\train_images\e8dd1df7bd9dc88018dca26d92558464.tiff,True,True
a94d63bd5c038c48f6a280233c3c7dd5,D:\prostat\train_images\a94d63bd5c038c48f6a280233c3c7dd5.tiff,True,True
eed17c97383c541f6cca658f3482f429,D:\prostat\train_images\eed17c97383c541f6cca658f3482f429.tiff,True,True
01571191abf6e8e209111e819823759b,D:\prostat\train_images\01571191abf6e8e209111e819823759b.tiff,True,True
ef20ad4052dba940a75b752f48432737,D:\prostat\train_images\ef20ad4052dba940a75b752f48432737.tiff,True,True
78e15fff6ef70715b6f5b44caf905f97,D:\prostat\train_images\78e15fff6ef70715b6f5b44caf905f97.tiff,True,True
0febce723014e9ed2afe3bf5325775cc,D:\prostat\train_images\0febce723014e9ed2afe3bf5325775cc.tiff,True,True
b15ee85e92a380eb49fe71b675108ca1,D:\prostat\train_images\b15ee85e92a380eb49fe71b675108ca1.tiff,True,True
ba4a1e8412d6376304ae051d32184ce6,D:\prostat\train_images\ba4a1e8412d6376304ae051d32184ce6.tiff,True,True
a8d547b83d523669de401e539503ab03,D:\prostat\train_images\a8d547b83d523669de401e539503ab03.tiff,True,True
3bdd92d91566a9719c76ca639db6a143,D:\prostat\train_images\3bdd92d91566a9719c76ca639db6a143.tiff,True,True
554970412cd2907b5a93ee5ec013965e,D:\prostat\train_images\554970412cd2907b5a93ee5ec013965e.tiff,True,True
51575a95f3abba1c044c63402ed9d219,D:\prostat\train_images\51575a95f3abba1c044c63402ed9d219.tiff,True,True
0aa6472328e4807ba54a807b8332da0f,D:\prostat\train_images\0aa6472328e4807ba54a807b8332da0f.tiff,True,True
89f418346fc412a6458aaa05a224af3a,D:\prostat\train_images\89f418346fc412a6458aaa05a224af3a.tiff,True,True
f1522c30e3d4f858a9eb87f596e04483,D:\prostat\train_images\f1522c30e3d4f858a9eb87f596e04483.tiff,True,True
4ca150db7ce751d5a095fd41ba227c25,D:\prostat\train_images\4ca150db7ce751d5a095fd41ba227c25.tiff,True,True
38bfa0ce8a23812ec8e74371a85e0077,D:\prostat\train_images\38bfa0ce8a23812ec8e74371a85e0077.tiff,True,True
ea0f498ce59e7ed24de3737c10ced4f2,D:\prostat\train_images\ea0f498ce59e7ed24de3737c10ced4f2.tiff,True,True
04f28a8f394396872b7a9ede5041a80c,D:\prostat\train_images\04f28a8f394396872b7a9ede5041a80c.tiff,True,True
6c7c3d7b1d1fc86bcb91b75b18f67656,D:\prostat\train_images\6c7c3d7b1d1fc86bcb91b75b18f67656.tiff,True,True
38da5a625694c55fccb0c6daeb2fdd58,D:\prostat\train_images\38da5a625694c55fccb0c6daeb2fdd58.tiff,True,True
4b223c776c0ddb0699d74f3334c1e5e6,D:\prostat\train_images\4b223c776c0ddb0699d74f3334c1e5e6.tiff,True,True
5c25da900a402f4414069c93bcea9424,D:\prostat\train_images\5c25da900a402f4414069c93bcea9424.tiff,True,True
378e5f9c174b753e2269e584ba82a086,D:\prostat\train_images\378e5f9c174b753e2269e584ba82a086.tiff,True,True
660731988fc83bd94ff232ce81367420,D:\prostat\train_images\660731988fc83bd94ff232ce81367420.tiff,True,True
a21a526d2529b8d1029d854d3e37594e,D:\prostat\train_images\a21a526d2529b8d1029d854d3e37594e.tiff,True,True
70b7cff0f9d491805f74132bb41bb8f3,D:\prostat\train_images\70b7cff0f9d491805f74132bb41bb8f3.tiff,True,True
a58d6425e3c86c6d532cd57dc7504c13,D:\prostat\train_images\a58d6425e3c86c6d532cd57dc7504c13.tiff,True,True
632bb32084df3f4c50164c2c684d34ab,D:\prostat\train_images\632bb32084df3f4c50164c2c684d34ab.tiff,True,True
6d0b36e4884c8cf6458c7f69daaf6e08,D:\prostat\train_images\6d0b36e4884c8cf6458c7f69daaf6e08.tiff,True,True
08960c544011ae04f233828b7393fece,D:\prostat\train_images\08960c544011ae04f233828b7393fece.tiff,True,True
45a9d45f2407a6c68d665e2327f82cb0,D:\prostat\train_images\45a9d45f2407a6c68d665e2327f82cb0.tiff,True,True
8da76020de68a4803081fddf5c3178eb,D:\prostat\train_images\8da76020de68a4803081fddf5c3178eb.tiff,True,True
2f4f8ac22786b2606a4e307d9cb116e0,D:\prostat\train_images\2f4f8ac22786b2606a4e307d9cb116e0.tiff,True,True
ff4cd20d67101688ada57fbabe318e3a,D:\prostat\train_images\ff4cd20d67101688ada57fbabe318e3a.tiff,True,True
d74a1b24f9d958f9a1b28298afc95168,D:\prostat\train_images\d74a1b24f9d958f9a1b28298afc95168.tiff,True,True
9c37e4cad0a3fd8edae320d73c314e8c,D:\prostat\train_images\9c37e4cad0a3fd8edae320d73c314e8c.tiff,True,True
fb44c0094a19b950da9d6e54c6cc7748,D:\prostat\train_images\fb44c0094a19b950da9d6e54c6cc7748.tiff,True,True
7c7c95c2a7c45ea08cbc04f296cefcf3,D:\prostat\train_images\7c7c95c2a7c45ea08cbc04f296cefcf3.tiff,True,True
b9e30b8ac80e5d51b4ff18de8eb08fcf,D:\prostat\train_images\b9e30b8ac80e5d51b4ff18de8eb08fcf.tiff,True,True
344764125b7586cb29d3af60106bd807,D:\prostat\train_images\344764125b7586cb29d3af60106bd807.tiff,True,True
0164d95013217d9e6b05cb957b66e6e9,D:\prostat\train_images\0164d95013217d9e6b05cb957b66e6e9.tiff,True,True
8ffe7685159750981a83f8d372aea931,D:\prostat\train_images\8ffe7685159750981a83f8d372aea931.tiff,True,True
09259d619d0f95c6a277e45f2450e7aa,D:\prostat\train_images\09259d619d0f95c6a277e45f2450e7aa.tiff,True,True
8cca652bef7a75a8a035bedb78b58832,D:\prostat\train_images\8cca652bef7a75a8a035bedb78b58832.tiff,True,True
b2ec8fdee7d0a3e52b42394c544781a6,D:\prostat\train_images\b2ec8fdee7d0a3e52b42394c544781a6.tiff,True,True
1df857f30247a04b2a529e8addb5f3d1,D:\prostat\train_images\1df857f30247a04b2a529e8addb5f3d1.tiff,True,True
8f1bb0798e87ca88ea912d942b0b32f8,D:\prostat\train_images\8f1bb0798e87ca88ea912d942b0b32f8.tiff,True,True
ff228af5af1389e09e293692ea479d98,D:\prostat\train_images\ff228af5af1389e09e293692ea479d98.tiff,True,True
0896c0e0ee1979a0075927acb663f2a4,D:\prostat\train_images\0896c0e0ee1979a0075927acb663f2a4.tiff,True,True
f8bfe4f06fbff1742696513467bc7ef4,D:\prostat\train_images\f8bfe4f06fbff1742696513467bc7ef4.tiff,True,True
e6b58038a9af511ec66e96002378f5fd,D:\prostat\train_images\e6b58038a9af511ec66e96002378f5fd.tiff,True,True
b8a11abdd784af66130ae30b61a6714b,D:\prostat\train_images\b8a11abdd784af66130ae30b61a6714b.tiff,True,True
1329fffac9982cca468efe133cfacf50,D:\prostat\train_images\1329fffac9982cca468efe133cfacf50.tiff,True,True
94de92cb54c50c8f9fab0e17d360041d,D:\prostat\train_images\94de92cb54c50c8f9fab0e17d360041d.tiff,True,True
9693d8e04d91297655abf8424d769bef,D:\prostat\train_images\9693d8e04d91297655abf8424d769bef.tiff,True,True
1d54eb35ac47ca398377128f15275f40,D:\prostat\train_images\1d54eb35ac47ca398377128f15275f40.tiff,True,True
b74f213d6ea14c190b0f65a953d662dd,D:\prostat\train_images\b74f213d6ea14c190b0f65a953d662dd.tiff,True,True
eab6d4eae42fed6ed8ce52aa6b313a1c,D:\prostat\train_images\eab6d4eae42fed6ed8ce52aa6b313a1c.tiff,True,True
a5a7c62ef1e0d28a54c2da8355447c22,D:\prostat\train_images\a5a7c62ef1e0d28a54c2da8355447c22.tiff,True,True
a82ab9e22ff10be0575503d3262a1a61,D:\prostat\train_images\a82ab9e22ff10be0575503d3262a1a61.tiff,True,True
9cb2cc92326f2e7534c8c16acb5e9883,D:\prostat\train_images\9cb2cc92326f2e7534c8c16acb5e9883.tiff,True,True
673fea26c4fa022353f635b89d6fd4b2,D:\prostat\train_images\673fea26c4fa022353f635b89d6fd4b2.tiff,True,True
4b20d5c324f3ab64ff73f6ceb9d7d191,D:\prostat\train_images\4b20d5c324f3ab64ff73f6ceb9d7d191.tiff,True,True
5fd15e6c0ff22e1265b2557eb6c29559,D:\prostat\train_images\5fd15e6c0ff22e1265b2557eb6c29559.tiff,True,True
a55cc8df950bcadf4cd61ff470d74246,D:\prostat\train_images\a55cc8df950bcadf4cd61ff470d74246.tiff,True,True
e76cc2d3737dbc26679c44b4deb9ba94,D:\prostat\train_images\e76cc2d3737dbc26679c44b4deb9ba94.tiff,True,True
eb6d35c149072c75cee433ec81ba7c49,D:\prostat\train_images\eb6d35c149072c75cee433ec81ba7c49.tiff,True,True
f52d96b6efd32aa558588dd2e8fe1dfd,D:\prostat\train_images\f52d96b6efd32aa558588dd2e8fe1dfd.tiff,True,True
1796a7081ed86d83fddf677904d3843f,D:\prostat\train_images\1796a7081ed86d83fddf677904d3843f.tiff,True,True
d078bb822b00d4c5efbc26fde8dd86c8,D:\prostat\train_images\d078bb822b00d4c5efbc26fde8dd86c8.tiff,True,True
17e7aba72b4614e4c562c346e3ca2e28,D:\prostat\train_images\17e7aba72b4614e4c562c346e3ca2e28.tiff,True,True
9cb403f9210675606bac5259b8cdc3e3,D:\prostat\train_images\9cb403f9210675606bac5259b8cdc3e3.tiff,True,True
92d2d3c1efe901481be93f2f1b4cc2df,D:\prostat\train_images\92d2d3c1efe901481be93f2f1b4cc2df.tiff,True,True
06fb67ffa126811dad6ffb6ecdb8558b,D:\prostat\train_images\06fb67ffa126811dad6ffb6ecdb8558b.tiff,True,True
947778d55b7cb029d9b22bd048534fe5,D:\prostat\train_images\947778d55b7cb029d9b22bd048534fe5.tiff,True,True
38f32b275b2bf74ee659cd5acdb14a8b,D:\prostat\train_images\38f32b275b2bf74ee659cd5acdb14a8b.tiff,True,True
c815395bc70fe23c78b58cb3b6f2a19c,D:\prostat\train_images\c815395bc70fe23c78b58cb3b6f2a19c.tiff,True,True
43276423852d930b27c86103e63d8288,D:\prostat\train_images\43276423852d930b27c86103e63d8288.tiff,True,True
be95b2d37a7c10e553e074ad4cc98f78,D:\prostat\train_images\be95b2d37a7c10e553e074ad4cc98f78.tiff,True,True
6d177be639f1b8388faaa200eb81aa26,D:\prostat\train_images\6d177be639f1b8388faaa200eb81aa26.tiff,True,True
5b92b41e8e37f25082dc3062de44c504,D:\prostat\train_images\5b92b41e8e37f25082dc3062de44c504.tiff,True,True
b09440c2ca3386ff43f8ab0345a566a0,D:\prostat\train_images\b09440c2ca3386ff43f8ab0345a566a0.tiff,True,True
08788ad91d8fd0fbf8e130739837b03f,D:\prostat\train_images\08788ad91d8fd0fbf8e130739837b03f.tiff,True,True
df2db313fed88b1a26bcdd961bf36ff9,D:\prostat\train_images\df2db313fed88b1a26bcdd961bf36ff9.tiff,True,True
b14a7f66d2c7fccac708bd5540448658,D:\prostat\train_images\b14a7f66d2c7fccac708bd5540448658.tiff,True,True
ab833a07de59607fa4fbaebf1d92fb33,D:\prostat\train_images\ab833a07de59607fa4fbaebf1d92fb33.tiff,True,True
9e25a72634b60efd066f96c715437686,D:\prostat\train_images\9e25a72634b60efd066f96c715437686.tiff,True,True
c5ab4bf7d7755aba1e19843f20173cb5,D:\prostat\train_images\c5ab4bf7d7755aba1e19843f20173cb5.tiff,True,True
6c99a5ca4d6c8a76c87d2fd4795cbf55,D:\prostat\train_images\6c99a5ca4d6c8a76c87d2fd4795cbf55.tiff,True,True
9a1f71a0b6caec6e6ec01f3b6c5390af,D:\prostat\train_images\9a1f71a0b6caec6e6ec01f3b6c5390af.tiff,True,True
48e5314d7fd81ddf4224da446851ccbe,D:\prostat\train_images\48e5314d7fd81ddf4224da446851ccbe.tiff,True,True
bcf43804161434489304f374a5a684bf,D:\prostat\train_images\bcf43804161434489304f374a5a684bf.tiff,True,True
415a318eda63d2293d526035108242dc,D:\prostat\train_images\415a318eda63d2293d526035108242dc.tiff,True,True
e2867d9af28a2dd07961ef9f5ffa102e,D:\prostat\train_images\e2867d9af28a2dd07961ef9f5ffa102e.tiff,True,True
c3f353a39f7d61f553516bc4269b3b12,D:\prostat\train_images\c3f353a39f7d61f553516bc4269b3b12.tiff,True,True
871f73f44e29b8f3da8048aaf387a673,D:\prostat\train_images\871f73f44e29b8f3da8048aaf387a673.tiff,True,True
b9b23d4160cd6061c6014a5d77dcbfda,D:\prostat\train_images\b9b23d4160cd6061c6014a5d77dcbfda.tiff,True,True
702a3a5fd638c2f5ca38ed562122b407,D:\prostat\train_images\702a3a5fd638c2f5ca38ed562122b407.tiff,True,True
3e41f9ccdb229ca569a863db0ba32278,D:\prostat\train_images\3e41f9ccdb229ca569a863db0ba32278.tiff,True,True
673860524a7cafac29eac8977227c665,D:\prostat\train_images\673860524a7cafac29eac8977227c665.tiff,True,True
17fb8562eb75c8f6745cacf164f9314b,D:\prostat\train_images\17fb8562eb75c8f6745cacf164f9314b.tiff,True,True
9591a44ee456707bdc1def93f0007c35,D:\prostat\train_images\9591a44ee456707bdc1def93f0007c35.tiff,True,True
b570fa2d524453edf2a5e5745be06f6d,D:\prostat\train_images\b570fa2d524453edf2a5e5745be06f6d.tiff,True,True
0f7e1771e31bc1e8fb2014f9aa23cf98,D:\prostat\train_images\0f7e1771e31bc1e8fb2014f9aa23cf98.tiff,True,True
308af8bc571b7c2e743a35d7489e4e32,D:\prostat\train_images\308af8bc571b7c2e743a35d7489e4e32.tiff,True,True
d00cd9f041626b029b2cd3b49b765c6d,D:\prostat\train_images\d00cd9f041626b029b2cd3b49b765c6d.tiff,True,True
9bc70f1bfc8dbca7c881616b0198edcb,D:\prostat\train_images\9bc70f1bfc8dbca7c881616b0198edcb.tiff,True,True
ef9c72d529806d9ba341476d4c159838,D:\prostat\train_images\ef9c72d529806d9ba341476d4c159838.tiff,True,True
98c4b11e03783a88e218d5c041215b8c,D:\prostat\train_images\98c4b11e03783a88e218d5c041215b8c.tiff,True,True
af2abfe213d2236fbd6e51029a899eb0,D:\prostat\train_images\af2abfe213d2236fbd6e51029a899eb0.tiff,True,True
2e6297af323773874cf67262e7732dee,D:\prostat\train_images\2e6297af323773874cf67262e7732dee.tiff,True,True
39801edf3f3661fdba0ac0f10450efcc,D:\prostat\train_images\39801edf3f3661fdba0ac0f10450efcc.tiff,True,True
189088d279c4cc2ab0239a9801867290,D:\prostat\train_images\189088d279c4cc2ab0239a9801867290.tiff,True,True
7de19911779711a8dd86be6f3e888910,D:\prostat\train_images\7de19911779711a8dd86be6f3e888910.tiff,True,True
2ab52c52ba33baff64d3de0c8e10bf82,D:\prostat\train_images\2ab52c52ba33baff64d3de0c8e10bf82.tiff,True,True
f29962cf62f852b83823f7ab438f64d7,D:\prostat\train_images\f29962cf62f852b83823f7ab438f64d7.tiff,True,True
831183f19516eec017c0ec264ff75eaa,D:\prostat\train_images\831183f19516eec017c0ec264ff75eaa.tiff,True,True
fe76b5241959c34204276ed01886e5e4,D:\prostat\train_images\fe76b5241959c34204276ed01886e5e4.tiff,True,True
400be2106c2e1d3b4a505b075f9c3943,D:\prostat\train_images\400be2106c2e1d3b4a505b075f9c3943.tiff,True,True
57ac237fd7804341517927ced4353c71,D:\prostat\train_images\57ac237fd7804341517927ced4353c71.tiff,True,True
ce24af9d3fb0d05a754acfcc0ec1a700,D:\prostat\train_images\ce24af9d3fb0d05a754acfcc0ec1a700.tiff,True,True
740977ee68851c61e48f108eb3e996fc,D:\prostat\train_images\740977ee68851c61e48f108eb3e996fc.tiff,True,True
455df8e93ef98ef8de25cf3bcc9d321f,D:\prostat\train_images\455df8e93ef98ef8de25cf3bcc9d321f.tiff,True,True
010dea54bfd0a4a1eb1c0719949bb4a4,D:\prostat\train_images\010dea54bfd0a4a1eb1c0719949bb4a4.tiff,True,True
82d263e53a729615b6dae1d57c67573e,D:\prostat\train_images\82d263e53a729615b6dae1d57c67573e.tiff,True,True
44d1baf3f558ceb7cad8400079178649,D:\prostat\train_images\44d1baf3f558ceb7cad8400079178649.tiff,True,True
134d69e06d397dc06ed6794b737c63fd,D:\prostat\train_images\134d69e06d397dc06ed6794b737c63fd.tiff,True,True
d50739fb64a3c3678a6788c43c0784a4,D:\prostat\train_images\d50739fb64a3c3678a6788c43c0784a4.tiff,True,True
a636c467e154d0a2614dc186b57baf5e,D:\prostat\train_images\a636c467e154d0a2614dc186b57baf5e.tiff,True,True
1ce690a5968d81df0b732a157625c112,D:\prostat\train_images\1ce690a5968d81df0b732a157625c112.tiff,True,True
6eba2d72fb7da7257125ec86e938f6b4,D:\prostat\train_images\6eba2d72fb7da7257125ec86e938f6b4.tiff,True,True
c2ee76e04263e6a702fdec2fe7502cc5,D:\prostat\train_images\c2ee76e04263e6a702fdec2fe7502cc5.tiff,True,True
3737e0d7e43e1b09167f4036e9cc414b,D:\prostat\train_images\3737e0d7e43e1b09167f4036e9cc414b.tiff,True,True
75a60b119d3a12f697976603962372e3,D:\prostat\train_images\75a60b119d3a12f697976603962372e3.tiff,True,True
9817b2ffd97c44aba650bb86f4ab1b27,D:\prostat\train_images\9817b2ffd97c44aba650bb86f4ab1b27.tiff,True,True
a5e5be1ada0cffbfa2e935d487d32539,D:\prostat\train_images\a5e5be1ada0cffbfa2e935d487d32539.tiff,True,True
4e6e65a0d88a155afa71221ceceee985,D:\prostat\train_images\4e6e65a0d88a155afa71221ceceee985.tiff,True,True
0cf00319764b0a06dc1b0dbdfe877c45,D:\prostat\train_images\0cf00319764b0a06dc1b0dbdfe877c45.tiff,True,True
a8a381e648b69bc0023ea882eb436bdb,D:\prostat\train_images\a8a381e648b69bc0023ea882eb436bdb.tiff,True,True
e300fa3d0d231de0f5c533900bd8108d,D:\prostat\train_images\e300fa3d0d231de0f5c533900bd8108d.tiff,True,True
6a7acfa9447d5df18f50e7ffdfe34f38,D:\prostat\train_images\6a7acfa9447d5df18f50e7ffdfe34f38.tiff,True,True
d908ac781e507048dca9b45d93fcec44,D:\prostat\train_images\d908ac781e507048dca9b45d93fcec44.tiff,True,True
1ca7e07743aef6606933cb060829f2f4,D:\prostat\train_images\1ca7e07743aef6606933cb060829f2f4.tiff,True,True
48c19698b16ee7d6f04ef2a1f7188176,D:\prostat\train_images\48c19698b16ee7d6f04ef2a1f7188176.tiff,True,True
4cb3100510a02886dd307a686bf4e4ea,D:\prostat\train_images\4cb3100510a02886dd307a686bf4e4ea.tiff,True,True
a03027be345abd8c06874823f2cc2f95,D:\prostat\train_images\a03027be345abd8c06874823f2cc2f95.tiff,True,True
a3fcf7e4e09f8910e49ecc061b5d8c17,D:\prostat\train_images\a3fcf7e4e09f8910e49ecc061b5d8c17.tiff,True,True
6f59b0e5e3fb83824e6d994793cc00ed,D:\prostat\train_images\6f59b0e5e3fb83824e6d994793cc00ed.tiff,True,True
06ef45756a44d6ec0301b519700bf053,D:\prostat\train_images\06ef45756a44d6ec0301b519700bf053.tiff,True,True
64308cde14c3486f9c91a5b6ed776cd2,D:\prostat\train_images\64308cde14c3486f9c91a5b6ed776cd2.tiff,True,True
e0c460ff20fa20d6297079caea47b7f3,D:\prostat\train_images\e0c460ff20fa20d6297079caea47b7f3.tiff,True,True
c9da6e79a6474de5625e41c71660daf9,D:\prostat\train_images\c9da6e79a6474de5625e41c71660daf9.tiff,True,True
fe7dac11b3c6b6f26332b086b5c0e12d,D:\prostat\train_images\fe7dac11b3c6b6f26332b086b5c0e12d.tiff,True,True
571ff890388328af4b5cc76183ce8189,D:\prostat\train_images\571ff890388328af4b5cc76183ce8189.tiff,True,True
3c659b2837afab3af6b952fcbaa6a515,D:\prostat\train_images\3c659b2837afab3af6b952fcbaa6a515.tiff,True,True
77db80dce3763d46aacb3e82c59bc325,D:\prostat\train_images\77db80dce3763d46aacb3e82c59bc325.tiff,True,True
fcf3f8be11a2d67438b6fd39ce1015a5,D:\prostat\train_images\fcf3f8be11a2d67438b6fd39ce1015a5.tiff,True,True
a4a2fd952751874e50b0ee6d4aff0081,D:\prostat\train_images\a4a2fd952751874e50b0ee6d4aff0081.tiff,True,True
140543a4d39b1a3ed0fce740ba2feb3d,D:\prostat\train_images\140543a4d39b1a3ed0fce740ba2feb3d.tiff,True,True
3569276c714b74577335c6b5860f0659,D:\prostat\train_images\3569276c714b74577335c6b5860f0659.tiff,True,True
be8ab2f5639440c2f2bb8680a2937d1e,D:\prostat\train_images\be8ab2f5639440c2f2bb8680a2937d1e.tiff,True,True
0e8b496c4be0464a4808bbbe846334a9,D:\prostat\train_images\0e8b496c4be0464a4808bbbe846334a9.tiff,True,True
6e56192db73e084b78d5f65946a607f3,D:\prostat\train_images\6e56192db73e084b78d5f65946a607f3.tiff,True,True
c5e101b81e1f457cb9e4c568df7f9b9d,D:\prostat\train_images\c5e101b81e1f457cb9e4c568df7f9b9d.tiff,True,True
6f86752732ac1a1edc4eb785a9251516,D:\prostat\train_images\6f86752732ac1a1edc4eb785a9251516.tiff,True,True
2bf72532786e74021c1cbd0474890470,D:\prostat\train_images\2bf72532786e74021c1cbd0474890470.tiff,True,True
3406d5d8ae8ffd5e42386d8caf2d023f,D:\prostat\train_images\3406d5d8ae8ffd5e42386d8caf2d023f.tiff,True,True
7af6609d5476131b9810df1ec0b4a037,D:\prostat\train_images\7af6609d5476131b9810df1ec0b4a037.tiff,True,True
d4f83e0d9b46e89cd5e9da401f625bce,D:\prostat\train_images\d4f83e0d9b46e89cd5e9da401f625bce.tiff,True,True
1547c01d962c01a8d6b30e6c916facb2,D:\prostat\train_images\1547c01d962c01a8d6b30e6c916facb2.tiff,True,True
f14cc705a713267715ed1e1be51b7e7a,D:\prostat\train_images\f14cc705a713267715ed1e1be51b7e7a.tiff,True,True
f9cc777d635db7d25aa27e494d56676b,D:\prostat\train_images\f9cc777d635db7d25aa27e494d56676b.tiff,True,True
96d899632a66fc8acc41e89ad288f00b,D:\prostat\train_images\96d899632a66fc8acc41e89ad288f00b.tiff,True,True
d036e5b82131663ce9713366f9285063,D:\prostat\train_images\d036e5b82131663ce9713366f9285063.tiff,True,True
3881c52ed1b5f133d47b3120cf402c44,D:\prostat\train_images\3881c52ed1b5f133d47b3120cf402c44.tiff,True,True
6ad5640ca76614728d3b699a703ef3c8,D:\prostat\train_images\6ad5640ca76614728d3b699a703ef3c8.tiff,True,True
feaf693051419310372e21ca9cf326c0,D:\prostat\train_images\feaf693051419310372e21ca9cf326c0.tiff,True,True
677df124099dae6692b714e62ca24c05,D:\prostat\train_images\677df124099dae6692b714e62ca24c05.tiff,True,True
6db74a5a5881080c9a8a1572e8b289cb,D:\prostat\train_images\6db74a5a5881080c9a8a1572e8b289cb.tiff,True,True
96ebc7a4719a1f87e0d0c6623e32e48a,D:\prostat\train_images\96ebc7a4719a1f87e0d0c6623e32e48a.tiff,True,True
bdf79ec5a9d527cc798a46680e6ad040,D:\prostat\train_images\bdf79ec5a9d527cc798a46680e6ad040.tiff,True,True
5a46e8adec9c72070618f776583dd581,D:\prostat\train_images\5a46e8adec9c72070618f776583dd581.tiff,True,True
3a5a4b141bdcd49744bc7fbd4f880e22,D:\prostat\train_images\3a5a4b141bdcd49744bc7fbd4f880e22.tiff,True,True
8d3f432144fb13e62d865a20dcfa7e82,D:\prostat\train_images\8d3f432144fb13e62d865a20dcfa7e82.tiff,True,True
633d23562dc69169de94e10026731594,D:\prostat\train_images\633d23562dc69169de94e10026731594.tiff,True,True
3546206e8f2a9495e81fdd6af08a5a6b,D:\prostat\train_images\3546206e8f2a9495e81fdd6af08a5a6b.tiff,True,True
2761824bce549fdab3b032fb57e120a8,D:\prostat\train_images\2761824bce549fdab3b032fb57e120a8.tiff,True,True
e89342e55eecf0dd11a1d40f4768c55c,D:\prostat\train_images\e89342e55eecf0dd11a1d40f4768c55c.tiff,True,True
ec2657eff0395f0c0eddac5b35cf584a,D:\prostat\train_images\ec2657eff0395f0c0eddac5b35cf584a.tiff,True,True
de4246495d322f1fba1889dd3783f0d5,D:\prostat\train_images\de4246495d322f1fba1889dd3783f0d5.tiff,True,True
39830eda8211aeed9f46a835a835d398,D:\prostat\train_images\39830eda8211aeed9f46a835a835d398.tiff,True,True
bca92627fd1a1e37630c13079cb10b4f,D:\prostat\train_images\bca92627fd1a1e37630c13079cb10b4f.tiff,True,True
35281ad4d124eaa1546bd64e7bbdca86,D:\prostat\train_images\35281ad4d124eaa1546bd64e7bbdca86.tiff,True,True
c40ecc03bad126cec601b450b1dc8571,D:\prostat\train_images\c40ecc03bad126cec601b450b1dc8571.tiff,True,True
f73a9bc5c0cae8bd6729c95a7edd36b9,D:\prostat\train_images\f73a9bc5c0cae8bd6729c95a7edd36b9.tiff,True,True
bf19a7b2fec443748d36284aea98d71f,D:\prostat\train_images\bf19a7b2fec443748d36284aea98d71f.tiff,True,True
580afb70963f6ff1f5b5c038e229b55a,D:\prostat\train_images\580afb70963f6ff1f5b5c038e229b55a.tiff,True,True
bd27ef7b7228054c910c8622a54d9906,D:\prostat\train_images\bd27ef7b7228054c910c8622a54d9906.tiff,True,True
0c81adeb18c3a36eebc21d53a2052798,D:\prostat\train_images\0c81adeb18c3a36eebc21d53a2052798.tiff,True,True
ae8e97b303db472c11259508d07274d4,D:\prostat\train_images\ae8e97b303db472c11259508d07274d4.tiff,True,True
e9193d66b4eb4c6778efdeb776c5caa3,D:\prostat\train_images\e9193d66b4eb4c6778efdeb776c5caa3.tiff,True,True
cb447241302fbb5026b7cd6837232331,D:\prostat\train_images\cb447241302fbb5026b7cd6837232331.tiff,True,True
ba7b108db53cff0e6e5f04a51e11bac8,D:\prostat\train_images\ba7b108db53cff0e6e5f04a51e11bac8.tiff,True,True
7e61d1d767697f88ab5c32e9074d5196,D:\prostat\train_images\7e61d1d767697f88ab5c32e9074d5196.tiff,True,True
efbd55aede0638c4e82fb065d40fa238,D:\prostat\train_images\efbd55aede0638c4e82fb065d40fa238.tiff,True,True
f066af8d3d3f1eb3471b817d757f370d,D:\prostat\train_images\f066af8d3d3f1eb3471b817d757f370d.tiff,True,True
30ad3675c2b49fad2eb54c57bd76b791,D:\prostat\train_images\30ad3675c2b49fad2eb54c57bd76b791.tiff,True,True
cdb7663719497428b4d9243b76da3ace,D:\prostat\train_images\cdb7663719497428b4d9243b76da3ace.tiff,True,True
9746a908fb142b961e5b0b1afef3dac4,D:\prostat\train_images\9746a908fb142b961e5b0b1afef3dac4.tiff,True,True
c415d5066e843809c2e74381c391cb7e,D:\prostat\train_images\c415d5066e843809c2e74381c391cb7e.tiff,True,True
0c2964f57d972f4cadc28f5cdbe95f48,D:\prostat\train_images\0c2964f57d972f4cadc28f5cdbe95f48.tiff,True,True
62051bf14d0220a68c0c82644eae6264,D:\prostat\train_images\62051bf14d0220a68c0c82644eae6264.tiff,True,True
b65129204d2b429ad4612276e2d2dd84,D:\prostat\train_images\b65129204d2b429ad4612276e2d2dd84.tiff,True,True
c1cc617e20e6874434d99256cdeb719a,D:\prostat\train_images\c1cc617e20e6874434d99256cdeb719a.tiff,True,True
3c87d6e4b488073a424d625d6130dd25,D:\prostat\train_images\3c87d6e4b488073a424d625d6130dd25.tiff,True,True
34a7736e8074a6cef57277d7dfcaeeb7,D:\prostat\train_images\34a7736e8074a6cef57277d7dfcaeeb7.tiff,True,True
a4eca9510f704c55f2ac2cadd6bc2d6b,D:\prostat\train_images\a4eca9510f704c55f2ac2cadd6bc2d6b.tiff,True,True
3768074389f48288edbc2c79261dea2b,D:\prostat\train_images\3768074389f48288edbc2c79261dea2b.tiff,True,True
6109a474ebb5c73ef1dc5fe36c6f7df2,D:\prostat\train_images\6109a474ebb5c73ef1dc5fe36c6f7df2.tiff,True,True
a08642ee66d28e4216bda09d27e5df99,D:\prostat\train_images\a08642ee66d28e4216bda09d27e5df99.tiff,True,True
4f5d8deb371a225c6cc99994bbdcea4e,D:\prostat\train_images\4f5d8deb371a225c6cc99994bbdcea4e.tiff,True,True
b6084b84b97f67f4bd6adbf1fb74f2d2,D:\prostat\train_images\b6084b84b97f67f4bd6adbf1fb74f2d2.tiff,True,True
008069b542b0439ed69b194674051964,D:\prostat\train_images\008069b542b0439ed69b194674051964.tiff,True,True
360b8957b3c406f10d61a23161609476,D:\prostat\train_images\360b8957b3c406f10d61a23161609476.tiff,True,True
5ee0695f6d2cd77ad8b49aab7b875445,D:\prostat\train_images\5ee0695f6d2cd77ad8b49aab7b875445.tiff,True,True
bf5c95be359c44a28f03fcf7c7ffc2c8,D:\prostat\train_images\bf5c95be359c44a28f03fcf7c7ffc2c8.tiff,True,True
db72f176da2067093266eea7b743a949,D:\prostat\train_images\db72f176da2067093266eea7b743a949.tiff,True,True
faa8152ba98c87d018ea66bb75d381b3,D:\prostat\train_images\faa8152ba98c87d018ea66bb75d381b3.tiff,True,True
ce9932f7fb31128b15ef9390cc78fe4b,D:\prostat\train_images\ce9932f7fb31128b15ef9390cc78fe4b.tiff,True,True
cbf4271aff5c3365e6d9c7de7e49468e,D:\prostat\train_images\cbf4271aff5c3365e6d9c7de7e49468e.tiff,True,True
caee5cd6d6691f96111daa9a32dd6431,D:\prostat\train_images\caee5cd6d6691f96111daa9a32dd6431.tiff,True,True
6cf483d54bbae9d7fc1009a5e2cf782d,D:\prostat\train_images\6cf483d54bbae9d7fc1009a5e2cf782d.tiff,True,True
82e256f4d2c2cc281dc0492a68137c3b,D:\prostat\train_images\82e256f4d2c2cc281dc0492a68137c3b.tiff,True,True
4c5cf9ea351bb8d1e584631a4d0425c8,D:\prostat\train_images\4c5cf9ea351bb8d1e584631a4d0425c8.tiff,True,True
27b0d570a40d5c3679f508e9bc181e8c,D:\prostat\train_images\27b0d570a40d5c3679f508e9bc181e8c.tiff,True,True
1be5a513d61c97663d45df55e8d62d8b,D:\prostat\train_images\1be5a513d61c97663d45df55e8d62d8b.tiff,True,True
35590689349e29d6540a7c14f8a3d42c,D:\prostat\train_images\35590689349e29d6540a7c14f8a3d42c.tiff,True,True
828b6eff01c7a265a2f6812b89744860,D:\prostat\train_images\828b6eff01c7a265a2f6812b89744860.tiff,True,True
e1da8ac88f6efc2df833f0a9d2a7dba1,D:\prostat\train_images\e1da8ac88f6efc2df833f0a9d2a7dba1.tiff,True,True
3c33af33f79ee32f52a75558d96b2482,D:\prostat\train_images\3c33af33f79ee32f52a75558d96b2482.tiff,True,True
08347bf830e78903e36a81168c4342f9,D:\prostat\train_images\08347bf830e78903e36a81168c4342f9.tiff,True,True
ac8dd5aad49e4404fb74adb43e041a9a,D:\prostat\train_images\ac8dd5aad49e4404fb74adb43e041a9a.tiff,True,True
b1b0e643bd13df0d2bfc1b051e2bd0fd,D:\prostat\train_images\b1b0e643bd13df0d2bfc1b051e2bd0fd.tiff,True,True
9825a1b0d9fd541a2849af0880927c88,D:\prostat\train_images\9825a1b0d9fd541a2849af0880927c88.tiff,True,True
fee448fd96ff07c374c19e8349baaf06,D:\prostat\train_images\fee448fd96ff07c374c19e8349baaf06.tiff,True,True
47dfbb8880ec4668d2370c280d9f10bf,D:\prostat\train_images\47dfbb8880ec4668d2370c280d9f10bf.tiff,True,True
149013f5cddc13244ac55531bf74f8f7,D:\prostat\train_images\149013f5cddc13244ac55531bf74f8f7.tiff,True,True
6132aed76295829095a8ad229f995ced,D:\prostat\train_images\6132aed76295829095a8ad229f995ced.tiff,True,True
afeae451e576086d10c45a41545f7212,D:\prostat\train_images\afeae451e576086d10c45a41545f7212.tiff,True,True
6210ddaf9f3e233411579da0ea9a0484,D:\prostat\train_images\6210ddaf9f3e233411579da0ea9a0484.tiff,True,True
d02887ef5011de35ded020b2f1d6e922,D:\prostat\train_images\d02887ef5011de35ded020b2f1d6e922.tiff,True,True
bd9022853225c1e8a46bc9eca27533f0,D:\prostat\train_images\bd9022853225c1e8a46bc9eca27533f0.tiff,True,True
c2306aeec8a202f0530df29f175fdc89,D:\prostat\train_images\c2306aeec8a202f0530df29f175fdc89.tiff,True,True
3ca86b49aa2b914b30f2dd25c0431b9c,D:\prostat\train_images\3ca86b49aa2b914b30f2dd25c0431b9c.tiff,True,True
0b6e34bf65ee0810c1a4bf702b667c88,D:\prostat\train_images\0b6e34bf65ee0810c1a4bf702b667c88.tiff,True,True
b10037ea8ac8060ce3906a9812f32fff,D:\prostat\train_images\b10037ea8ac8060ce3906a9812f32fff.tiff,True,True
f11d6a6a4644cab41b87e6542be7e407,D:\prostat\train_images\f11d6a6a4644cab41b87e6542be7e407.tiff,True,True
8fb9c792bb2152a5f3e2c60728be9af3,D:\prostat\train_images\8fb9c792bb2152a5f3e2c60728be9af3.tiff,True,True
0ef695aff0f8378645f8de807856cc0c,D:\prostat\train_images\0ef695aff0f8378645f8de807856cc0c.tiff,True,True
b2d61acebf2a6299968db04c0e43986b,D:\prostat\train_images\b2d61acebf2a6299968db04c0e43986b.tiff,True,True
f5de7d8fbfe197b5aefb3f312397e7b5,D:\prostat\train_images\f5de7d8fbfe197b5aefb3f312397e7b5.tiff,True,True
886f91a0a9f9a927fe33dbd434397ae5,D:\prostat\train_images\886f91a0a9f9a927fe33dbd434397ae5.tiff,True,True
3c5c2cd450fb2d359845fb9c0d660bb0,D:\prostat\train_images\3c5c2cd450fb2d359845fb9c0d660bb0.tiff,True,True
cbad739adf8a8bf6803b77f81946f8a4,D:\prostat\train_images\cbad739adf8a8bf6803b77f81946f8a4.tiff,True,True
a1e5671c0ba2db75e3a16f55e58b1e7d,D:\prostat\train_images\a1e5671c0ba2db75e3a16f55e58b1e7d.tiff,True,True
0ba540dcef7c6a994c4e0634cbff4af2,D:\prostat\train_images\0ba540dcef7c6a994c4e0634cbff4af2.tiff,True,True
f332a3076891e25ce5f028081614f5cc,D:\prostat\train_images\f332a3076891e25ce5f028081614f5cc.tiff,True,True
666bf9d656d56c45567484764e4e5d70,D:\prostat\train_images\666bf9d656d56c45567484764e4e5d70.tiff,True,True
9872b4046512bedead9dc84501aed242,D:\prostat\train_images\9872b4046512bedead9dc84501aed242.tiff,True,True
4f533826b961b84eb76169c1a94c61ee,D:\prostat\train_images\4f533826b961b84eb76169c1a94c61ee.tiff,True,True
a979f5e3d61ebeec3dcbe8943c9316ca,D:\prostat\train_images\a979f5e3d61ebeec3dcbe8943c9316ca.tiff,True,True
3fc7575b9b8a667c684a278415868b4a,D:\prostat\train_images\3fc7575b9b8a667c684a278415868b4a.tiff,True,True
959bfd3628a41ea05df15aae9be26b66,D:\prostat\train_images\959bfd3628a41ea05df15aae9be26b66.tiff,True,True
fe2e96fbf3e76e9983d1cc4d90ef957b,D:\prostat\train_images\fe2e96fbf3e76e9983d1cc4d90ef957b.tiff,True,True
98ad56445792bbc98832ffa0e4f821fb,D:\prostat\train_images\98ad56445792bbc98832ffa0e4f821fb.tiff,True,True
87ebd3322722faa0adfc6a3efb9e9bbb,D:\prostat\train_images\87ebd3322722faa0adfc6a3efb9e9bbb.tiff,True,True
3112c494c644128c2a0f7fbc1e9a23f1,D:\prostat\train_images\3112c494c644128c2a0f7fbc1e9a23f1.tiff,True,True
685b9b163d583cf156f378adfdf3564c,D:\prostat\train_images\685b9b163d583cf156f378adfdf3564c.tiff,True,True
dbc2d616d1bad5b37a847194b8bfb016,D:\prostat\train_images\dbc2d616d1bad5b37a847194b8bfb016.tiff,True,True
6eff61540d687bb80f2eda923b2dca9b,D:\prostat\train_images\6eff61540d687bb80f2eda923b2dca9b.tiff,True,True
21707f5853f0d1d7f0cdd6cf4c49a704,D:\prostat\train_images\21707f5853f0d1d7f0cdd6cf4c49a704.tiff,True,True
5a6fbb00a1d8eabcf61d3094e008c283,D:\prostat\train_images\5a6fbb00a1d8eabcf61d3094e008c283.tiff,True,True
af931670d9111cee444281fd1b8d1dec,D:\prostat\train_images\af931670d9111cee444281fd1b8d1dec.tiff,True,True
07f6b87e1e88e2370609c102502cd51a,D:\prostat\train_images\07f6b87e1e88e2370609c102502cd51a.tiff,True,True
9f345a662a5f3f02ccf0c91e3d786c62,D:\prostat\train_images\9f345a662a5f3f02ccf0c91e3d786c62.tiff,True,True
f6de38334730ae611fbf46dd649b1476,D:\prostat\train_images\f6de38334730ae611fbf46dd649b1476.tiff,True,True
625e6a283b25f0a077a714b3adce614c,D:\prostat\train_images\625e6a283b25f0a077a714b3adce614c.tiff,True,True
08b04f43997889865568c2c0d7bba8ab,D:\prostat\train_images\08b04f43997889865568c2c0d7bba8ab.tiff,True,True
74736591228da467badedcc92c3c1bd2,D:\prostat\train_images\74736591228da467badedcc92c3c1bd2.tiff,True,True
4d9f14a6dab9f3df7a12bf708cb4aedc,D:\prostat\train_images\4d9f14a6dab9f3df7a12bf708cb4aedc.tiff,True,True
3bbe8e2a01ca4d4e8cda9a6bb5491ad7,D:\prostat\train_images\3bbe8e2a01ca4d4e8cda9a6bb5491ad7.tiff,True,True
c7276eee7269730bae81a3fde5eb1668,D:\prostat\train_images\c7276eee7269730bae81a3fde5eb1668.tiff,True,True
9f1f0177237ed9f6c767aa1884abded4,D:\prostat\train_images\9f1f0177237ed9f6c767aa1884abded4.tiff,True,True
80922d8d5c237f957f5ac4411943758e,D:\prostat\train_images\80922d8d5c237f957f5ac4411943758e.tiff,True,True
f77965d26573294bdf67672718b3d4d0,D:\prostat\train_images\f77965d26573294bdf67672718b3d4d0.tiff,True,True
b24c9a61f01ad6ce5006ce9d06d1666f,D:\prostat\train_images\b24c9a61f01ad6ce5006ce9d06d1666f.tiff,True,True
922a6f76e21a80e5163ab59395b3cd8a,D:\prostat\train_images\922a6f76e21a80e5163ab59395b3cd8a.tiff,True,True
23fb8c811f66b576d6f412c120eac878,D:\prostat\train_images\23fb8c811f66b576d6f412c120eac878.tiff,True,True
d8b8316a7e615a79e9d725e9f235918f,D:\prostat\train_images\d8b8316a7e615a79e9d725e9f235918f.tiff,True,True
9e214636c44de44bb1b3c62e5f2af44b,D:\prostat\train_images\9e214636c44de44bb1b3c62e5f2af44b.tiff,True,True
372251c4bc2f7c3a0d1b6704b0cba28e,D:\prostat\train_images\372251c4bc2f7c3a0d1b6704b0cba28e.tiff,True,True
dd1db5cd5fad82faf3ae68a17696e31e,D:\prostat\train_images\dd1db5cd5fad82faf3ae68a17696e31e.tiff,True,True
eeb26ba1afa30bbf4f88d8c38b42c313,D:\prostat\train_images\eeb26ba1afa30bbf4f88d8c38b42c313.tiff,True,True
63080d06c66488c4c30285e0363ca0ad,D:\prostat\train_images\63080d06c66488c4c30285e0363ca0ad.tiff,True,True
97e55431d1082822b2aee62193b952ed,D:\prostat\train_images\97e55431d1082822b2aee62193b952ed.tiff,True,True
b640ae62431d5a81eff0992bc612c9e6,D:\prostat\train_images\b640ae62431d5a81eff0992bc612c9e6.tiff,True,True
9cb13cca3ac6868be386485a3cb6141e,D:\prostat\train_images\9cb13cca3ac6868be386485a3cb6141e.tiff,True,True
6c42113e5d51c2f864e0bd40fc14b657,D:\prostat\train_images\6c42113e5d51c2f864e0bd40fc14b657.tiff,True,True
cad5be674d572c62126515b81bd8629d,D:\prostat\train_images\cad5be674d572c62126515b81bd8629d.tiff,True,True
e723db912f549d6501ae5bde6cc7c672,D:\prostat\train_images\e723db912f549d6501ae5bde6cc7c672.tiff,True,True
80983c7885cd02c9e9df539b58add687,D:\prostat\train_images\80983c7885cd02c9e9df539b58add687.tiff,True,True
466a84e8d13813e7aabfe440f437d990,D:\prostat\train_images\466a84e8d13813e7aabfe440f437d990.tiff,True,True
389a3fcfddfbd92bdcb69da5b10d383c,D:\prostat\train_images\389a3fcfddfbd92bdcb69da5b10d383c.tiff,True,True
54cc7131563c99be891630e83faa40e1,D:\prostat\train_images\54cc7131563c99be891630e83faa40e1.tiff,True,True
166f7618e2d9e5c9b05e4dd358f7659e,D:\prostat\train_images\166f7618e2d9e5c9b05e4dd358f7659e.tiff,True,True
eaeb106be64bbcb48aedcd4117768d59,D:\prostat\train_images\eaeb106be64bbcb48aedcd4117768d59.tiff,True,True
1aa5ff56e243cbc8ed0e140a7148f3fd,D:\prostat\train_images\1aa5ff56e243cbc8ed0e140a7148f3fd.tiff,True,True
3c7975c16b2cdfb94d17b86f33219f65,D:\prostat\train_images\3c7975c16b2cdfb94d17b86f33219f65.tiff,True,True
1bbde495fbbf31612ecf4f29a25b9966,D:\prostat\train_images\1bbde495fbbf31612ecf4f29a25b9966.tiff,True,True
a4759f06b88c45d2153555b988ac52a8,D:\prostat\train_images\a4759f06b88c45d2153555b988ac52a8.tiff,True,True
6de7abeda98b497eb609d12abf4c396b,D:\prostat\train_images\6de7abeda98b497eb609d12abf4c396b.tiff,True,True
134abc83106e446a1847676095b08381,D:\prostat\train_images\134abc83106e446a1847676095b08381.tiff,True,True
793a0289643d24429d30f07b32b4204c,D:\prostat\train_images\793a0289643d24429d30f07b32b4204c.tiff,True,True
9cfbcf4358d7944ae29ee5bc4841e23b,D:\prostat\train_images\9cfbcf4358d7944ae29ee5bc4841e23b.tiff,True,True
ab7efde9d27f2e403ce778a9df21f8b1,D:\prostat\train_images\ab7efde9d27f2e403ce778a9df21f8b1.tiff,True,True
659d4fca38eed915a13188a1f2b03ee4,D:\prostat\train_images\659d4fca38eed915a13188a1f2b03ee4.tiff,True,True
c81f511f1a4c64ea7f20d8c47654632f,D:\prostat\train_images\c81f511f1a4c64ea7f20d8c47654632f.tiff,True,True
2102cdaee1284c7da24effe67551ee87,D:\prostat\train_images\2102cdaee1284c7da24effe67551ee87.tiff,True,True
ba37d4ba1abc5cddbff519bd4bd90b15,D:\prostat\train_images\ba37d4ba1abc5cddbff519bd4bd90b15.tiff,True,True
362766cafc41f19dd03cd605c9cb8fdd,D:\prostat\train_images\362766cafc41f19dd03cd605c9cb8fdd.tiff,True,True
757ab0daaac5935f83521a2e226e4fc3,D:\prostat\train_images\757ab0daaac5935f83521a2e226e4fc3.tiff,True,True
4fc84c3c665c970865284b352e2134e3,D:\prostat\train_images\4fc84c3c665c970865284b352e2134e3.tiff,True,True
cbb06f8997eccd33dc7fc6562f2e06fb,D:\prostat\train_images\cbb06f8997eccd33dc7fc6562f2e06fb.tiff,True,True
7b50f6e3c388c3eab68df2aa2403e7d2,D:\prostat\train_images\7b50f6e3c388c3eab68df2aa2403e7d2.tiff,True,True
02805e3e20ef629ffeeee1e68cf24ab0,D:\prostat\train_images\02805e3e20ef629ffeeee1e68cf24ab0.tiff,True,True
71d1f80515b8060538cca8ef303fe853,D:\prostat\train_images\71d1f80515b8060538cca8ef303fe853.tiff,True,True
6c1ff5288e07d67d22055a334df30094,D:\prostat\train_images\6c1ff5288e07d67d22055a334df30094.tiff,True,True
d5dee5de5515c0c97d57eec89feac17c,D:\prostat\train_images\d5dee5de5515c0c97d57eec89feac17c.tiff,True,True
0fa7acc07477423731f916e0e694bc41,D:\prostat\train_images\0fa7acc07477423731f916e0e694bc41.tiff,True,True
e1ea9ac9c85d0dbdadcb15aa7623c951,D:\prostat\train_images\e1ea9ac9c85d0dbdadcb15aa7623c951.tiff,True,True
8495f8040d55ab4ac000fd91a137b0e1,D:\prostat\train_images\8495f8040d55ab4ac000fd91a137b0e1.tiff,True,True
a81c58ea428c6c69d39e3555c2ace373,D:\prostat\train_images\a81c58ea428c6c69d39e3555c2ace373.tiff,True,True
8aa35680beee94df712c211da5bda211,D:\prostat\train_images\8aa35680beee94df712c211da5bda211.tiff,True,True
f5d40a40e34f8a090f44cb6589c26900,D:\prostat\train_images\f5d40a40e34f8a090f44cb6589c26900.tiff,True,True
58828230621362791c841c47151ddf15,D:\prostat\train_images\58828230621362791c841c47151ddf15.tiff,True,True
ac7383c33d7b376592a2ebbc512d7493,D:\prostat\train_images\ac7383c33d7b376592a2ebbc512d7493.tiff,True,True
4cc466d486f1c68f746711866425db74,D:\prostat\train_images\4cc466d486f1c68f746711866425db74.tiff,True,True
427f804eef0ccf5d4f858288d6399c7d,D:\prostat\train_images\427f804eef0ccf5d4f858288d6399c7d.tiff,True,True
53f4825dc7b4f778b7b0a7baae38aa9f,D:\prostat\train_images\53f4825dc7b4f778b7b0a7baae38aa9f.tiff,True,True
c55d70318adf126c5f91d224c00d2c01,D:\prostat\train_images\c55d70318adf126c5f91d224c00d2c01.tiff,True,True
fa6dc40a7e3539b717a8b911636b00af,D:\prostat\train_images\fa6dc40a7e3539b717a8b911636b00af.tiff,True,True
f6c48b756b48f8b45aaec467ff3273d6,D:\prostat\train_images\f6c48b756b48f8b45aaec467ff3273d6.tiff,True,True
b9c08ad54a17440c8901a5d5516a53c6,D:\prostat\train_images\b9c08ad54a17440c8901a5d5516a53c6.tiff,True,True
eaa98a57d64de34ccb77c1af98e1d39a,D:\prostat\train_images\eaa98a57d64de34ccb77c1af98e1d39a.tiff,True,True
b8ba92b9bb392f06962e7b205709caea,D:\prostat\train_images\b8ba92b9bb392f06962e7b205709caea.tiff,True,True
e52afd1585ee4930b0005e42118a6e42,D:\prostat\train_images\e52afd1585ee4930b0005e42118a6e42.tiff,True,True
ae607241f09b3b41864703c488ccd111,D:\prostat\train_images\ae607241f09b3b41864703c488ccd111.tiff,True,True
9c5f79aa787a7462a986e26d1ba850d1,D:\prostat\train_images\9c5f79aa787a7462a986e26d1ba850d1.tiff,True,True
6748bc59dcdccfef45a9f45c1dac18a1,D:\prostat\train_images\6748bc59dcdccfef45a9f45c1dac18a1.tiff,True,True
2ca8a7fcf79d56c8e9fd54cdfabc402c,D:\prostat\train_images\2ca8a7fcf79d56c8e9fd54cdfabc402c.tiff,True,True
bb3a7b890dcf2383df0b8c6636100512,D:\prostat\train_images\bb3a7b890dcf2383df0b8c6636100512.tiff,True,True
bd7b8c7051dabffb30d7ce3f66ee2448,D:\prostat\train_images\bd7b8c7051dabffb30d7ce3f66ee2448.tiff,True,True
4b4d285f54bf258327be795dba6ad9e7,D:\prostat\train_images\4b4d285f54bf258327be795dba6ad9e7.tiff,True,True
aceb8bd7daf96919fb9a126340671346,D:\prostat\train_images\aceb8bd7daf96919fb9a126340671346.tiff,True,True
c80dace671e56c42338bc77530d15e39,D:\prostat\train_images\c80dace671e56c42338bc77530d15e39.tiff,True,True
99061fca83e817915e3e20536bf9fe39,D:\prostat\train_images\99061fca83e817915e3e20536bf9fe39.tiff,True,True
80382f4336fb1864464fd41d53696289,D:\prostat\train_images\80382f4336fb1864464fd41d53696289.tiff,True,True
7756a308dbba65d82a3cf91700b02f09,D:\prostat\train_images\7756a308dbba65d82a3cf91700b02f09.tiff,True,True
4d3882bcb3cfa5661e84b381063d2917,D:\prostat\train_images\4d3882bcb3cfa5661e84b381063d2917.tiff,True,True
4607eab3c100ba73a7815b20fb2f3cdb,D:\prostat\train_images\4607eab3c100ba73a7815b20fb2f3cdb.tiff,True,True
aa7000449538fe951e1c0dadc7ce9b44,D:\prostat\train_images\aa7000449538fe951e1c0dadc7ce9b44.tiff,True,True
273aca7c9745bca16dcfb07930f0fc52,D:\prostat\train_images\273aca7c9745bca16dcfb07930f0fc52.tiff,True,True
9c2eafb5480094f718bc40213531b7d5,D:\prostat\train_images\9c2eafb5480094f718bc40213531b7d5.tiff,True,True
4aeefb17109509ee7eac25844586dbf5,D:\prostat\train_images\4aeefb17109509ee7eac25844586dbf5.tiff,True,True
a48e97856c956d50cc4f522574cd37fb,D:\prostat\train_images\a48e97856c956d50cc4f522574cd37fb.tiff,True,True
861eebcd948b656b6051ff0b7a27e3be,D:\prostat\train_images\861eebcd948b656b6051ff0b7a27e3be.tiff,True,True
c6b8dec24dcca40d214475e2366047ef,D:\prostat\train_images\c6b8dec24dcca40d214475e2366047ef.tiff,True,True
43fb03bd110f08e7c36fcbfcf43feccf,D:\prostat\train_images\43fb03bd110f08e7c36fcbfcf43feccf.tiff,True,True
12093daa08f6c758c689b8ba4dec2a93,D:\prostat\train_images\12093daa08f6c758c689b8ba4dec2a93.tiff,True,True
f4252060c37bb037f3b93a39e5a4819e,D:\prostat\train_images\f4252060c37bb037f3b93a39e5a4819e.tiff,True,True
1e0379988bc494245913cc4bb10fb8c1,D:\prostat\train_images\1e0379988bc494245913cc4bb10fb8c1.tiff,True,True
a7aabb264c56acdfc440595515cea27a,D:\prostat\train_images\a7aabb264c56acdfc440595515cea27a.tiff,True,True
57fca8dcbc2f311382970f20842a923c,D:\prostat\train_images\57fca8dcbc2f311382970f20842a923c.tiff,True,True
cbb3c71065b5c0dbc9ecedda2395fa99,D:\prostat\train_images\cbb3c71065b5c0dbc9ecedda2395fa99.tiff,True,True
876d25db23f2f8ed17646186a30bb263,D:\prostat\train_images\876d25db23f2f8ed17646186a30bb263.tiff,True,True
7ba5bdeb014cf2d27421bc65b2759bbc,D:\prostat\train_images\7ba5bdeb014cf2d27421bc65b2759bbc.tiff,True,True
33453ab3633e39269f3368e83acb993b,D:\prostat\train_images\33453ab3633e39269f3368e83acb993b.tiff,True,True
4fcadcef9e166eca9ec5652633434ed4,D:\prostat\train_images\4fcadcef9e166eca9ec5652633434ed4.tiff,True,True
67560153b5cec1288c56658e789b31e9,D:\prostat\train_images\67560153b5cec1288c56658e789b31e9.tiff,True,True
328301e9dab5b0983dec6ae3cd87897f,D:\prostat\train_images\328301e9dab5b0983dec6ae3cd87897f.tiff,True,True
b0125c3b9ddc46c75cef969b6a2b8854,D:\prostat\train_images\b0125c3b9ddc46c75cef969b6a2b8854.tiff,True,True
4553598eba61406c043f292719d1b696,D:\prostat\train_images\4553598eba61406c043f292719d1b696.tiff,True,True
aaaf612f7fec8578ed03e4075b429a21,D:\prostat\train_images\aaaf612f7fec8578ed03e4075b429a21.tiff,True,True
f74b179bb617e92a6122aeb16d85bc50,D:\prostat\train_images\f74b179bb617e92a6122aeb16d85bc50.tiff,True,True
f5675cb89a120e225ca8929b64a5af79,D:\prostat\train_images\f5675cb89a120e225ca8929b64a5af79.tiff,True,True
0b73719f81c77051bb4b0ece8647a48e,D:\prostat\train_images\0b73719f81c77051bb4b0ece8647a48e.tiff,True,True
f5e8369558d2238497eaeb1b6be9391e,D:\prostat\train_images\f5e8369558d2238497eaeb1b6be9391e.tiff,True,True
0f83710916fcc2edf1a7a9a103fd48ac,D:\prostat\train_images\0f83710916fcc2edf1a7a9a103fd48ac.tiff,True,True
681468136874819bea62f9e2e3aae357,D:\prostat\train_images\681468136874819bea62f9e2e3aae357.tiff,True,True
c5e43f6957d317a37a98f97cb2b855a1,D:\prostat\train_images\c5e43f6957d317a37a98f97cb2b855a1.tiff,True,True
7c7189f32365e258a898eb268281337a,D:\prostat\train_images\7c7189f32365e258a898eb268281337a.tiff,True,True
1c3080e8967bbcebcec87dd2041db7de,D:\prostat\train_images\1c3080e8967bbcebcec87dd2041db7de.tiff,True,True
b084fef2354fe904f2279fa7d376855b,D:\prostat\train_images\b084fef2354fe904f2279fa7d376855b.tiff,True,True
f730b8cd7f0d3e8c054e1a1cf1c8ece9,D:\prostat\train_images\f730b8cd7f0d3e8c054e1a1cf1c8ece9.tiff,True,True
ae8f2e2b28764a604d1acc4bd7c8feb7,D:\prostat\train_images\ae8f2e2b28764a604d1acc4bd7c8feb7.tiff,True,True
7daab1271531f4451d96a6d60f05cffa,D:\prostat\train_images\7daab1271531f4451d96a6d60f05cffa.tiff,True,True
119182caac2f060a5385107efe4472d5,D:\prostat\train_images\119182caac2f060a5385107efe4472d5.tiff,True,True
9ce336287e80a2fc09fec22259e3bebb,D:\prostat\train_images\9ce336287e80a2fc09fec22259e3bebb.tiff,True,True
cfaec8e16eae41da6abd659145a865f7,D:\prostat\train_images\cfaec8e16eae41da6abd659145a865f7.tiff,True,True
dd780edac742469da23a84d4267163b3,D:\prostat\train_images\dd780edac742469da23a84d4267163b3.tiff,True,True
45b99a45cfdae3158c6de1062c90055d,D:\prostat\train_images\45b99a45cfdae3158c6de1062c90055d.tiff,True,True
fae4428cb40950b27cf533531356ffab,D:\prostat\train_images\fae4428cb40950b27cf533531356ffab.tiff,True,True
aebe292567e0f8447fdc94994189a80a,D:\prostat\train_images\aebe292567e0f8447fdc94994189a80a.tiff,True,True
6aea011ff6ec9fe22091bb4cc83fe56c,D:\prostat\train_images\6aea011ff6ec9fe22091bb4cc83fe56c.tiff,True,True
4b77f015acc40c7e39470f3ebb658818,D:\prostat\train_images\4b77f015acc40c7e39470f3ebb658818.tiff,True,True
d936397deeda339f9e7ecb5c81c2250a,D:\prostat\train_images\d936397deeda339f9e7ecb5c81c2250a.tiff,True,True
52ac318ac783a2d2daef8aeb5f5f9a7d,D:\prostat\train_images\52ac318ac783a2d2daef8aeb5f5f9a7d.tiff,True,True
c746fea373cf5731bda84ef245617a19,D:\prostat\train_images\c746fea373cf5731bda84ef245617a19.tiff,True,True
e6a72561e752cce36b942ec74f168701,D:\prostat\train_images\e6a72561e752cce36b942ec74f168701.tiff,True,True
304ae907fcbca6426b7a2015eeffd501,D:\prostat\train_images\304ae907fcbca6426b7a2015eeffd501.tiff,True,True
ab60f4ef0811fd3b8a75d257189e4662,D:\prostat\train_images\ab60f4ef0811fd3b8a75d257189e4662.tiff,True,True
3424fa4daa40e0bb944a1f579ca895ca,D:\prostat\train_images\3424fa4daa40e0bb944a1f579ca895ca.tiff,True,True
f17470445cda06cb72f8c016bfcd4e79,D:\prostat\train_images\f17470445cda06cb72f8c016bfcd4e79.tiff,True,True
e27adea8dfb25a66578ca5211b62cc5b,D:\prostat\train_images\e27adea8dfb25a66578ca5211b62cc5b.tiff,True,True
bf38ba6532875b782935899cfcce6861,D:\prostat\train_images\bf38ba6532875b782935899cfcce6861.tiff,True,True
ef4db235c1d5028e455df952cd17500a,D:\prostat\train_images\ef4db235c1d5028e455df952cd17500a.tiff,True,True
9e72c86ff601172cb3900d6d57c0ad6c,D:\prostat\train_images\9e72c86ff601172cb3900d6d57c0ad6c.tiff,True,True
be56b8fd2f70cb10e72deae6baedcd51,D:\prostat\train_images\be56b8fd2f70cb10e72deae6baedcd51.tiff,True,True
c93b8d5f45fb7dea353560cba2eebdde,D:\prostat\train_images\c93b8d5f45fb7dea353560cba2eebdde.tiff,True,True
87ead124230cbf0aa13bcfb238b7dcb6,D:\prostat\train_images\87ead124230cbf0aa13bcfb238b7dcb6.tiff,True,True
a4d8550e3c9eeb147f16812c33fe594e,D:\prostat\train_images\a4d8550e3c9eeb147f16812c33fe594e.tiff,True,True
96fe9eb038ba77992ff6fd1b16ae9427,D:\prostat\train_images\96fe9eb038ba77992ff6fd1b16ae9427.tiff,True,True
969488b756b097bdfcf8d7e882f72967,D:\prostat\train_images\969488b756b097bdfcf8d7e882f72967.tiff,True,True
573ad8015383dce02cbe6dd1b9b0819c,D:\prostat\train_images\573ad8015383dce02cbe6dd1b9b0819c.tiff,True,True
65595e0c07967b4b2642e5da32f617bf,D:\prostat\train_images\65595e0c07967b4b2642e5da32f617bf.tiff,True,True
1d93f2db56a439730528e78b5a8c6c65,D:\prostat\train_images\1d93f2db56a439730528e78b5a8c6c65.tiff,True,True
8a197e17ca0091e9abcfb457dc24813f,D:\prostat\train_images\8a197e17ca0091e9abcfb457dc24813f.tiff,True,True
30214f9a2c610f550a40501fd11d74b1,D:\prostat\train_images\30214f9a2c610f550a40501fd11d74b1.tiff,True,True
71229858f8c8f974e6307b1268e18e35,D:\prostat\train_images\71229858f8c8f974e6307b1268e18e35.tiff,True,True
998ba3a62b969bbcc7799b9e75202f39,D:\prostat\train_images\998ba3a62b969bbcc7799b9e75202f39.tiff,True,True
2fdc521c56b6cce0e7907d05a8db1f25,D:\prostat\train_images\2fdc521c56b6cce0e7907d05a8db1f25.tiff,True,True
ca8d1d9139e69459bfbd3fdfbd909e8e,D:\prostat\train_images\ca8d1d9139e69459bfbd3fdfbd909e8e.tiff,True,True
c8a621362f5189faa7df3a4e475126dc,D:\prostat\train_images\c8a621362f5189faa7df3a4e475126dc.tiff,True,True
83f94c8caeae1de1d931051fd1dec5c6,D:\prostat\train_images\83f94c8caeae1de1d931051fd1dec5c6.tiff,True,True
f0bb29042dfb17421aac02138f8e9d20,D:\prostat\train_images\f0bb29042dfb17421aac02138f8e9d20.tiff,True,True
f2f22139dfe311f57ecc1726f35c5802,D:\prostat\train_images\f2f22139dfe311f57ecc1726f35c5802.tiff,True,True
44f60ac5d5d82e5c72d077e50701863d,D:\prostat\train_images\44f60ac5d5d82e5c72d077e50701863d.tiff,True,True
54c0ade41f99b4f8d141628ee9c6be50,D:\prostat\train_images\54c0ade41f99b4f8d141628ee9c6be50.tiff,True,True
62e36f7cc417a5e10b21466267b327ca,D:\prostat\train_images\62e36f7cc417a5e10b21466267b327ca.tiff,True,True
3a2543c397bd17d87f9f73ac1a1a6646,D:\prostat\train_images\3a2543c397bd17d87f9f73ac1a1a6646.tiff,True,True
94dac5d69f50a3d9966c1a5ac2ebc6df,D:\prostat\train_images\94dac5d69f50a3d9966c1a5ac2ebc6df.tiff,True,True
e8baa3bb9dcfb9cef5ca599d62bb8046,D:\prostat\train_images\e8baa3bb9dcfb9cef5ca599d62bb8046.tiff,True,True
1a4aaf5d3dbf7898979d11578955e780,D:\prostat\train_images\1a4aaf5d3dbf7898979d11578955e780.tiff,True,True
3f25ae1c52492381eea3fdf0c269ea0e,D:\prostat\train_images\3f25ae1c52492381eea3fdf0c269ea0e.tiff,True,True
e4494f9f1852f677fce1cd7864b55717,D:\prostat\train_images\e4494f9f1852f677fce1cd7864b55717.tiff,True,True
a923bffcafaa9baa5f639e3911c18998,D:\prostat\train_images\a923bffcafaa9baa5f639e3911c18998.tiff,True,True
896aebfb6f7b259cf57f240fb48fbf3c,D:\prostat\train_images\896aebfb6f7b259cf57f240fb48fbf3c.tiff,True,True
99ce1fa103014b5486f882bb82994acf,D:\prostat\train_images\99ce1fa103014b5486f882bb82994acf.tiff,True,True
e3a86173361dbf0574a3781d540b5259,D:\prostat\train_images\e3a86173361dbf0574a3781d540b5259.tiff,True,True
c0fccd51fdd784f9f0d708682293ed14,D:\prostat\train_images\c0fccd51fdd784f9f0d708682293ed14.tiff,True,True
7b22fd3e61cb1d3649fa02db994ab146,D:\prostat\train_images\7b22fd3e61cb1d3649fa02db994ab146.tiff,True,True
caf7a1ac5a42eb8b7b738a897628160c,D:\prostat\train_images\caf7a1ac5a42eb8b7b738a897628160c.tiff,True,True
dae2ef34973d1b237cfd6746923e2eec,D:\prostat\train_images\dae2ef34973d1b237cfd6746923e2eec.tiff,True,True
f28ff584ed1e425f7f063b93223895c2,D:\prostat\train_images\f28ff584ed1e425f7f063b93223895c2.tiff,True,True
b8b2b97c2b6b1cb436a57dcefca7f78e,D:\prostat\train_images\b8b2b97c2b6b1cb436a57dcefca7f78e.tiff,True,True
40b8995e152c9965d198d7edb5932121,D:\prostat\train_images\40b8995e152c9965d198d7edb5932121.tiff,True,True
bfc5aa2abac6018b587819bf87cb1f9a,D:\prostat\train_images\bfc5aa2abac6018b587819bf87cb1f9a.tiff,True,True
844f0c8d150040ab3e802a9e5df029bc,D:\prostat\train_images\844f0c8d150040ab3e802a9e5df029bc.tiff,True,True
e9e02b1633898ce8d73147ff8017776e,D:\prostat\train_images\e9e02b1633898ce8d73147ff8017776e.tiff,True,True
26fbfd016190823c434c95a81f156ae4,D:\prostat\train_images\26fbfd016190823c434c95a81f156ae4.tiff,True,True
f69847acf7a94039fa4d1fd3bd32ebac,D:\prostat\train_images\f69847acf7a94039fa4d1fd3bd32ebac.tiff,True,True
2ebc99a3c4af2b3f021ab423c0ab1e8a,D:\prostat\train_images\2ebc99a3c4af2b3f021ab423c0ab1e8a.tiff,True,True
984505f6a79b889bed5897d2135b85b1,D:\prostat\train_images\984505f6a79b889bed5897d2135b85b1.tiff,True,True
613e995dfa9d43f4666e43ec46a9cafe,D:\prostat\train_images\613e995dfa9d43f4666e43ec46a9cafe.tiff,True,True
f8cf5c37b0ff4f0077ac57241fd2509d,D:\prostat\train_images\f8cf5c37b0ff4f0077ac57241fd2509d.tiff,True,True
92a7e5f4fc41047d3f826cc90660c7a1,D:\prostat\train_images\92a7e5f4fc41047d3f826cc90660c7a1.tiff,True,True
de2e7b61e66d8d044189d8dac35dffb5,D:\prostat\train_images\de2e7b61e66d8d044189d8dac35dffb5.tiff,True,True
991b6a11393bf5d10e91a50f581cba68,D:\prostat\train_images\991b6a11393bf5d10e91a50f581cba68.tiff,True,True
d1df1946a0d00bdf843cbbedbe98fa4b,D:\prostat\train_images\d1df1946a0d00bdf843cbbedbe98fa4b.tiff,True,True
819253f1316d7cf6bdc41f8634e4b92f,D:\prostat\train_images\819253f1316d7cf6bdc41f8634e4b92f.tiff,True,True
adced66ab9dcf618633efe9f1b837fcc,D:\prostat\train_images\adced66ab9dcf618633efe9f1b837fcc.tiff,True,True
8ed0759dc9f237217ed150c21d9afeac,D:\prostat\train_images\8ed0759dc9f237217ed150c21d9afeac.tiff,True,True
33f343b9a016f58f2e78d1b2109ffab9,D:\prostat\train_images\33f343b9a016f58f2e78d1b2109ffab9.tiff,True,True
93c9f7f98f8ecda60b56a601eccc5acc,D:\prostat\train_images\93c9f7f98f8ecda60b56a601eccc5acc.tiff,True,True
0e2203e117e27e9728407f102404ac59,D:\prostat\train_images\0e2203e117e27e9728407f102404ac59.tiff,True,True
f4c1f9e721fd07e51cfb51df48467bed,D:\prostat\train_images\f4c1f9e721fd07e51cfb51df48467bed.tiff,True,True
fbc62ff5a781cb9a2785e7100f234280,D:\prostat\train_images\fbc62ff5a781cb9a2785e7100f234280.tiff,True,True
d0461ccb7f1b70ee7dc3188422e246d9,D:\prostat\train_images\d0461ccb7f1b70ee7dc3188422e246d9.tiff,True,True
f8060ce02eb912eefd03e13fe1ce44ca,D:\prostat\train_images\f8060ce02eb912eefd03e13fe1ce44ca.tiff,True,True
3ee71993acdc2ab83790ea25fafe319d,D:\prostat\train_images\3ee71993acdc2ab83790ea25fafe319d.tiff,True,True
0b102a47110d5fea1501400cd974f8d2,D:\prostat\train_images\0b102a47110d5fea1501400cd974f8d2.tiff,True,True
c15bffae592596f8f566239c725ec577,D:\prostat\train_images\c15bffae592596f8f566239c725ec577.tiff,True,True
a1edceba3500660a6c75be946b20242b,D:\prostat\train_images\a1edceba3500660a6c75be946b20242b.tiff,True,True
e994de172996c57b3c414dd7192b500c,D:\prostat\train_images\e994de172996c57b3c414dd7192b500c.tiff,True,True
5667bcf82d6fee7017e4435ba066e1f7,D:\prostat\train_images\5667bcf82d6fee7017e4435ba066e1f7.tiff,True,True
75d32a8387f978cdfdbc040b14265ce5,D:\prostat\train_images\75d32a8387f978cdfdbc040b14265ce5.tiff,True,True
477982a3712cc19ad8d146a741441ce4,D:\prostat\train_images\477982a3712cc19ad8d146a741441ce4.tiff,True,True
63faf78b499e70ceb096c53a6caf31bc,D:\prostat\train_images\63faf78b499e70ceb096c53a6caf31bc.tiff,True,True
7d237dfb2b906349ba5d437a383b869b,D:\prostat\train_images\7d237dfb2b906349ba5d437a383b869b.tiff,True,True
368f2d81c2475bfa0c41755f4ca2bf76,D:\prostat\train_images\368f2d81c2475bfa0c41755f4ca2bf76.tiff,True,True
d8abf403ab5663c07528475647e0db5a,D:\prostat\train_images\d8abf403ab5663c07528475647e0db5a.tiff,True,True
a954a0cc5ddb665162f367e46e4c5a39,D:\prostat\train_images\a954a0cc5ddb665162f367e46e4c5a39.tiff,True,True
3a65a5ed1de1c2981820e3daca60d138,D:\prostat\train_images\3a65a5ed1de1c2981820e3daca60d138.tiff,True,True
caed3e720e2681a1058dca0c3fc33b55,D:\prostat\train_images\caed3e720e2681a1058dca0c3fc33b55.tiff,True,True
fb01a0a69517bb47d7f4699b6217f69d,D:\prostat\train_images\fb01a0a69517bb47d7f4699b6217f69d.tiff,True,True
78fb9c534fe83124d15dfd2b64f62e17,D:\prostat\train_images\78fb9c534fe83124d15dfd2b64f62e17.tiff,True,True
184a184ac82d72d499f99b67d6a1c631,D:\prostat\train_images\184a184ac82d72d499f99b67d6a1c631.tiff,True,True
4c0d7290c72b5495df6c337b1e5dee88,D:\prostat\train_images\4c0d7290c72b5495df6c337b1e5dee88.tiff,True,True
fb76b034689e5171652fab3ebc0a62a0,D:\prostat\train_images\fb76b034689e5171652fab3ebc0a62a0.tiff,True,True
5467682efb785fda8ad40d44e33f1f87,D:\prostat\train_images\5467682efb785fda8ad40d44e33f1f87.tiff,True,True
7297153bf18e3e89678767205c2e3457,D:\prostat\train_images\7297153bf18e3e89678767205c2e3457.tiff,True,True
196a19d5bcec9d1cd1c98eb21b7b8358,D:\prostat\train_images\196a19d5bcec9d1cd1c98eb21b7b8358.tiff,True,True
9d80974f9e453383a53d81a9d5763691,D:\prostat\train_images\9d80974f9e453383a53d81a9d5763691.tiff,True,True
f6e3e8828d1d5e900ed12cfe99a86bfc,D:\prostat\train_images\f6e3e8828d1d5e900ed12cfe99a86bfc.tiff,True,True
c4b7ca39cc464a7af7f80fb9f4bc05c3,D:\prostat\train_images\c4b7ca39cc464a7af7f80fb9f4bc05c3.tiff,True,True
6a363e70baf98838b0093f9ae93052fd,D:\prostat\train_images\6a363e70baf98838b0093f9ae93052fd.tiff,True,True
ef8bfc5bb8d4620c501fcd726ef36dc0,D:\prostat\train_images\ef8bfc5bb8d4620c501fcd726ef36dc0.tiff,True,True
c099248208c9675f3d49f647a4d648e3,D:\prostat\train_images\c099248208c9675f3d49f647a4d648e3.tiff,True,True
92d63d4d12f72506fc03dd25f0bc776b,D:\prostat\train_images\92d63d4d12f72506fc03dd25f0bc776b.tiff,True,True
09f37474deb25ad463c1d17e29054785,D:\prostat\train_images\09f37474deb25ad463c1d17e29054785.tiff,True,True
d3c65dc1847ee1328eb320d47e1d7b00,D:\prostat\train_images\d3c65dc1847ee1328eb320d47e1d7b00.tiff,True,True
59bc7df93b3b01dc3a1f3935555c3009,D:\prostat\train_images\59bc7df93b3b01dc3a1f3935555c3009.tiff,True,True
1fb65315d7ded63d688194863a1b123e,D:\prostat\train_images\1fb65315d7ded63d688194863a1b123e.tiff,True,True
abf805f154494f6b9fddf2b66c6e6c43,D:\prostat\train_images\abf805f154494f6b9fddf2b66c6e6c43.tiff,True,True
462839866ad252b9bbf2c34be653745e,D:\prostat\train_images\462839866ad252b9bbf2c34be653745e.tiff,True,True
eb18e2e49ff4b26634ed4737a7d48b2a,D:\prostat\train_images\eb18e2e49ff4b26634ed4737a7d48b2a.tiff,True,True
cd7175bb0b7c06c92b99d1432c12ebe0,D:\prostat\train_images\cd7175bb0b7c06c92b99d1432c12ebe0.tiff,True,True
69aa17f4856a40568185449b4d2db5c3,D:\prostat\train_images\69aa17f4856a40568185449b4d2db5c3.tiff,True,True
6ccb8529cc90ff30751eff7a1d055b6e,D:\prostat\train_images\6ccb8529cc90ff30751eff7a1d055b6e.tiff,True,True
77de0e765d8729e7386589f21961279f,D:\prostat\train_images\77de0e765d8729e7386589f21961279f.tiff,True,True
7ae637109d077936dbde6c77bd2c5eb7,D:\prostat\train_images\7ae637109d077936dbde6c77bd2c5eb7.tiff,True,True
b440e34f6b1bc9abd0844a7ed19a6b45,D:\prostat\train_images\b440e34f6b1bc9abd0844a7ed19a6b45.tiff,True,True
281b539a237756ce1b75fcd7ac2a27de,D:\prostat\train_images\281b539a237756ce1b75fcd7ac2a27de.tiff,True,True
ced6ffe009ca7f22c825b4ddfbc7f8ad,D:\prostat\train_images\ced6ffe009ca7f22c825b4ddfbc7f8ad.tiff,True,True
2539a3af2419f1cd39bb34d0947e3863,D:\prostat\train_images\2539a3af2419f1cd39bb34d0947e3863.tiff,True,True
04b2c7aa40033c3fb67096b8327f324f,D:\prostat\train_images\04b2c7aa40033c3fb67096b8327f324f.tiff,True,True
4466722a9c574e8572224b7e853d4f53,D:\prostat\train_images\4466722a9c574e8572224b7e853d4f53.tiff,True,True
28522b00c39c8b77580bae8bc86c0c76,D:\prostat\train_images\28522b00c39c8b77580bae8bc86c0c76.tiff,True,True
76511406b9d7b53a531f4205c0660a6b,D:\prostat\train_images\76511406b9d7b53a531f4205c0660a6b.tiff,True,True
ff596d5292ab979e9ba7291d0743b3fb,D:\prostat\train_images\ff596d5292ab979e9ba7291d0743b3fb.tiff,True,True
a807e60ff7d13f837e27c6fb39eb6986,D:\prostat\train_images\a807e60ff7d13f837e27c6fb39eb6986.tiff,True,True
70b8788b7d72841a18ebf2e47e70e24e,D:\prostat\train_images\70b8788b7d72841a18ebf2e47e70e24e.tiff,True,True
e87c5d758af35b08e49524b37e731c66,D:\prostat\train_images\e87c5d758af35b08e49524b37e731c66.tiff,True,True
afcc959577d3801b2e2ae0762347f1d1,D:\prostat\train_images\afcc959577d3801b2e2ae0762347f1d1.tiff,True,True
5e4c64013fa5bc2c652e0bc5479be8c4,D:\prostat\train_images\5e4c64013fa5bc2c652e0bc5479be8c4.tiff,True,True
d56d1e479d43741a7fd063355c415577,D:\prostat\train_images\d56d1e479d43741a7fd063355c415577.tiff,True,True
ff567263913a91c99abbe39d9d679b93,D:\prostat\train_images\ff567263913a91c99abbe39d9d679b93.tiff,True,True
b9773cfc818a958e8090ea4d53d0d1ed,D:\prostat\train_images\b9773cfc818a958e8090ea4d53d0d1ed.tiff,True,True
e936e9d9d5d3a8136ae9e5c4ae048cdc,D:\prostat\train_images\e936e9d9d5d3a8136ae9e5c4ae048cdc.tiff,True,True
28fef958d77c41e9d318bd9177bd1225,D:\prostat\train_images\28fef958d77c41e9d318bd9177bd1225.tiff,True,True
b2a95b7179df7147ff66d41f1b8ed8da,D:\prostat\train_images\b2a95b7179df7147ff66d41f1b8ed8da.tiff,True,True
435ce6d7adf098d42bd81b8ab1b6afd6,D:\prostat\train_images\435ce6d7adf098d42bd81b8ab1b6afd6.tiff,True,True
ae91c33b37bf459a7e10f36209548637,D:\prostat\train_images\ae91c33b37bf459a7e10f36209548637.tiff,True,True
4f2dd6a27901e34c92e14dc4e853b7e9,D:\prostat\train_images\4f2dd6a27901e34c92e14dc4e853b7e9.tiff,True,True
ec3f8f4e374dd25c308d7c4081c720a4,D:\prostat\train_images\ec3f8f4e374dd25c308d7c4081c720a4.tiff,True,True
cc9bcb8d5cfb549f56cb21d55d0571f4,D:\prostat\train_images\cc9bcb8d5cfb549f56cb21d55d0571f4.tiff,True,True
b55ebab767215763af3351cde52fc402,D:\prostat\train_images\b55ebab767215763af3351cde52fc402.tiff,True,True
c13682fc07a61cda3b9344b21b26c86e,D:\prostat\train_images\c13682fc07a61cda3b9344b21b26c86e.tiff,True,True
07eaadc46babea72e7fd1c3be000928e,D:\prostat\train_images\07eaadc46babea72e7fd1c3be000928e.tiff,True,True
c66e1872348e07fc4f01feeb5eecb7f8,D:\prostat\train_images\c66e1872348e07fc4f01feeb5eecb7f8.tiff,True,True
93c3ab8d7caab409b1d9a6e97b789703,D:\prostat\train_images\93c3ab8d7caab409b1d9a6e97b789703.tiff,True,True
d04a52ee5ed0a35c5741c7276eb0a063,D:\prostat\train_images\d04a52ee5ed0a35c5741c7276eb0a063.tiff,True,True
06d4ebd3d0ee6d3514d07ccfba615def,D:\prostat\train_images\06d4ebd3d0ee6d3514d07ccfba615def.tiff,True,True
5842e1854d2e47373e8ede504d525071,D:\prostat\train_images\5842e1854d2e47373e8ede504d525071.tiff,True,True
647f4dabc53f943acbffbde9db87e35e,D:\prostat\train_images\647f4dabc53f943acbffbde9db87e35e.tiff,True,True
b25e5ec86bdfecb9335f0e683acfda87,D:\prostat\train_images\b25e5ec86bdfecb9335f0e683acfda87.tiff,True,True
77bd87b225a08ba9983b605d2801d2bb,D:\prostat\train_images\77bd87b225a08ba9983b605d2801d2bb.tiff,True,True
ef3e70ea593ce6a058c14ee6037bcf80,D:\prostat\train_images\ef3e70ea593ce6a058c14ee6037bcf80.tiff,True,True
d59f5e96dec59861dcd635d4e0febca8,D:\prostat\train_images\d59f5e96dec59861dcd635d4e0febca8.tiff,True,True
71ca19a708b9e60d55b034cc6ab5a978,D:\prostat\train_images\71ca19a708b9e60d55b034cc6ab5a978.tiff,True,True
6e60addfff9ad2999bbfccc14dc2d6bc,D:\prostat\train_images\6e60addfff9ad2999bbfccc14dc2d6bc.tiff,True,True
f87fba9107a002e96ae767d80378a5d1,D:\prostat\train_images\f87fba9107a002e96ae767d80378a5d1.tiff,True,True
0eacb18986da2b25c5d82bd9676536e0,D:\prostat\train_images\0eacb18986da2b25c5d82bd9676536e0.tiff,True,True
6d567f83ca7130da285fcb26d3537762,D:\prostat\train_images\6d567f83ca7130da285fcb26d3537762.tiff,True,True
13a1a0432b80f929411a82f275df7807,D:\prostat\train_images\13a1a0432b80f929411a82f275df7807.tiff,True,True
d935f3eec2aded067a657c5cf3808d8e,D:\prostat\train_images\d935f3eec2aded067a657c5cf3808d8e.tiff,True,True
02f72cb5511e180ee7d2d1bf793233bc,D:\prostat\train_images\02f72cb5511e180ee7d2d1bf793233bc.tiff,True,True
d22031e32aaed68b8e5119271ed8b86f,D:\prostat\train_images\d22031e32aaed68b8e5119271ed8b86f.tiff,True,True
50859c64cc15c5cbe84c3d10a49ccbb3,D:\prostat\train_images\50859c64cc15c5cbe84c3d10a49ccbb3.tiff,True,True
ad7034bae392023948d298bab07cb934,D:\prostat\train_images\ad7034bae392023948d298bab07cb934.tiff,True,True
1a1dd1f3590e710d0613a768a5c928c7,D:\prostat\train_images\1a1dd1f3590e710d0613a768a5c928c7.tiff,True,True
1d09b5fc1bf2482cdb2e3eb93b94226f,D:\prostat\train_images\1d09b5fc1bf2482cdb2e3eb93b94226f.tiff,True,True
4dee4ae085e3e0d17e61e97bfd182fdf,D:\prostat\train_images\4dee4ae085e3e0d17e61e97bfd182fdf.tiff,True,True
211a6f165958a7c3f77b5a9b83cb111e,D:\prostat\train_images\211a6f165958a7c3f77b5a9b83cb111e.tiff,True,True
13fccfcbb4f797bef31dc3411881bde1,D:\prostat\train_images\13fccfcbb4f797bef31dc3411881bde1.tiff,True,True
6ccd71f80656fd3329eb9547d783fb8f,D:\prostat\train_images\6ccd71f80656fd3329eb9547d783fb8f.tiff,True,True
158754df49e00760f8e4659a05e7cc0c,D:\prostat\train_images\158754df49e00760f8e4659a05e7cc0c.tiff,True,True
a6f90c6723707e9f7a40d1339bfbf0dc,D:\prostat\train_images\a6f90c6723707e9f7a40d1339bfbf0dc.tiff,True,True
c105c2ca793d49297acb88eb4eb49c76,D:\prostat\train_images\c105c2ca793d49297acb88eb4eb49c76.tiff,True,True
0f1ea91c9f917bb3d198f02fd432e4ce,D:\prostat\train_images\0f1ea91c9f917bb3d198f02fd432e4ce.tiff,True,True
391078d7927bd7f6dc07dda3297d62b9,D:\prostat\train_images\391078d7927bd7f6dc07dda3297d62b9.tiff,True,True
1f722fff98986499a0aea339cd05a75d,D:\prostat\train_images\1f722fff98986499a0aea339cd05a75d.tiff,True,True
7aecfafc3f7197a290d62660924583a8,D:\prostat\train_images\7aecfafc3f7197a290d62660924583a8.tiff,True,True
dbf09c7c30806ef30dca99273d05075b,D:\prostat\train_images\dbf09c7c30806ef30dca99273d05075b.tiff,True,True
c53a5bd984d2bd2b8b3d0529b081fbcf,D:\prostat\train_images\c53a5bd984d2bd2b8b3d0529b081fbcf.tiff,True,True
64e7f3ba0ab29790d1ad571eed45f655,D:\prostat\train_images\64e7f3ba0ab29790d1ad571eed45f655.tiff,True,True
c3dab3559def60da07e5e8417427f28a,D:\prostat\train_images\c3dab3559def60da07e5e8417427f28a.tiff,True,True
e92dfc70e301a7e97540ac17cb56cdae,D:\prostat\train_images\e92dfc70e301a7e97540ac17cb56cdae.tiff,True,True
fed060df1eed19b5c4b62ccc071ba1e6,D:\prostat\train_images\fed060df1eed19b5c4b62ccc071ba1e6.tiff,True,True
d19246d956e226f8a41ad8848482c5fe,D:\prostat\train_images\d19246d956e226f8a41ad8848482c5fe.tiff,True,True
2f0131a5e37bdf341c47dfc724eb0eb2,D:\prostat\train_images\2f0131a5e37bdf341c47dfc724eb0eb2.tiff,True,True
6d9a037aa211ac62d0701d625de70904,D:\prostat\train_images\6d9a037aa211ac62d0701d625de70904.tiff,True,True
d0b1d2710ec6d4e95e559601570dcb71,D:\prostat\train_images\d0b1d2710ec6d4e95e559601570dcb71.tiff,True,True
07afad2271546de1802035829d3b507d,D:\prostat\train_images\07afad2271546de1802035829d3b507d.tiff,True,True
647d3abfe758692da202e00ba263b41d,D:\prostat\train_images\647d3abfe758692da202e00ba263b41d.tiff,True,True
1784ab09ff0d41a78a89e36226bf3eb5,D:\prostat\train_images\1784ab09ff0d41a78a89e36226bf3eb5.tiff,True,True
f36677a82700c606398b90d5c4719e75,D:\prostat\train_images\f36677a82700c606398b90d5c4719e75.tiff,True,True
00e6511435645e50673991768a713c66,D:\prostat\train_images\00e6511435645e50673991768a713c66.tiff,True,True
abfe06f56b989f9e1d6034b12bb885d8,D:\prostat\train_images\abfe06f56b989f9e1d6034b12bb885d8.tiff,True,True
d644b494434ee6fd201b8a0f740054b6,D:\prostat\train_images\d644b494434ee6fd201b8a0f740054b6.tiff,True,True
c35a5c6dd47f3c37f339ff296ef1c6fe,D:\prostat\train_images\c35a5c6dd47f3c37f339ff296ef1c6fe.tiff,True,True
3d942bca61ac77578a03d8405dab4af4,D:\prostat\train_images\3d942bca61ac77578a03d8405dab4af4.tiff,True,True
ed9a9b74e2c08c506767af2471d9c1ca,D:\prostat\train_images\ed9a9b74e2c08c506767af2471d9c1ca.tiff,True,True
f121597ae1a23fe4e8d1a051b3533dd5,D:\prostat\train_images\f121597ae1a23fe4e8d1a051b3533dd5.tiff,True,True
565090f53fe8c3233d83bbf50f1cbbe2,D:\prostat\train_images\565090f53fe8c3233d83bbf50f1cbbe2.tiff,True,True
5c90deb93f9fd965642b6edda6561bde,D:\prostat\train_images\5c90deb93f9fd965642b6edda6561bde.tiff,True,True
ff30f31f767ae4d18f5145598f46f5fd,D:\prostat\train_images\ff30f31f767ae4d18f5145598f46f5fd.tiff,True,True
c60902ec1e420b572a0ed3fb7ece0142,D:\prostat\train_images\c60902ec1e420b572a0ed3fb7ece0142.tiff,True,True
ce04c1a8d8577bb9620620c0a62edb15,D:\prostat\train_images\ce04c1a8d8577bb9620620c0a62edb15.tiff,True,True
f0a5d0215fb79628b4879882cb22046f,D:\prostat\train_images\f0a5d0215fb79628b4879882cb22046f.tiff,True,True
d1c85d62cfd6732c83b4eec70cbfeea4,D:\prostat\train_images\d1c85d62cfd6732c83b4eec70cbfeea4.tiff,True,True
1cf5843c2a55f70a2e93c6107424b545,D:\prostat\train_images\1cf5843c2a55f70a2e93c6107424b545.tiff,True,True
8dab7a3c32ea29419e0ee7db4beed1f5,D:\prostat\train_images\8dab7a3c32ea29419e0ee7db4beed1f5.tiff,True,True
afc78daa6ddc6402ae6ecbdba39f427d,D:\prostat\train_images\afc78daa6ddc6402ae6ecbdba39f427d.tiff,True,True
921e586c2b5c9ac5b164f2229f7ea9f6,D:\prostat\train_images\921e586c2b5c9ac5b164f2229f7ea9f6.tiff,True,True
0cc35bc0fe4dd912b20f72d66888fd49,D:\prostat\train_images\0cc35bc0fe4dd912b20f72d66888fd49.tiff,True,True
9829d40987b54b96a0c2a56db7f4a45a,D:\prostat\train_images\9829d40987b54b96a0c2a56db7f4a45a.tiff,True,True
ab81e59d765182466b1c5dce9641cc38,D:\prostat\train_images\ab81e59d765182466b1c5dce9641cc38.tiff,True,True
b49d1003ec0150bba48386cb761c7975,D:\prostat\train_images\b49d1003ec0150bba48386cb761c7975.tiff,True,True
4c7f11ab0f24d609ad5f655ee383a1fe,D:\prostat\train_images\4c7f11ab0f24d609ad5f655ee383a1fe.tiff,True,True
bd4b881106dd6a8658ee1e9afdb1844f,D:\prostat\train_images\bd4b881106dd6a8658ee1e9afdb1844f.tiff,True,True
87099c2824149296269d9a9598f68af6,D:\prostat\train_images\87099c2824149296269d9a9598f68af6.tiff,True,True
a71f5c9931a10907ca1b1fd09d5b0798,D:\prostat\train_images\a71f5c9931a10907ca1b1fd09d5b0798.tiff,True,True
591bc0625a2348cbc273ac8b7067c5a6,D:\prostat\train_images\591bc0625a2348cbc273ac8b7067c5a6.tiff,True,True
1dc674257107ac67c2368ed033a9f804,D:\prostat\train_images\1dc674257107ac67c2368ed033a9f804.tiff,True,True
1cca851fcb421dbabc8e6550257e8160,D:\prostat\train_images\1cca851fcb421dbabc8e6550257e8160.tiff,True,True
02ac04211b58466d13d690dc9be8adf0,D:\prostat\train_images\02ac04211b58466d13d690dc9be8adf0.tiff,True,True
473af71fb330ea26e33a3c24eaa14b6f,D:\prostat\train_images\473af71fb330ea26e33a3c24eaa14b6f.tiff,True,True
5860ba8552e96ff8aa9b16d071a6eb9e,D:\prostat\train_images\5860ba8552e96ff8aa9b16d071a6eb9e.tiff,True,True
4993f42b88cc2805541ac6c9fa444227,D:\prostat\train_images\4993f42b88cc2805541ac6c9fa444227.tiff,True,True
48f2054b5ffbce7d1402c8a4fec625bc,D:\prostat\train_images\48f2054b5ffbce7d1402c8a4fec625bc.tiff,True,True
bfa8190de9b3ad6628dbc20140a59e1b,D:\prostat\train_images\bfa8190de9b3ad6628dbc20140a59e1b.tiff,True,True
b4dcc90c5b65b6ef89769de80ad1c2a2,D:\prostat\train_images\b4dcc90c5b65b6ef89769de80ad1c2a2.tiff,True,True
90bded96836ea370356065826e6e5824,D:\prostat\train_images\90bded96836ea370356065826e6e5824.tiff,True,True
ae7dd6b6b0749f3b9b3001629b9db512,D:\prostat\train_images\ae7dd6b6b0749f3b9b3001629b9db512.tiff,True,True
b4d3c41aba928969a95504bcd3f39c3b,D:\prostat\train_images\b4d3c41aba928969a95504bcd3f39c3b.tiff,True,True
d845d3e965ae8565d58bda907663a728,D:\prostat\train_images\d845d3e965ae8565d58bda907663a728.tiff,True,True
0f914d1f044c187e6a5be7e996d877a9,D:\prostat\train_images\0f914d1f044c187e6a5be7e996d877a9.tiff,True,True
7eb16e2c88f31a9d758432226a6727e0,D:\prostat\train_images\7eb16e2c88f31a9d758432226a6727e0.tiff,True,True
8b201b0e7f10c44a86046aa1da0f37e6,D:\prostat\train_images\8b201b0e7f10c44a86046aa1da0f37e6.tiff,True,True
fd7763888e090f5385c2c49944ce94ab,D:\prostat\train_images\fd7763888e090f5385c2c49944ce94ab.tiff,True,True
b4ec9258133fcb21d9c99fc2ae9d134e,D:\prostat\train_images\b4ec9258133fcb21d9c99fc2ae9d134e.tiff,True,True
63640094b0365a514d60fc15e94de729,D:\prostat\train_images\63640094b0365a514d60fc15e94de729.tiff,True,True
4556ea2541ab33c9fb2461d1aeed2bc6,D:\prostat\train_images\4556ea2541ab33c9fb2461d1aeed2bc6.tiff,True,True
a606428bb0598bbd68851259993bb7ce,D:\prostat\train_images\a606428bb0598bbd68851259993bb7ce.tiff,True,True
d3a5775345ddc4976944ff1941709ef0,D:\prostat\train_images\d3a5775345ddc4976944ff1941709ef0.tiff,True,True
5e9265276fdaddcc7b37bb29f1e78d04,D:\prostat\train_images\5e9265276fdaddcc7b37bb29f1e78d04.tiff,True,True
245f3500e86798b42b985e4322fa219f,D:\prostat\train_images\245f3500e86798b42b985e4322fa219f.tiff,True,True
9b4216a9961382139d571fb45e4652bb,D:\prostat\train_images\9b4216a9961382139d571fb45e4652bb.tiff,True,True
b8375d0d9e6a0c25de0da5c917e11ad1,D:\prostat\train_images\b8375d0d9e6a0c25de0da5c917e11ad1.tiff,True,True
37f2d6ab184a9f4a3d3eedf3aa35dff9,D:\prostat\train_images\37f2d6ab184a9f4a3d3eedf3aa35dff9.tiff,True,True
faddad3fc69d1d260189385b8139f91d,D:\prostat\train_images\faddad3fc69d1d260189385b8139f91d.tiff,True,True
49764620319a820dfd2e6738861b1aa0,D:\prostat\train_images\49764620319a820dfd2e6738861b1aa0.tiff,True,True
bf76a6ee6ce516c2222395ec55e90917,D:\prostat\train_images\bf76a6ee6ce516c2222395ec55e90917.tiff,True,True
8e7fc648a8693bc9ff0f8679220196f5,D:\prostat\train_images\8e7fc648a8693bc9ff0f8679220196f5.tiff,True,True
e463d4ac988daa096b86a768cc32c745,D:\prostat\train_images\e463d4ac988daa096b86a768cc32c745.tiff,True,True
57ec54de3a7df9a08cbec3834fdf4105,D:\prostat\train_images\57ec54de3a7df9a08cbec3834fdf4105.tiff,True,True
b8c6eb182fab355d181d222b34ae9dc1,D:\prostat\train_images\b8c6eb182fab355d181d222b34ae9dc1.tiff,True,True
2b4e8eac6e778eddf0fe5b64e7ab47a8,D:\prostat\train_images\2b4e8eac6e778eddf0fe5b64e7ab47a8.tiff,True,True
f82b48c5ef63a291660357ded12a7ab1,D:\prostat\train_images\f82b48c5ef63a291660357ded12a7ab1.tiff,True,True
a72727c39add8982af8cc5b32822bb40,D:\prostat\train_images\a72727c39add8982af8cc5b32822bb40.tiff,True,True
a57fce3a0a40fcdd2683b9c24739dd7f,D:\prostat\train_images\a57fce3a0a40fcdd2683b9c24739dd7f.tiff,True,True
e32178802c489afe52393c91ea6db85e,D:\prostat\train_images\e32178802c489afe52393c91ea6db85e.tiff,True,True
6b083db10343b3e91558b13bf2faf62f,D:\prostat\train_images\6b083db10343b3e91558b13bf2faf62f.tiff,True,True
17e2a87ca593cc8ace8ac21fbdfc6b33,D:\prostat\train_images\17e2a87ca593cc8ace8ac21fbdfc6b33.tiff,True,True
dd036a4ae490d912713ea354b58d8eb9,D:\prostat\train_images\dd036a4ae490d912713ea354b58d8eb9.tiff,True,True
3479b69cf34e5241ddabe268dc304c56,D:\prostat\train_images\3479b69cf34e5241ddabe268dc304c56.tiff,True,True
b6f90e7ab21daafd78c0c8f8d6370afa,D:\prostat\train_images\b6f90e7ab21daafd78c0c8f8d6370afa.tiff,True,True
f82ed3f5d1a4a974884f7180af4f9ba5,D:\prostat\train_images\f82ed3f5d1a4a974884f7180af4f9ba5.tiff,True,True
2fb191421a983123779eb773b89c0df9,D:\prostat\train_images\2fb191421a983123779eb773b89c0df9.tiff,True,True
ed2306e1735ee4b91480e74fd44e5a66,D:\prostat\train_images\ed2306e1735ee4b91480e74fd44e5a66.tiff,True,True
337be23a5a57efd390460172053fe5b7,D:\prostat\train_images\337be23a5a57efd390460172053fe5b7.tiff,True,True
64b278351203c5a9e1bcffa05621280d,D:\prostat\train_images\64b278351203c5a9e1bcffa05621280d.tiff,True,True
66c2c9894033a7e09a33548f4e51c2be,D:\prostat\train_images\66c2c9894033a7e09a33548f4e51c2be.tiff,True,True
b81f068ea8c90ec259cf9212bbc24c22,D:\prostat\train_images\b81f068ea8c90ec259cf9212bbc24c22.tiff,True,True
eca419aaa2639a18266ca5458495a594,D:\prostat\train_images\eca419aaa2639a18266ca5458495a594.tiff,True,True
3b596f8a7757d68bf9d4cc68015d9a82,D:\prostat\train_images\3b596f8a7757d68bf9d4cc68015d9a82.tiff,True,True
fa1308140eb6aea8c7d91ebebf51073e,D:\prostat\train_images\fa1308140eb6aea8c7d91ebebf51073e.tiff,True,True
6b1b56ad6d3f3c7d46a82dbe738cec83,D:\prostat\train_images\6b1b56ad6d3f3c7d46a82dbe738cec83.tiff,True,True
9deef6de4a5c3c2be5b8325a36e59464,D:\prostat\train_images\9deef6de4a5c3c2be5b8325a36e59464.tiff,True,True
53a0d392e204cdbaa181fe636dd62600,D:\prostat\train_images\53a0d392e204cdbaa181fe636dd62600.tiff,True,True
845f93031768557ad5c0948bf08d043b,D:\prostat\train_images\845f93031768557ad5c0948bf08d043b.tiff,True,True
da4b2e029abb2741bcfef60fa7ab10b0,D:\prostat\train_images\da4b2e029abb2741bcfef60fa7ab10b0.tiff,True,True
0c0041c562f7cbcb69a4d195d5a06114,D:\prostat\train_images\0c0041c562f7cbcb69a4d195d5a06114.tiff,True,True
85462c829a6d24bba94de291d9ef737f,D:\prostat\train_images\85462c829a6d24bba94de291d9ef737f.tiff,True,True
a9de2f159602a6c08dde0551062fb74b,D:\prostat\train_images\a9de2f159602a6c08dde0551062fb74b.tiff,True,True
32d951dce83800cf441b41c50b50208a,D:\prostat\train_images\32d951dce83800cf441b41c50b50208a.tiff,True,True
5d28dc81420bc0e2ee5d3ac90d5153ef,D:\prostat\train_images\5d28dc81420bc0e2ee5d3ac90d5153ef.tiff,True,True
e36919a1456e6464c4163f905accb5e1,D:\prostat\train_images\e36919a1456e6464c4163f905accb5e1.tiff,True,True
de917fad4d201600ab0832d4625dc054,D:\prostat\train_images\de917fad4d201600ab0832d4625dc054.tiff,True,True
621575853be210386a1183dbfad4111a,D:\prostat\train_images\621575853be210386a1183dbfad4111a.tiff,True,True
0c77c44639718bde0513e97205b413a0,D:\prostat\train_images\0c77c44639718bde0513e97205b413a0.tiff,True,True
321c9acd852ae2de358f0519adefa413,D:\prostat\train_images\321c9acd852ae2de358f0519adefa413.tiff,True,True
8a766e821b28f9c9a09125370180c5e5,D:\prostat\train_images\8a766e821b28f9c9a09125370180c5e5.tiff,True,True
a9b52672e84888c7a26fc2694106f86f,D:\prostat\train_images\a9b52672e84888c7a26fc2694106f86f.tiff,True,True
a4effa6d0c2e32e36e45f32f9e7e4977,D:\prostat\train_images\a4effa6d0c2e32e36e45f32f9e7e4977.tiff,True,True
b13961504ea859ff34a150bc19fed335,D:\prostat\train_images\b13961504ea859ff34a150bc19fed335.tiff,True,True
b265d93d05d4e53741646f108598a055,D:\prostat\train_images\b265d93d05d4e53741646f108598a055.tiff,True,True
b35fe0cb1edc0b16f24480fe83e8b987,D:\prostat\train_images\b35fe0cb1edc0b16f24480fe83e8b987.tiff,True,True
fda6868aea710b2e286d1b575638050f,D:\prostat\train_images\fda6868aea710b2e286d1b575638050f.tiff,True,True
07e16ae47a5154782affc9dc45b50297,D:\prostat\train_images\07e16ae47a5154782affc9dc45b50297.tiff,True,True
8e3d3a5d3a5cae900595db0f9f5df6bb,D:\prostat\train_images\8e3d3a5d3a5cae900595db0f9f5df6bb.tiff,True,True
fe1d0b156ddba991585791769dc9ede9,D:\prostat\train_images\fe1d0b156ddba991585791769dc9ede9.tiff,True,True
105639feabdeb9be2a7a1b1db7ea7625,D:\prostat\train_images\105639feabdeb9be2a7a1b1db7ea7625.tiff,True,True
7fe16ebcbd851c933409e076d98c8072,D:\prostat\train_images\7fe16ebcbd851c933409e076d98c8072.tiff,True,True
021cebcddd589b19448cae16b26c9863,D:\prostat\train_images\021cebcddd589b19448cae16b26c9863.tiff,True,True
52ad032950196f56b1203d2a7b71d3b7,D:\prostat\train_images\52ad032950196f56b1203d2a7b71d3b7.tiff,True,True
bb25d84b4c461fad076a63b4a048c811,D:\prostat\train_images\bb25d84b4c461fad076a63b4a048c811.tiff,True,True
52ecce8ca4633560db50a51eaa8777e9,D:\prostat\train_images\52ecce8ca4633560db50a51eaa8777e9.tiff,True,True
b7295985832c4130a410a77f37061107,D:\prostat\train_images\b7295985832c4130a410a77f37061107.tiff,True,True
c2265a32286d90695745e411d313b694,D:\prostat\train_images\c2265a32286d90695745e411d313b694.tiff,True,True
79651b24fbb072aba80cd457ccee57f8,D:\prostat\train_images\79651b24fbb072aba80cd457ccee57f8.tiff,True,True
c33af8c4a420e085d513136c23876dfd,D:\prostat\train_images\c33af8c4a420e085d513136c23876dfd.tiff,True,True
29d80dc50d0b6ba0c43087089514c688,D:\prostat\train_images\29d80dc50d0b6ba0c43087089514c688.tiff,True,True
85696dd6d6be278037fdca733e136f2a,D:\prostat\train_images\85696dd6d6be278037fdca733e136f2a.tiff,True,True
dac43b12a554b5d13719d80d348e962f,D:\prostat\train_images\dac43b12a554b5d13719d80d348e962f.tiff,True,True
3e6e9a534a8d92999185e99dc4293bee,D:\prostat\train_images\3e6e9a534a8d92999185e99dc4293bee.tiff,True,True
a14885c7da6514c0523a6977e2b205a4,D:\prostat\train_images\a14885c7da6514c0523a6977e2b205a4.tiff,True,True
a53b780941263a252bea531c73f2294d,D:\prostat\train_images\a53b780941263a252bea531c73f2294d.tiff,True,True
685ab779723fe6dca2f06e66b520d7bb,D:\prostat\train_images\685ab779723fe6dca2f06e66b520d7bb.tiff,True,True
a5c070a1bff740fb05683f14886888e7,D:\prostat\train_images\a5c070a1bff740fb05683f14886888e7.tiff,True,True
1d2f6f79ee18460e6b18e3710c87e8a2,D:\prostat\train_images\1d2f6f79ee18460e6b18e3710c87e8a2.tiff,True,True
2f1ffd9eba705b8795e52d48bd31fc04,D:\prostat\train_images\2f1ffd9eba705b8795e52d48bd31fc04.tiff,True,True
8504a3bbeddc6147fe6b69c68100e3d3,D:\prostat\train_images\8504a3bbeddc6147fe6b69c68100e3d3.tiff,True,True
d3ef86275b0da6ce3e7f01faa652c3f7,D:\prostat\train_images\d3ef86275b0da6ce3e7f01faa652c3f7.tiff,True,True
4f97dcfc7c82a6a16f8fdf3668ca22df,D:\prostat\train_images\4f97dcfc7c82a6a16f8fdf3668ca22df.tiff,True,True
cf2cde676c6f71f1373a55588f098145,D:\prostat\train_images\cf2cde676c6f71f1373a55588f098145.tiff,True,True
6e70fa6670bda66963853ad613e8fcc5,D:\prostat\train_images\6e70fa6670bda66963853ad613e8fcc5.tiff,True,True
bf7e9ce61ffe58f2276a4689d00eddf1,D:\prostat\train_images\bf7e9ce61ffe58f2276a4689d00eddf1.tiff,True,True
c874de63fb72b5c081bbea4a5a7aae65,D:\prostat\train_images\c874de63fb72b5c081bbea4a5a7aae65.tiff,True,True
6ee0840e4cec3865e228b5f96fe0b188,D:\prostat\train_images\6ee0840e4cec3865e228b5f96fe0b188.tiff,True,True
3c3b1cae5538b0e4dcdfd6bdb492fd9a,D:\prostat\train_images\3c3b1cae5538b0e4dcdfd6bdb492fd9a.tiff,True,True
8d591bbdb85060fdda5c3c85f29ed9aa,D:\prostat\train_images\8d591bbdb85060fdda5c3c85f29ed9aa.tiff,True,True
4867b2a030243b9079a0bf08db01cb03,D:\prostat\train_images\4867b2a030243b9079a0bf08db01cb03.tiff,True,True
85537a74e1872569f03e0fed5e8fb9eb,D:\prostat\train_images\85537a74e1872569f03e0fed5e8fb9eb.tiff,True,True
004391d48d58b18156f811087cd38abf,D:\prostat\train_images\004391d48d58b18156f811087cd38abf.tiff,True,True
a7baba733c9e351d8938a493e9e96480,D:\prostat\train_images\a7baba733c9e351d8938a493e9e96480.tiff,True,True
9f54b66fea7733a969ddabccb7dbee77,D:\prostat\train_images\9f54b66fea7733a969ddabccb7dbee77.tiff,True,True
9f183415180fe74f08ac54da7ffa8a4a,D:\prostat\train_images\9f183415180fe74f08ac54da7ffa8a4a.tiff,True,True
f9c648dbc50dc200e49e7859ca7ea949,D:\prostat\train_images\f9c648dbc50dc200e49e7859ca7ea949.tiff,True,True
8b6bc283a0d345aaab935989639523eb,D:\prostat\train_images\8b6bc283a0d345aaab935989639523eb.tiff,True,True
93ae02548272362cf8d6c949018670cb,D:\prostat\train_images\93ae02548272362cf8d6c949018670cb.tiff,True,True
4859aea02180c9b02fbd1be4e538240c,D:\prostat\train_images\4859aea02180c9b02fbd1be4e538240c.tiff,True,True
0c625807666551dc07436779d1969b24,D:\prostat\train_images\0c625807666551dc07436779d1969b24.tiff,True,True
8421ac14e6120aeafee16003f19a9d76,D:\prostat\train_images\8421ac14e6120aeafee16003f19a9d76.tiff,True,True
f805582bbe48523bb1f118e4acc4a6af,D:\prostat\train_images\f805582bbe48523bb1f118e4acc4a6af.tiff,True,True
9badca58cd4dbe1ba757e725456753d0,D:\prostat\train_images\9badca58cd4dbe1ba757e725456753d0.tiff,True,True
8b175b733c6b5a19f107d7cd9cdd1b06,D:\prostat\train_images\8b175b733c6b5a19f107d7cd9cdd1b06.tiff,True,True
410cba2621af8d087ca17589878129de,D:\prostat\train_images\410cba2621af8d087ca17589878129de.tiff,True,True
e1131d4413228f5c89e0d2732f59e1c1,D:\prostat\train_images\e1131d4413228f5c89e0d2732f59e1c1.tiff,True,True
00928370e2dfeb8a507667ef1d4efcbb,D:\prostat\train_images\00928370e2dfeb8a507667ef1d4efcbb.tiff,True,True
d1e98dd82b39587a6ad1f1351fd8269e,D:\prostat\train_images\d1e98dd82b39587a6ad1f1351fd8269e.tiff,True,True
ddcb50ebc2fad73f053d0a3b44c30882,D:\prostat\train_images\ddcb50ebc2fad73f053d0a3b44c30882.tiff,True,True
a10e936390d9d140fd8249c9098f024c,D:\prostat\train_images\a10e936390d9d140fd8249c9098f024c.tiff,True,True
2d04835e3b30fd9dcf1fe23dfc9812d9,D:\prostat\train_images\2d04835e3b30fd9dcf1fe23dfc9812d9.tiff,True,True
30b5b45882af856464150d2bd86668b1,D:\prostat\train_images\30b5b45882af856464150d2bd86668b1.tiff,True,True
9fd1cf3c7669bab2fbceb2c1dcb99cb3,D:\prostat\train_images\9fd1cf3c7669bab2fbceb2c1dcb99cb3.tiff,True,True
144128bf2adebe5cb85b76e0f94f3f01,D:\prostat\train_images\144128bf2adebe5cb85b76e0f94f3f01.tiff,True,True
4a3cd784b891733e6f807e69a592e13f,D:\prostat\train_images\4a3cd784b891733e6f807e69a592e13f.tiff,True,True
eb074645f3635008d749b5f03c1336c0,D:\prostat\train_images\eb074645f3635008d749b5f03c1336c0.tiff,True,True
6571e5fffadcb4ab16a0fc6388deed0f,D:\prostat\train_images\6571e5fffadcb4ab16a0fc6388deed0f.tiff,True,True
1a789c6c69c689629ac6e8c11eb0f5fa,D:\prostat\train_images\1a789c6c69c689629ac6e8c11eb0f5fa.tiff,True,True
43aeffda3443f02792ab71c8bc4ea6d7,D:\prostat\train_images\43aeffda3443f02792ab71c8bc4ea6d7.tiff,True,True
12949eee9c2be841d54a2f25933396da,D:\prostat\train_images\12949eee9c2be841d54a2f25933396da.tiff,True,True
c3e3c81e70f9124f5872bab7f5c71b94,D:\prostat\train_images\c3e3c81e70f9124f5872bab7f5c71b94.tiff,True,True
e578ab3feca3b43bb261cda8bc2e28a2,D:\prostat\train_images\e578ab3feca3b43bb261cda8bc2e28a2.tiff,True,True
ffe06afd66a93258f8fabdef6044e181,D:\prostat\train_images\ffe06afd66a93258f8fabdef6044e181.tiff,True,True
1c4653246dc78308252d47160786ad15,D:\prostat\train_images\1c4653246dc78308252d47160786ad15.tiff,True,True
b2443b53c6ecff257bce39ea43e355b5,D:\prostat\train_images\b2443b53c6ecff257bce39ea43e355b5.tiff,True,True
86d1fcf7709618cb03e0e05b08b1237e,D:\prostat\train_images\86d1fcf7709618cb03e0e05b08b1237e.tiff,True,True
3619a5ca0634e11f0e0474c9eab68f2e,D:\prostat\train_images\3619a5ca0634e11f0e0474c9eab68f2e.tiff,True,True
74270feba7d6ce664d84065e27cfea6d,D:\prostat\train_images\74270feba7d6ce664d84065e27cfea6d.tiff,True,True
e00a9e967dd9d4b5b23d92f7c791fbdd,D:\prostat\train_images\e00a9e967dd9d4b5b23d92f7c791fbdd.tiff,True,True
6740dbd4b12921e8aef0381c3bc2eb75,D:\prostat\train_images\6740dbd4b12921e8aef0381c3bc2eb75.tiff,True,True
04c64f01e704712be3de4b5687f9bc9e,D:\prostat\train_images\04c64f01e704712be3de4b5687f9bc9e.tiff,True,True
465c28b0dd4df27225df502c010675c6,D:\prostat\train_images\465c28b0dd4df27225df502c010675c6.tiff,True,True
ccbe967c03ac80d44beb5a92167730ea,D:\prostat\train_images\ccbe967c03ac80d44beb5a92167730ea.tiff,True,True
18720a3463951c46b4b3392b8785e11f,D:\prostat\train_images\18720a3463951c46b4b3392b8785e11f.tiff,True,True
7fb8cd030a3f7a8f3c5e75868f703acd,D:\prostat\train_images\7fb8cd030a3f7a8f3c5e75868f703acd.tiff,True,True
bd1a900e27cf317aa19176446e05df47,D:\prostat\train_images\bd1a900e27cf317aa19176446e05df47.tiff,True,True
467f8386fb72e5fe9970db33c8791302,D:\prostat\train_images\467f8386fb72e5fe9970db33c8791302.tiff,True,True
738963113c79bb3c8814b06224a263a3,D:\prostat\train_images\738963113c79bb3c8814b06224a263a3.tiff,True,True
a6bb14d29c43bd60e289adda03de9687,D:\prostat\train_images\a6bb14d29c43bd60e289adda03de9687.tiff,True,True
0bec02fc4922292847f64a9065d7b32d,D:\prostat\train_images\0bec02fc4922292847f64a9065d7b32d.tiff,True,True
d619aea287290e9eefa449d1e54ed333,D:\prostat\train_images\d619aea287290e9eefa449d1e54ed333.tiff,True,True
b30b0cebda476de77bec3bff2374cf68,D:\prostat\train_images\b30b0cebda476de77bec3bff2374cf68.tiff,True,True
8fae0151f134c7499934dfe20c700eb9,D:\prostat\train_images\8fae0151f134c7499934dfe20c700eb9.tiff,True,True
0eba277034f9fee35b08e4aa8a2cd1ef,D:\prostat\train_images\0eba277034f9fee35b08e4aa8a2cd1ef.tiff,True,True
19f82c826d1b9406c778eb66d2e5c5ad,D:\prostat\train_images\19f82c826d1b9406c778eb66d2e5c5ad.tiff,True,True
def79acd1fba29e18079fd3925b7ae92,D:\prostat\train_images\def79acd1fba29e18079fd3925b7ae92.tiff,True,True
91c2e90cf320a9e3cbaeee14fd3b44e3,D:\prostat\train_images\91c2e90cf320a9e3cbaeee14fd3b44e3.tiff,True,True
5e95f26615d4021740de50892e57e565,D:\prostat\train_images\5e95f26615d4021740de50892e57e565.tiff,True,True
742e58363ad59930dd29cd4d23e3e2e0,D:\prostat\train_images\742e58363ad59930dd29cd4d23e3e2e0.tiff,True,True
7889a8d815877c63420df1750271bd24,D:\prostat\train_images\7889a8d815877c63420df1750271bd24.tiff,True,True
612aa3391b33578ba22ef3d3f3ef9d90,D:\prostat\train_images\612aa3391b33578ba22ef3d3f3ef9d90.tiff,True,True
91e2c35b8c9d4b6c1772f0589e6a81be,D:\prostat\train_images\91e2c35b8c9d4b6c1772f0589e6a81be.tiff,True,True
3d478da1e66bfacc7567914809447099,D:\prostat\train_images\3d478da1e66bfacc7567914809447099.tiff,True,True
be21fab0928a4da30fc59cd46063632e,D:\prostat\train_images\be21fab0928a4da30fc59cd46063632e.tiff,True,True
e6906d39baeab552b6540499fb95a14d,D:\prostat\train_images\e6906d39baeab552b6540499fb95a14d.tiff,True,True
7db49c48802f5608f38c993982b1dcec,D:\prostat\train_images\7db49c48802f5608f38c993982b1dcec.tiff,True,True
4d048dd585259614c27e11431ec2c860,D:\prostat\train_images\4d048dd585259614c27e11431ec2c860.tiff,True,True
a1fd7998cce64a8747a682bf524951bf,D:\prostat\train_images\a1fd7998cce64a8747a682bf524951bf.tiff,True,True
3d0d0276329277a86602012ae703b1c5,D:\prostat\train_images\3d0d0276329277a86602012ae703b1c5.tiff,True,True
5a0c582812967666f68055b84aa6a69b,D:\prostat\train_images\5a0c582812967666f68055b84aa6a69b.tiff,True,True
b0dc9662008d3c1d40f3b30d82a6ffe0,D:\prostat\train_images\b0dc9662008d3c1d40f3b30d82a6ffe0.tiff,True,True
7d0ddf6bf84b1b3d6c8dafe1ab13c4ec,D:\prostat\train_images\7d0ddf6bf84b1b3d6c8dafe1ab13c4ec.tiff,True,True
67fa39eefb55953ca818c7c46d3a8369,D:\prostat\train_images\67fa39eefb55953ca818c7c46d3a8369.tiff,True,True
4aa8963308d58ec77d216b3f4c60a9de,D:\prostat\train_images\4aa8963308d58ec77d216b3f4c60a9de.tiff,True,True
b70651a991d293e0fa741ebb1754e15e,D:\prostat\train_images\b70651a991d293e0fa741ebb1754e15e.tiff,True,True
9f2739434a4444b74f5cbe8888a77ea2,D:\prostat\train_images\9f2739434a4444b74f5cbe8888a77ea2.tiff,True,True
56c011c71edcba80e2c4fb87d1d0f26e,D:\prostat\train_images\56c011c71edcba80e2c4fb87d1d0f26e.tiff,True,True
5b4819f36fb394dd3fcda83c3a3b7ad0,D:\prostat\train_images\5b4819f36fb394dd3fcda83c3a3b7ad0.tiff,True,True
d82ed201dc437809e5fb20877310bedc,D:\prostat\train_images\d82ed201dc437809e5fb20877310bedc.tiff,True,True
d0bd34262db1f6c9753c6ead015e347f,D:\prostat\train_images\d0bd34262db1f6c9753c6ead015e347f.tiff,True,True
55bc19f33c8e76d179d4fff167424383,D:\prostat\train_images\55bc19f33c8e76d179d4fff167424383.tiff,True,True
97fa3c9dec8b6d00cbb330ab0722482c,D:\prostat\train_images\97fa3c9dec8b6d00cbb330ab0722482c.tiff,True,True
301d13eb98beab38bf58e20fe04bc68e,D:\prostat\train_images\301d13eb98beab38bf58e20fe04bc68e.tiff,True,True
171f7bcb6ead41478ece0bc757ea7e09,D:\prostat\train_images\171f7bcb6ead41478ece0bc757ea7e09.tiff,True,True
9fd437bdbce5a08de94d7b234079fd93,D:\prostat\train_images\9fd437bdbce5a08de94d7b234079fd93.tiff,True,True
3c6cbc0f8307f562fe1d277c7596398b,D:\prostat\train_images\3c6cbc0f8307f562fe1d277c7596398b.tiff,True,True
13e54c704fc23b77d23ea515c16bc955,D:\prostat\train_images\13e54c704fc23b77d23ea515c16bc955.tiff,True,True
f339d9778d8f95bfe372acb04b0c2d7a,D:\prostat\train_images\f339d9778d8f95bfe372acb04b0c2d7a.tiff,True,True
b3fab1c957575c820ee26948914a421b,D:\prostat\train_images\b3fab1c957575c820ee26948914a421b.tiff,True,True
8cd313b5545fa75f9a7dd0273e17c568,D:\prostat\train_images\8cd313b5545fa75f9a7dd0273e17c568.tiff,True,True
c4e165cd0d565c8cedb6c8c0a59746c3,D:\prostat\train_images\c4e165cd0d565c8cedb6c8c0a59746c3.tiff,True,True
4ada62a4e80e0cc01ceac327b2f5c57f,D:\prostat\train_images\4ada62a4e80e0cc01ceac327b2f5c57f.tiff,True,True
af1411aecef861c7f39555f2a8b0e0d3,D:\prostat\train_images\af1411aecef861c7f39555f2a8b0e0d3.tiff,True,True
8c29bd4a2c7e20e6fe58fea5bb27309a,D:\prostat\train_images\8c29bd4a2c7e20e6fe58fea5bb27309a.tiff,True,True
54c61151ae2462ead0ca58a062c48139,D:\prostat\train_images\54c61151ae2462ead0ca58a062c48139.tiff,True,True
0cb2ce337d1a2073f68553d15eacb3a8,D:\prostat\train_images\0cb2ce337d1a2073f68553d15eacb3a8.tiff,True,True
cc2efe261a8e7d6dffbd3aff1f33d439,D:\prostat\train_images\cc2efe261a8e7d6dffbd3aff1f33d439.tiff,True,True
7e8745ed801d57aaf0febef1d2d9c3ac,D:\prostat\train_images\7e8745ed801d57aaf0febef1d2d9c3ac.tiff,True,True
8692eb523165283411d0ceef96c42592,D:\prostat\train_images\8692eb523165283411d0ceef96c42592.tiff,True,True
402fa51bb615b1a88200c65ce22c76fe,D:\prostat\train_images\402fa51bb615b1a88200c65ce22c76fe.tiff,True,True
76512fc338f0cdc3252fb1e4a0d7709c,D:\prostat\train_images\76512fc338f0cdc3252fb1e4a0d7709c.tiff,True,True
d8f6b0abbcf5d89fc684cdfa77f0a655,D:\prostat\train_images\d8f6b0abbcf5d89fc684cdfa77f0a655.tiff,True,True
7d5dbfb91ce9be33221e4ba9358326fd,D:\prostat\train_images\7d5dbfb91ce9be33221e4ba9358326fd.tiff,True,True
014006841b9807edc0ff277c4ab29b91,D:\prostat\train_images\014006841b9807edc0ff277c4ab29b91.tiff,True,True
67e855cca15a9930d065bf9f14241b41,D:\prostat\train_images\67e855cca15a9930d065bf9f14241b41.tiff,True,True
effe920ec2c4a10fe08d237a806d04d5,D:\prostat\train_images\effe920ec2c4a10fe08d237a806d04d5.tiff,True,True
f2d4965abc424e27c5d482ac0155ffd1,D:\prostat\train_images\f2d4965abc424e27c5d482ac0155ffd1.tiff,True,True
7d52f24fd1afc2e4e7610af306af2b2f,D:\prostat\train_images\7d52f24fd1afc2e4e7610af306af2b2f.tiff,True,True
ee435f8cf44f4e0e41a2b31226fec1e9,D:\prostat\train_images\ee435f8cf44f4e0e41a2b31226fec1e9.tiff,True,True
84110cd444dd25fd974e0cdcd1df8065,D:\prostat\train_images\84110cd444dd25fd974e0cdcd1df8065.tiff,True,True
6ca9348a09b4bceff7a738ae8b37f369,D:\prostat\train_images\6ca9348a09b4bceff7a738ae8b37f369.tiff,True,True
1efeb4184829ebaa4d10c223e73c5d4f,D:\prostat\train_images\1efeb4184829ebaa4d10c223e73c5d4f.tiff,True,True
e64598d6884499b44b9bc615912f4f0e,D:\prostat\train_images\e64598d6884499b44b9bc615912f4f0e.tiff,True,True
c1fd9dfbf6a743763409b6d1a26ab29c,D:\prostat\train_images\c1fd9dfbf6a743763409b6d1a26ab29c.tiff,True,True
56fa8b134b06e3a50c2fa4ee71defaba,D:\prostat\train_images\56fa8b134b06e3a50c2fa4ee71defaba.tiff,True,True
dc65b5af33ea3c704de7e3c8b43d33c8,D:\prostat\train_images\dc65b5af33ea3c704de7e3c8b43d33c8.tiff,True,True
1521d8add6039d68060e919270448018,D:\prostat\train_images\1521d8add6039d68060e919270448018.tiff,True,True
f0d3a67702abc214a7ca6c1158e5a62c,D:\prostat\train_images\f0d3a67702abc214a7ca6c1158e5a62c.tiff,True,True
dabe405fe14fea8abeae766fdaa96185,D:\prostat\train_images\dabe405fe14fea8abeae766fdaa96185.tiff,True,True
9264efc13ba91622d0d641b49c8caf52,D:\prostat\train_images\9264efc13ba91622d0d641b49c8caf52.tiff,True,True
e7043a7f067f15e7a833df1f0e9c7a7a,D:\prostat\train_images\e7043a7f067f15e7a833df1f0e9c7a7a.tiff,True,True
8ced08fd98400f0dc7d3b1ebb782eb7b,D:\prostat\train_images\8ced08fd98400f0dc7d3b1ebb782eb7b.tiff,True,True
dd1de3a4f68b088865866c04b3917f85,D:\prostat\train_images\dd1de3a4f68b088865866c04b3917f85.tiff,True,True
8ae069858aecbad846f4d69d405f9bd6,D:\prostat\train_images\8ae069858aecbad846f4d69d405f9bd6.tiff,True,True
453e291d3376b4563d711e4c2208cd0a,D:\prostat\train_images\453e291d3376b4563d711e4c2208cd0a.tiff,True,True
1acafac8fcc424cdba4d17f3dd0792ef,D:\prostat\train_images\1acafac8fcc424cdba4d17f3dd0792ef.tiff,True,True
139aa5db6376a70044c4c6dd6f4a6666,D:\prostat\train_images\139aa5db6376a70044c4c6dd6f4a6666.tiff,True,True
4f39a9611ee346e4b00b151cda92bbeb,D:\prostat\train_images\4f39a9611ee346e4b00b151cda92bbeb.tiff,True,True
c8e8e1f2f14c1d8804551ca9233442e6,D:\prostat\train_images\c8e8e1f2f14c1d8804551ca9233442e6.tiff,True,True
73037573234229d6a23f57873f966dce,D:\prostat\train_images\73037573234229d6a23f57873f966dce.tiff,True,True
06a7dc123ee1cd1a88b5563bb332666c,D:\prostat\train_images\06a7dc123ee1cd1a88b5563bb332666c.tiff,True,True
6b7e34e1215bb1f304eb5bab0cdcf8bb,D:\prostat\train_images\6b7e34e1215bb1f304eb5bab0cdcf8bb.tiff,True,True
e891d0d99672757464ee838a0794f424,D:\prostat\train_images\e891d0d99672757464ee838a0794f424.tiff,True,True
2baf0e44d4c112ec9d268029638ea7f8,D:\prostat\train_images\2baf0e44d4c112ec9d268029638ea7f8.tiff,True,True
28de07f534e1942fb63732ccd9e09338,D:\prostat\train_images\28de07f534e1942fb63732ccd9e09338.tiff,True,True
dac0955cb9071d9394bc235986a55af0,D:\prostat\train_images\dac0955cb9071d9394bc235986a55af0.tiff,True,True
9b7a3bed1f74654040a37290572015c5,D:\prostat\train_images\9b7a3bed1f74654040a37290572015c5.tiff,True,True
2b279c048e084401a4f953ebd66d3c84,D:\prostat\train_images\2b279c048e084401a4f953ebd66d3c84.tiff,True,True
f2a05cf9e8b20fee5710fd7f32e95b8b,D:\prostat\train_images\f2a05cf9e8b20fee5710fd7f32e95b8b.tiff,True,True
309a240cec8d3f98a615f8cfba3f7624,D:\prostat\train_images\309a240cec8d3f98a615f8cfba3f7624.tiff,True,True
dbbd706e74cdd87e423b5e28d3c7f25a,D:\prostat\train_images\dbbd706e74cdd87e423b5e28d3c7f25a.tiff,True,True
f41758ea4ca2fa1520cfe98a4c064e54,D:\prostat\train_images\f41758ea4ca2fa1520cfe98a4c064e54.tiff,True,True
9dc34fcfebf02fc4fac7a84a1c99ca5d,D:\prostat\train_images\9dc34fcfebf02fc4fac7a84a1c99ca5d.tiff,True,True
4fd91f9bac6085447210f42265dbcbdd,D:\prostat\train_images\4fd91f9bac6085447210f42265dbcbdd.tiff,True,True
700c0607ec73c9ccdd88de5617f850a9,D:\prostat\train_images\700c0607ec73c9ccdd88de5617f850a9.tiff,True,True
c7e5735bcf728c93fa7dfcb24b975ead,D:\prostat\train_images\c7e5735bcf728c93fa7dfcb24b975ead.tiff,True,True
a9eb78153559e7daa9eaee25cfd43680,D:\prostat\train_images\a9eb78153559e7daa9eaee25cfd43680.tiff,True,True
33988246de7efa7c24f3c2224cba333e,D:\prostat\train_images\33988246de7efa7c24f3c2224cba333e.tiff,True,True
ce6a38ef5d41129056e35b787bbba46e,D:\prostat\train_images\ce6a38ef5d41129056e35b787bbba46e.tiff,True,True
e33f022f319d81b60bc1fcf1c139a0f1,D:\prostat\train_images\e33f022f319d81b60bc1fcf1c139a0f1.tiff,True,True
b0ee38976e71dfbfba705974713ee612,D:\prostat\train_images\b0ee38976e71dfbfba705974713ee612.tiff,True,True
4b249e89f5822184179af3aca0c0293a,D:\prostat\train_images\4b249e89f5822184179af3aca0c0293a.tiff,True,True
19e4aab3fa00eb67e72d400fedae03a3,D:\prostat\train_images\19e4aab3fa00eb67e72d400fedae03a3.tiff,True,True
5f3d195f200eda8037910949831b87ad,D:\prostat\train_images\5f3d195f200eda8037910949831b87ad.tiff,True,True
749cd48d71d41aef0b04653f898caa7b,D:\prostat\train_images\749cd48d71d41aef0b04653f898caa7b.tiff,True,True
d5b50c1579d9f27e41d477ae6a03de27,D:\prostat\train_images\d5b50c1579d9f27e41d477ae6a03de27.tiff,True,True
27a17fc7cc2919bb39ac51dae3c377a5,D:\prostat\train_images\27a17fc7cc2919bb39ac51dae3c377a5.tiff,True,True
821b7c89e5f5879c21cefcdeb0df1657,D:\prostat\train_images\821b7c89e5f5879c21cefcdeb0df1657.tiff,True,True
cc4c05d450b5688a72299fd33ebedc0f,D:\prostat\train_images\cc4c05d450b5688a72299fd33ebedc0f.tiff,True,True
17abbd0b7b7c7aec53ae4e6e14ddeaab,D:\prostat\train_images\17abbd0b7b7c7aec53ae4e6e14ddeaab.tiff,True,True
4517c109e23cf3b572373db82b519303,D:\prostat\train_images\4517c109e23cf3b572373db82b519303.tiff,True,True
6d86f19eb226c49cad23b4b0d5ba9ef9,D:\prostat\train_images\6d86f19eb226c49cad23b4b0d5ba9ef9.tiff,True,True
fc0109ca8340e1cea99e1a26e40aebd4,D:\prostat\train_images\fc0109ca8340e1cea99e1a26e40aebd4.tiff,True,True
eb224c3e74b14b1b93a377f358469610,D:\prostat\train_images\eb224c3e74b14b1b93a377f358469610.tiff,True,True
202ae5085bfd89bb3b20f96d3db3b126,D:\prostat\train_images\202ae5085bfd89bb3b20f96d3db3b126.tiff,True,True
e65b5c109b3568689538a5dad4054c08,D:\prostat\train_images\e65b5c109b3568689538a5dad4054c08.tiff,True,True
2b03baa16076f3848892001f9f5d392a,D:\prostat\train_images\2b03baa16076f3848892001f9f5d392a.tiff,True,True
9c1e528658246c5f5600e5a98f9ceb62,D:\prostat\train_images\9c1e528658246c5f5600e5a98f9ceb62.tiff,True,True
1ad725c53a59666f85d84dbea616000f,D:\prostat\train_images\1ad725c53a59666f85d84dbea616000f.tiff,True,True
2b8b2114b8fac07416addd3d440e0350,D:\prostat\train_images\2b8b2114b8fac07416addd3d440e0350.tiff,True,True
9f32709697b0f56cfb6e82bb9ccf83d7,D:\prostat\train_images\9f32709697b0f56cfb6e82bb9ccf83d7.tiff,True,True
6f50ffdccefb38de120dfb796577fd5b,D:\prostat\train_images\6f50ffdccefb38de120dfb796577fd5b.tiff,True,True
2c66a2cdbbfc4bd3b96f1039ad3fa630,D:\prostat\train_images\2c66a2cdbbfc4bd3b96f1039ad3fa630.tiff,True,True
37cbb00ca8f207cb9fde012b0ad7d670,D:\prostat\train_images\37cbb00ca8f207cb9fde012b0ad7d670.tiff,True,True
3dab3238ef15a3c5b3d43e0b777073a5,D:\prostat\train_images\3dab3238ef15a3c5b3d43e0b777073a5.tiff,True,True
14dfad45a9eb1e87d8828514d293a558,D:\prostat\train_images\14dfad45a9eb1e87d8828514d293a558.tiff,True,True
682a1fd346b6fff340afbdb80c2f7caf,D:\prostat\train_images\682a1fd346b6fff340afbdb80c2f7caf.tiff,True,True
623a22a6d357ae6cb2269fd6e6ffe457,D:\prostat\train_images\623a22a6d357ae6cb2269fd6e6ffe457.tiff,True,True
a28e296c8480489a03db3731aa364183,D:\prostat\train_images\a28e296c8480489a03db3731aa364183.tiff,True,True
074c3e01525681a275a42282cd21cbde,D:\prostat\train_images\074c3e01525681a275a42282cd21cbde.tiff,True,True
44a0e59d540e47bd78f739e49f4b0680,D:\prostat\train_images\44a0e59d540e47bd78f739e49f4b0680.tiff,True,True
45a9246ffe8005b732769f04824dca96,D:\prostat\train_images\45a9246ffe8005b732769f04824dca96.tiff,True,True
58e94ef72ca17c465d4702f55e6c0751,D:\prostat\train_images\58e94ef72ca17c465d4702f55e6c0751.tiff,True,True
00951a7fad040bf7e90f32e81fc0746f,D:\prostat\train_images\00951a7fad040bf7e90f32e81fc0746f.tiff,True,True
e97f116751795bc832eeefae3227ba0b,D:\prostat\train_images\e97f116751795bc832eeefae3227ba0b.tiff,True,True
c7bb258907e3d1c4cb536166645f7d52,D:\prostat\train_images\c7bb258907e3d1c4cb536166645f7d52.tiff,True,True
160a477ebf1063575de0657e87aee1c2,D:\prostat\train_images\160a477ebf1063575de0657e87aee1c2.tiff,True,True
5f8e07348acca9f1d02c329f4efb7516,D:\prostat\train_images\5f8e07348acca9f1d02c329f4efb7516.tiff,True,True
0eb6bb946906a834fb91bfd5fc0f720d,D:\prostat\train_images\0eb6bb946906a834fb91bfd5fc0f720d.tiff,True,True
84405e9c0ebeae71e44866948dbb6e92,D:\prostat\train_images\84405e9c0ebeae71e44866948dbb6e92.tiff,True,True
7459ad1c89716d7160c67bd1b7083f0f,D:\prostat\train_images\7459ad1c89716d7160c67bd1b7083f0f.tiff,True,True
92c47e36f3e35b80eb8798558ad37e10,D:\prostat\train_images\92c47e36f3e35b80eb8798558ad37e10.tiff,True,True
9e06a908007f1dd46183826db9e80511,D:\prostat\train_images\9e06a908007f1dd46183826db9e80511.tiff,True,True
dc5094c179f833d0d311307c65393d09,D:\prostat\train_images\dc5094c179f833d0d311307c65393d09.tiff,True,True
2516fcb7500ad40ce411cdca7a7d9873,D:\prostat\train_images\2516fcb7500ad40ce411cdca7a7d9873.tiff,True,True
7c0b64e1c730a010c9c94f3462ab60a7,D:\prostat\train_images\7c0b64e1c730a010c9c94f3462ab60a7.tiff,True,True
8d0a5af2726888ec9012768280f0837c,D:\prostat\train_images\8d0a5af2726888ec9012768280f0837c.tiff,True,True
3711df960b95a8a8a61c5f09789d3084,D:\prostat\train_images\3711df960b95a8a8a61c5f09789d3084.tiff,True,True
34a98ca2d4eb1a91e428bf2112e26543,D:\prostat\train_images\34a98ca2d4eb1a91e428bf2112e26543.tiff,True,True
4d4ba449d51b491a383e9c80c442cae4,D:\prostat\train_images\4d4ba449d51b491a383e9c80c442cae4.tiff,True,True
1254b6e7bf569bb23c87369196f6e816,D:\prostat\train_images\1254b6e7bf569bb23c87369196f6e816.tiff,True,True
fe31b73983c3714b48a2079519ed6b30,D:\prostat\train_images\fe31b73983c3714b48a2079519ed6b30.tiff,True,True
e5328341b9864d0ab5fe5efc1a48197d,D:\prostat\train_images\e5328341b9864d0ab5fe5efc1a48197d.tiff,True,True
fc6c40b4efd9370aef5ea21fc7274bd0,D:\prostat\train_images\fc6c40b4efd9370aef5ea21fc7274bd0.tiff,True,True
dbfdda9b7152e19ea54e2868965fa675,D:\prostat\train_images\dbfdda9b7152e19ea54e2868965fa675.tiff,True,True
c993a5b569eace9eb753856fde10c151,D:\prostat\train_images\c993a5b569eace9eb753856fde10c151.tiff,True,True
c6064ec61ea9949ec065ed31f2565978,D:\prostat\train_images\c6064ec61ea9949ec065ed31f2565978.tiff,True,True
2f051c3fc82f154a76189c707c3293ea,D:\prostat\train_images\2f051c3fc82f154a76189c707c3293ea.tiff,True,True
9311b55b58d9dabca201da04a286fcc1,D:\prostat\train_images\9311b55b58d9dabca201da04a286fcc1.tiff,True,True
dbcfc69f6726c51aaa6381efe5bbf8c6,D:\prostat\train_images\dbcfc69f6726c51aaa6381efe5bbf8c6.tiff,True,True
5c975e69eee9359ebe8da3f2a376fefb,D:\prostat\train_images\5c975e69eee9359ebe8da3f2a376fefb.tiff,True,True
a83b0d472cd523b9d4fb96d01dbd547e,D:\prostat\train_images\a83b0d472cd523b9d4fb96d01dbd547e.tiff,True,True
9edf591d741baf346fc1ff0f42dd4ddc,D:\prostat\train_images\9edf591d741baf346fc1ff0f42dd4ddc.tiff,True,True
e3825a7f76088246ab312badd5f135a2,D:\prostat\train_images\e3825a7f76088246ab312badd5f135a2.tiff,True,True
374d5401159d9bf39ce20b395d82c0b4,D:\prostat\train_images\374d5401159d9bf39ce20b395d82c0b4.tiff,True,True
3516d06f3dcb2e9959661efb48cf081d,D:\prostat\train_images\3516d06f3dcb2e9959661efb48cf081d.tiff,True,True
4290399b3f69139d9d35cd7b5da13266,D:\prostat\train_images\4290399b3f69139d9d35cd7b5da13266.tiff,True,True
ea6606c5db492fded16b2120e184455b,D:\prostat\train_images\ea6606c5db492fded16b2120e184455b.tiff,True,True
9d1bda4d28af5a9f5d1d96833cec1728,D:\prostat\train_images\9d1bda4d28af5a9f5d1d96833cec1728.tiff,True,True
7f70358de767d2a47aae0773933f84d3,D:\prostat\train_images\7f70358de767d2a47aae0773933f84d3.tiff,True,True
913deddeb87c740ad4e8745ab3aa5d97,D:\prostat\train_images\913deddeb87c740ad4e8745ab3aa5d97.tiff,True,True
a6a9abc4a198371ee181b4f24c4d65ef,D:\prostat\train_images\a6a9abc4a198371ee181b4f24c4d65ef.tiff,True,True
cce88e90c08f51b8c005d5458623b9e5,D:\prostat\train_images\cce88e90c08f51b8c005d5458623b9e5.tiff,True,True
0f5c7c1f601657a2dc0b528f4886bf4b,D:\prostat\train_images\0f5c7c1f601657a2dc0b528f4886bf4b.tiff,True,True
75cb55b879fce1a96c8273cdd77048c0,D:\prostat\train_images\75cb55b879fce1a96c8273cdd77048c0.tiff,True,True
0fc7609bce8a244da2acfb417c80db7d,D:\prostat\train_images\0fc7609bce8a244da2acfb417c80db7d.tiff,True,True
997973f9f9c08b7eabd1d7fe09050f00,D:\prostat\train_images\997973f9f9c08b7eabd1d7fe09050f00.tiff,True,True
85b8c93811739e3677accdbb8c12e8ba,D:\prostat\train_images\85b8c93811739e3677accdbb8c12e8ba.tiff,True,True
2a2811b6c2f277fcdef16f4582a41421,D:\prostat\train_images\2a2811b6c2f277fcdef16f4582a41421.tiff,True,True
24c0f0bf150365059c0e8a4e1fef058b,D:\prostat\train_images\24c0f0bf150365059c0e8a4e1fef058b.tiff,True,True
f85334e801a490f557571e1ee2ec7a5a,D:\prostat\train_images\f85334e801a490f557571e1ee2ec7a5a.tiff,True,True
80c45d3afb5da26d7501c2520aa6fe67,D:\prostat\train_images\80c45d3afb5da26d7501c2520aa6fe67.tiff,True,True
678662d4740c7fff8751b9c57bbf25a0,D:\prostat\train_images\678662d4740c7fff8751b9c57bbf25a0.tiff,True,True
94c205e8b05cf240044de9c9a13ea071,D:\prostat\train_images\94c205e8b05cf240044de9c9a13ea071.tiff,True,True
5bd1ec348f050f3e5642a23207012a23,D:\prostat\train_images\5bd1ec348f050f3e5642a23207012a23.tiff,True,True
8f5224f9f16da9ca8e92a05013132b4c,D:\prostat\train_images\8f5224f9f16da9ca8e92a05013132b4c.tiff,True,True
fa34632030552cff40da1c0cffe3ab81,D:\prostat\train_images\fa34632030552cff40da1c0cffe3ab81.tiff,True,True
224103c42d4b1a3ae6407993940b1e52,D:\prostat\train_images\224103c42d4b1a3ae6407993940b1e52.tiff,True,True
20295d0f4917e297c4827296397fbec1,D:\prostat\train_images\20295d0f4917e297c4827296397fbec1.tiff,True,True
a90eb0863e245b99bfad5989bece9f6d,D:\prostat\train_images\a90eb0863e245b99bfad5989bece9f6d.tiff,True,True
517b74706538c339b98d3d94e15b6499,D:\prostat\train_images\517b74706538c339b98d3d94e15b6499.tiff,True,True
7ecb64a8c648f375961dda6a3ae97629,D:\prostat\train_images\7ecb64a8c648f375961dda6a3ae97629.tiff,True,True
fccac9bf0994bca0248468a171980657,D:\prostat\train_images\fccac9bf0994bca0248468a171980657.tiff,True,True
ad6e90147030566df6b1353432f41662,D:\prostat\train_images\ad6e90147030566df6b1353432f41662.tiff,True,True
17f368585f7e3bd1a82bdfa88b85e5e1,D:\prostat\train_images\17f368585f7e3bd1a82bdfa88b85e5e1.tiff,True,True
0ac4677348cf4fc1ebe354ba1037921c,D:\prostat\train_images\0ac4677348cf4fc1ebe354ba1037921c.tiff,True,True
804faf47d835837cca59bc56dd9ddbd5,D:\prostat\train_images\804faf47d835837cca59bc56dd9ddbd5.tiff,True,True
6658938e029f1bdba9c0ef30a7ecd484,D:\prostat\train_images\6658938e029f1bdba9c0ef30a7ecd484.tiff,True,True
acc092b7ff833d1d9853a2efe449e66e,D:\prostat\train_images\acc092b7ff833d1d9853a2efe449e66e.tiff,True,True
cd976ea28b11b8f19b4c1b3eae55efa1,D:\prostat\train_images\cd976ea28b11b8f19b4c1b3eae55efa1.tiff,True,True
5e8b71155d862948b6e0da88f0b41789,D:\prostat\train_images\5e8b71155d862948b6e0da88f0b41789.tiff,True,True
554f99db864d559fad9886b122c11566,D:\prostat\train_images\554f99db864d559fad9886b122c11566.tiff,True,True
04cbadfe2c866c2ff16f04b54ea26c33,D:\prostat\train_images\04cbadfe2c866c2ff16f04b54ea26c33.tiff,True,True
835061458363b1b59aeb19f3a5d3e879,D:\prostat\train_images\835061458363b1b59aeb19f3a5d3e879.tiff,True,True
a8b8f6be7310d77eb7e785e2f341a137,D:\prostat\train_images\a8b8f6be7310d77eb7e785e2f341a137.tiff,True,True
dd97a5aebd7c8ed6fb24da05ad92da74,D:\prostat\train_images\dd97a5aebd7c8ed6fb24da05ad92da74.tiff,True,True
c0525532319412db3c662254463067aa,D:\prostat\train_images\c0525532319412db3c662254463067aa.tiff,True,True
3421d5f3e6fbeccf4ccfc51ca0e7e911,D:\prostat\train_images\3421d5f3e6fbeccf4ccfc51ca0e7e911.tiff,True,True
e8b082dafa2bb1a963ba88aec68d4465,D:\prostat\train_images\e8b082dafa2bb1a963ba88aec68d4465.tiff,True,True
fac5bbaea8710fc47397548c8271757d,D:\prostat\train_images\fac5bbaea8710fc47397548c8271757d.tiff,True,True
6ee803a651ec9f2bb7c7504dff596207,D:\prostat\train_images\6ee803a651ec9f2bb7c7504dff596207.tiff,True,True
427e2f5197ac8705e9e1437907bb8dac,D:\prostat\train_images\427e2f5197ac8705e9e1437907bb8dac.tiff,True,True
4eebdcabcf4d69a1b1b0f17db63ee02d,D:\prostat\train_images\4eebdcabcf4d69a1b1b0f17db63ee02d.tiff,True,True
b4bebe718759817d5cf440821cf435d7,D:\prostat\train_images\b4bebe718759817d5cf440821cf435d7.tiff,True,True
b6ded09044a0e4415d7c2424f3597e3e,D:\prostat\train_images\b6ded09044a0e4415d7c2424f3597e3e.tiff,True,True
0b0b9e3cb8d9172d8fdf21d096ff93ba,D:\prostat\train_images\0b0b9e3cb8d9172d8fdf21d096ff93ba.tiff,True,True
6de4998fbdf6ebd012fd6b727890e582,D:\prostat\train_images\6de4998fbdf6ebd012fd6b727890e582.tiff,True,True
3f073ebf519dc67cc0a6d2aa04f9cc11,D:\prostat\train_images\3f073ebf519dc67cc0a6d2aa04f9cc11.tiff,True,True
eeaeeb45b9c6217ade693af47de610d5,D:\prostat\train_images\eeaeeb45b9c6217ade693af47de610d5.tiff,True,True
71f3ff8361e8d200a0b497ec2cdc2097,D:\prostat\train_images\71f3ff8361e8d200a0b497ec2cdc2097.tiff,True,True
84b003f61775364863391f586bba7c6a,D:\prostat\train_images\84b003f61775364863391f586bba7c6a.tiff,True,True
51cae066e83f4428d6d3c60d7543a105,D:\prostat\train_images\51cae066e83f4428d6d3c60d7543a105.tiff,True,True
d9ad3f3ed67f14c9c9b35a5c4e85400b,D:\prostat\train_images\d9ad3f3ed67f14c9c9b35a5c4e85400b.tiff,True,True
cf481e35314bb3e93f3716b6c456e85d,D:\prostat\train_images\cf481e35314bb3e93f3716b6c456e85d.tiff,True,True
0728601281f67ec7964014e1aa3caa35,D:\prostat\train_images\0728601281f67ec7964014e1aa3caa35.tiff,True,True
2a84040c18505be27e6eaab8b2dce6cd,D:\prostat\train_images\2a84040c18505be27e6eaab8b2dce6cd.tiff,True,True
5ef24c35ed7f184da05305d08ea1fd68,D:\prostat\train_images\5ef24c35ed7f184da05305d08ea1fd68.tiff,True,True
a59a439b05a88a8ed3210054269c7bca,D:\prostat\train_images\a59a439b05a88a8ed3210054269c7bca.tiff,True,True
c3064f9d63880b237fb22d242a88bac9,D:\prostat\train_images\c3064f9d63880b237fb22d242a88bac9.tiff,True,True
6499001d40ddb478089f9636ca5a6033,D:\prostat\train_images\6499001d40ddb478089f9636ca5a6033.tiff,True,True
90d0e6728b0cae76570b1abb459b522a,D:\prostat\train_images\90d0e6728b0cae76570b1abb459b522a.tiff,True,True
838251c48dcc5b79e95d4b9187068afd,D:\prostat\train_images\838251c48dcc5b79e95d4b9187068afd.tiff,True,True
e8a78f05190df3abb5642e5b0f7a5524,D:\prostat\train_images\e8a78f05190df3abb5642e5b0f7a5524.tiff,True,True
2aa5b4c0381297847a846c197a4208b3,D:\prostat\train_images\2aa5b4c0381297847a846c197a4208b3.tiff,True,True
dc2ec851fcbf594f11b023387ac15003,D:\prostat\train_images\dc2ec851fcbf594f11b023387ac15003.tiff,True,True
1ba43868a64036f2ad3b2cbc2a982f97,D:\prostat\train_images\1ba43868a64036f2ad3b2cbc2a982f97.tiff,True,True
35597497e528841c22f9c07331b08c49,D:\prostat\train_images\35597497e528841c22f9c07331b08c49.tiff,True,True
26f8ef8adb88779ee2e40da2466bbf02,D:\prostat\train_images\26f8ef8adb88779ee2e40da2466bbf02.tiff,True,True
282cb9398d53504c4fdae1e18d2dbfbf,D:\prostat\train_images\282cb9398d53504c4fdae1e18d2dbfbf.tiff,True,True
1406f6f2b430bc206d22fb814d6edeba,D:\prostat\train_images\1406f6f2b430bc206d22fb814d6edeba.tiff,True,True
a7f00efad38057d7c04273206366b682,D:\prostat\train_images\a7f00efad38057d7c04273206366b682.tiff,True,True
35b5971800492e04d2ecd6b3439b0017,D:\prostat\train_images\35b5971800492e04d2ecd6b3439b0017.tiff,True,True
ddd2f284a0815fb717d5ad3ee2d0d3d8,D:\prostat\train_images\ddd2f284a0815fb717d5ad3ee2d0d3d8.tiff,True,True
d81ba550a78a80c03fc8920a2ba58dac,D:\prostat\train_images\d81ba550a78a80c03fc8920a2ba58dac.tiff,True,True
ffb182fa5b636005e21eec384bbf406b,D:\prostat\train_images\ffb182fa5b636005e21eec384bbf406b.tiff,True,True
2bf2517893cfca318c2ca581da3adec6,D:\prostat\train_images\2bf2517893cfca318c2ca581da3adec6.tiff,True,True
d2d78e5a7ee90979ebb3ebe28fb79554,D:\prostat\train_images\d2d78e5a7ee90979ebb3ebe28fb79554.tiff,True,True
a36ee9f2bc558182239d85d1f7a74e9b,D:\prostat\train_images\a36ee9f2bc558182239d85d1f7a74e9b.tiff,True,True
bd86f3cec249d54cd3bd64763da8612b,D:\prostat\train_images\bd86f3cec249d54cd3bd64763da8612b.tiff,True,True
cc1ff189efdd483f831fb118780026ec,D:\prostat\train_images\cc1ff189efdd483f831fb118780026ec.tiff,True,True
42ec055dc827cb138393c9ed767f9a21,D:\prostat\train_images\42ec055dc827cb138393c9ed767f9a21.tiff,True,True
65bed78cb62fb1647b84775d6e98c553,D:\prostat\train_images\65bed78cb62fb1647b84775d6e98c553.tiff,True,True
3ef789f8caa7186261ad9f77bb552c7a,D:\prostat\train_images\3ef789f8caa7186261ad9f77bb552c7a.tiff,True,True
23da95939f6c2de791206800db861c1c,D:\prostat\train_images\23da95939f6c2de791206800db861c1c.tiff,True,True
91af122d94f80bb3d32eaed47bbce034,D:\prostat\train_images\91af122d94f80bb3d32eaed47bbce034.tiff,True,True
430d7fb12afa81a367453073a1dd899f,D:\prostat\train_images\430d7fb12afa81a367453073a1dd899f.tiff,True,True
e6c348b447810ffee0d3678adf8936c9,D:\prostat\train_images\e6c348b447810ffee0d3678adf8936c9.tiff,True,True
7b53f5d1894cf165b880be0ca21fd23f,D:\prostat\train_images\7b53f5d1894cf165b880be0ca21fd23f.tiff,True,True
f344628cd3bfd6e1cd80456bca9358ab,D:\prostat\train_images\f344628cd3bfd6e1cd80456bca9358ab.tiff,True,True
4b3c861081c54ee9b470fababd46b0fd,D:\prostat\train_images\4b3c861081c54ee9b470fababd46b0fd.tiff,True,True
8889db1bff5d7e9b8d8fe4a1d47f97b4,D:\prostat\train_images\8889db1bff5d7e9b8d8fe4a1d47f97b4.tiff,True,True
369a3711e3d38086b74319999fcf77f5,D:\prostat\train_images\369a3711e3d38086b74319999fcf77f5.tiff,True,True
4fdaffad21b20c5271266d8fa3e9487a,D:\prostat\train_images\4fdaffad21b20c5271266d8fa3e9487a.tiff,True,True
500b90c3e7eba2e3b25818a8c1834d45,D:\prostat\train_images\500b90c3e7eba2e3b25818a8c1834d45.tiff,True,True
042bd2100df4934b520a4c0c3fbe1d6b,D:\prostat\train_images\042bd2100df4934b520a4c0c3fbe1d6b.tiff,True,True
14411930ca92c73dac58d94db37e7581,D:\prostat\train_images\14411930ca92c73dac58d94db37e7581.tiff,True,True
28ca63263be7194fbefbfaedd0637469,D:\prostat\train_images\28ca63263be7194fbefbfaedd0637469.tiff,True,True
9e1830d84aba70d6f4dc2c67c3063370,D:\prostat\train_images\9e1830d84aba70d6f4dc2c67c3063370.tiff,True,True
c62f9e66a9215d21cfbb9f5ec9f15daa,D:\prostat\train_images\c62f9e66a9215d21cfbb9f5ec9f15daa.tiff,True,True
ce11c35b78303027cbbf715f48c0817a,D:\prostat\train_images\ce11c35b78303027cbbf715f48c0817a.tiff,True,True
328cde17511e4aa4e62e485d4dc0cea7,D:\prostat\train_images\328cde17511e4aa4e62e485d4dc0cea7.tiff,True,True
22e0f8d843db20fc522b7aa9100ba15d,D:\prostat\train_images\22e0f8d843db20fc522b7aa9100ba15d.tiff,True,True
53d70323e7fb65b9cdb2bb3c3b211bdd,D:\prostat\train_images\53d70323e7fb65b9cdb2bb3c3b211bdd.tiff,True,True
df386686a83a221eda2801df56e60bcd,D:\prostat\train_images\df386686a83a221eda2801df56e60bcd.tiff,True,True
e833077427f0f5cceaba7f6d92bb3904,D:\prostat\train_images\e833077427f0f5cceaba7f6d92bb3904.tiff,True,True
545063a5e1917a0ddb4f48b99b40142f,D:\prostat\train_images\545063a5e1917a0ddb4f48b99b40142f.tiff,True,True
f746e9703e48b20b6c64c1b9dce29d8a,D:\prostat\train_images\f746e9703e48b20b6c64c1b9dce29d8a.tiff,True,True
f9404d959c3c8f6ece797507374dc386,D:\prostat\train_images\f9404d959c3c8f6ece797507374dc386.tiff,True,True
8fcd382bc295b5af64cd8706d219de89,D:\prostat\train_images\8fcd382bc295b5af64cd8706d219de89.tiff,True,True
a3c369f4a14bb6887655e5a45c96bd62,D:\prostat\train_images\a3c369f4a14bb6887655e5a45c96bd62.tiff,True,True
1dd5d88d1e936e032ebb4840b46546f3,D:\prostat\train_images\1dd5d88d1e936e032ebb4840b46546f3.tiff,True,True
7f736bb8a20752cb2b2ef3552b84c763,D:\prostat\train_images\7f736bb8a20752cb2b2ef3552b84c763.tiff,True,True
a8d65bc90e175baee47ae5b445ba2476,D:\prostat\train_images\a8d65bc90e175baee47ae5b445ba2476.tiff,True,True
56534311eef9cf28c0271eba2031f260,D:\prostat\train_images\56534311eef9cf28c0271eba2031f260.tiff,True,True
d52bc4ddd5d4efb8a99e68bc9d597fa6,D:\prostat\train_images\d52bc4ddd5d4efb8a99e68bc9d597fa6.tiff,True,True
0b750909b5179cc92b2082a6c5e7ef72,D:\prostat\train_images\0b750909b5179cc92b2082a6c5e7ef72.tiff,True,True
e9a4f528b33479412ee019e155e1a197,D:\prostat\train_images\e9a4f528b33479412ee019e155e1a197.tiff,True,True
4cb433e030dfd0340d2bdced51425a4f,D:\prostat\train_images\4cb433e030dfd0340d2bdced51425a4f.tiff,True,True
7f79542601ada0fb6c5817169652ad93,D:\prostat\train_images\7f79542601ada0fb6c5817169652ad93.tiff,True,True
1e781756a0e97724ca9592a7a9d8623d,D:\prostat\train_images\1e781756a0e97724ca9592a7a9d8623d.tiff,True,True
b7540ad7f233e9c19a6cb083945072fd,D:\prostat\train_images\b7540ad7f233e9c19a6cb083945072fd.tiff,True,True
f9b0585f3bed42786c6c9fc199e59dc8,D:\prostat\train_images\f9b0585f3bed42786c6c9fc199e59dc8.tiff,True,True
71680defe4772070e47b0b407ddccce7,D:\prostat\train_images\71680defe4772070e47b0b407ddccce7.tiff,True,True
24b0f50862340357466f38fd42940a45,D:\prostat\train_images\24b0f50862340357466f38fd42940a45.tiff,True,True
a7ccfb5e344fe37664d48fa0f5d2d4e9,D:\prostat\train_images\a7ccfb5e344fe37664d48fa0f5d2d4e9.tiff,True,True
1ac235330a79126d7b6e99abfe615161,D:\prostat\train_images\1ac235330a79126d7b6e99abfe615161.tiff,True,True
47d449fb0df8f85e9c7b2b31fe07b485,D:\prostat\train_images\47d449fb0df8f85e9c7b2b31fe07b485.tiff,True,True
91f209de31040146c9a61a8c7804bd34,D:\prostat\train_images\91f209de31040146c9a61a8c7804bd34.tiff,True,True
d2c964910e2e8295fc329dd57918986f,D:\prostat\train_images\d2c964910e2e8295fc329dd57918986f.tiff,True,True
7bfe00531a6e790df9d3fa389a6a97f2,D:\prostat\train_images\7bfe00531a6e790df9d3fa389a6a97f2.tiff,True,True
09e15fdd25dcbcf37262c2a87da8db20,D:\prostat\train_images\09e15fdd25dcbcf37262c2a87da8db20.tiff,True,True
d50f85e2414dd545345934cdef5c8dce,D:\prostat\train_images\d50f85e2414dd545345934cdef5c8dce.tiff,True,True
8a4acae5d50cd14899eafd08c2dfa8fc,D:\prostat\train_images\8a4acae5d50cd14899eafd08c2dfa8fc.tiff,True,True
fbde3e89620879c97c7cb442729785e5,D:\prostat\train_images\fbde3e89620879c97c7cb442729785e5.tiff,True,True
9559ae040fe5fac16fc58b41bc03b714,D:\prostat\train_images\9559ae040fe5fac16fc58b41bc03b714.tiff,True,True
f670f645e4f75d7643d077237dea3e05,D:\prostat\train_images\f670f645e4f75d7643d077237dea3e05.tiff,True,True
2f64fb8c55543d67a8831f1b1a7a89c2,D:\prostat\train_images\2f64fb8c55543d67a8831f1b1a7a89c2.tiff,True,True
2bdbaa928fb1b06bf5f4cfb04fb57b1d,D:\prostat\train_images\2bdbaa928fb1b06bf5f4cfb04fb57b1d.tiff,True,True
7de45563d6b6184d1e5f7d25c1c1316b,D:\prostat\train_images\7de45563d6b6184d1e5f7d25c1c1316b.tiff,True,True
49773f4304bd7f8dd38da29dc89b004f,D:\prostat\train_images\49773f4304bd7f8dd38da29dc89b004f.tiff,True,True
a4a9813dc1218352743e38dc85c53f0f,D:\prostat\train_images\a4a9813dc1218352743e38dc85c53f0f.tiff,True,True
953af5d0a03f8b2ef4c1d948ae48c368,D:\prostat\train_images\953af5d0a03f8b2ef4c1d948ae48c368.tiff,True,True
fd34d5fda33d3e8281837a2a4511f7fd,D:\prostat\train_images\fd34d5fda33d3e8281837a2a4511f7fd.tiff,True,True
a5531d279c394d4e3269bfe5c9aff98b,D:\prostat\train_images\a5531d279c394d4e3269bfe5c9aff98b.tiff,True,True
35c8527cc2fb55f7d9d96d63bc9bd165,D:\prostat\train_images\35c8527cc2fb55f7d9d96d63bc9bd165.tiff,True,True
1ec31c0ef1a94feed5942cfb9643f077,D:\prostat\train_images\1ec31c0ef1a94feed5942cfb9643f077.tiff,True,True
7536ba997f28abb98cc4c0f31865971d,D:\prostat\train_images\7536ba997f28abb98cc4c0f31865971d.tiff,True,True
e9a7994951a592997e163b5a236496a5,D:\prostat\train_images\e9a7994951a592997e163b5a236496a5.tiff,True,True
aadec2bca06918c49a1ab743aaf09449,D:\prostat\train_images\aadec2bca06918c49a1ab743aaf09449.tiff,True,True
abefa7fbef36b2bcc0c67eebb672e820,D:\prostat\train_images\abefa7fbef36b2bcc0c67eebb672e820.tiff,True,True
35a4aa4ea0515187d2859ff6f85f9e98,D:\prostat\train_images\35a4aa4ea0515187d2859ff6f85f9e98.tiff,True,True
528423d80e99a91576623f1772942237,D:\prostat\train_images\528423d80e99a91576623f1772942237.tiff,True,True
5412642aeef99bc006be1cb1d8689ccd,D:\prostat\train_images\5412642aeef99bc006be1cb1d8689ccd.tiff,True,True
7330d34ce601199f83d5aeefd81e11a1,D:\prostat\train_images\7330d34ce601199f83d5aeefd81e11a1.tiff,True,True
5625ad41d6d9edf0533c202c88749b57,D:\prostat\train_images\5625ad41d6d9edf0533c202c88749b57.tiff,True,True
d1638380152648f1466e4aca9f260d15,D:\prostat\train_images\d1638380152648f1466e4aca9f260d15.tiff,True,True
02577ddcd838f2559936453b6071dc17,D:\prostat\train_images\02577ddcd838f2559936453b6071dc17.tiff,True,True
1a274108ed16ee2d395210ab896904b4,D:\prostat\train_images\1a274108ed16ee2d395210ab896904b4.tiff,True,True
62210a1558822c75a1088a96ef042be8,D:\prostat\train_images\62210a1558822c75a1088a96ef042be8.tiff,True,True
e04e11360525f7d13aaa9d4bba16ea7e,D:\prostat\train_images\e04e11360525f7d13aaa9d4bba16ea7e.tiff,True,True
e1cf55e522eb9b5a28b33c09e81e9da2,D:\prostat\train_images\e1cf55e522eb9b5a28b33c09e81e9da2.tiff,True,True
9800153dd8ccd37fc5453f60e6c77a78,D:\prostat\train_images\9800153dd8ccd37fc5453f60e6c77a78.tiff,True,True
a81d768e9eacac29f12201fbb1ed93ea,D:\prostat\train_images\a81d768e9eacac29f12201fbb1ed93ea.tiff,True,True
d0722f1c8a76133ce8400a4c1dafce5a,D:\prostat\train_images\d0722f1c8a76133ce8400a4c1dafce5a.tiff,True,True
66fab9d13c7a0f1e81b77887bb8a535a,D:\prostat\train_images\66fab9d13c7a0f1e81b77887bb8a535a.tiff,True,True
64f10c850ec77932295654d030ef330a,D:\prostat\train_images\64f10c850ec77932295654d030ef330a.tiff,True,True
48d8b71bbe9d91e9e3d8e97c376364f0,D:\prostat\train_images\48d8b71bbe9d91e9e3d8e97c376364f0.tiff,True,True
730e67d627553f2268de2e1d17b48c91,D:\prostat\train_images\730e67d627553f2268de2e1d17b48c91.tiff,True,True
eaec64217afad712384c73f33591e422,D:\prostat\train_images\eaec64217afad712384c73f33591e422.tiff,True,True
91cda229f5cca86a0d2c7bf78cfce02c,D:\prostat\train_images\91cda229f5cca86a0d2c7bf78cfce02c.tiff,True,True
68d28aa1831633cd996a227062f03bee,D:\prostat\train_images\68d28aa1831633cd996a227062f03bee.tiff,True,True
867e8aabc9463fb736371750b3082132,D:\prostat\train_images\867e8aabc9463fb736371750b3082132.tiff,True,True
0018ae58b01bdadc8e347995b69f99aa,D:\prostat\train_images\0018ae58b01bdadc8e347995b69f99aa.tiff,True,True
e84880e9020070c9a79cb039d87fcffb,D:\prostat\train_images\e84880e9020070c9a79cb039d87fcffb.tiff,True,True
902c91b64acca0e23028554022413337,D:\prostat\train_images\902c91b64acca0e23028554022413337.tiff,True,True
226b94e61f78ecb7be9f4301771ab7c6,D:\prostat\train_images\226b94e61f78ecb7be9f4301771ab7c6.tiff,True,True
48bd47168b46db9cc22f1c4cdc1c0ade,D:\prostat\train_images\48bd47168b46db9cc22f1c4cdc1c0ade.tiff,True,True
16c54daa33d67cc8de9b995611fca90e,D:\prostat\train_images\16c54daa33d67cc8de9b995611fca90e.tiff,True,True
f136c04bb54b73543f234c0c6b51ad41,D:\prostat\train_images\f136c04bb54b73543f234c0c6b51ad41.tiff,True,True
1d311ab3363fde90bede7d9f3919f5d8,D:\prostat\train_images\1d311ab3363fde90bede7d9f3919f5d8.tiff,True,True
c3e5fb7918f8ae0763e32551e8abfda6,D:\prostat\train_images\c3e5fb7918f8ae0763e32551e8abfda6.tiff,True,True
cb7cf64e17227693849d113793880d11,D:\prostat\train_images\cb7cf64e17227693849d113793880d11.tiff,True,True
da05399168ba25410d90c05f8f603012,D:\prostat\train_images\da05399168ba25410d90c05f8f603012.tiff,True,True
ca6c4f4b24578588762712262de479ab,D:\prostat\train_images\ca6c4f4b24578588762712262de479ab.tiff,True,True
bf0156293b04b7a7793f8e7199743398,D:\prostat\train_images\bf0156293b04b7a7793f8e7199743398.tiff,True,True
4ef93f78a475b96a782e869248ab2505,D:\prostat\train_images\4ef93f78a475b96a782e869248ab2505.tiff,True,True
e54cd5fbda18fa3c0bfb22a47ca2bb16,D:\prostat\train_images\e54cd5fbda18fa3c0bfb22a47ca2bb16.tiff,True,True
dad141beb482724c9bd6f419da397465,D:\prostat\train_images\dad141beb482724c9bd6f419da397465.tiff,True,True
b11087a73392df3c8b07abea19b5c3cb,D:\prostat\train_images\b11087a73392df3c8b07abea19b5c3cb.tiff,True,True
4dbd4df023391ed642e6d59372c13d4b,D:\prostat\train_images\4dbd4df023391ed642e6d59372c13d4b.tiff,True,True
b5690097b91784e3b0d4487765d5978a,D:\prostat\train_images\b5690097b91784e3b0d4487765d5978a.tiff,True,True
99df939d41052c33bbd4af1bb923846d,D:\prostat\train_images\99df939d41052c33bbd4af1bb923846d.tiff,True,True
02e57c6acba29013ec3f1732ec373afe,D:\prostat\train_images\02e57c6acba29013ec3f1732ec373afe.tiff,True,True
2ff57a1bdcf1e23c8a7ee5b37e4c3aba,D:\prostat\train_images\2ff57a1bdcf1e23c8a7ee5b37e4c3aba.tiff,True,True
33e5c5adbc6e45de43d219d96f244f3b,D:\prostat\train_images\33e5c5adbc6e45de43d219d96f244f3b.tiff,True,True
846ffdd927cf1a58e0c5a2507e83d85f,D:\prostat\train_images\846ffdd927cf1a58e0c5a2507e83d85f.tiff,True,True
971e50ef7265bc3751d7cc7ff36a6f5b,D:\prostat\train_images\971e50ef7265bc3751d7cc7ff36a6f5b.tiff,True,True
1f48036fcc122a364b5d8becb60aa240,D:\prostat\train_images\1f48036fcc122a364b5d8becb60aa240.tiff,True,True
1ca999adbbc948e69783686e5b5414e4,D:\prostat\train_images\1ca999adbbc948e69783686e5b5414e4.tiff,True,True
abb213da3051a8ef6e482b3882ad9d4b,D:\prostat\train_images\abb213da3051a8ef6e482b3882ad9d4b.tiff,True,True
26d87b5c1d532025ff0f0dc77dcfa346,D:\prostat\train_images\26d87b5c1d532025ff0f0dc77dcfa346.tiff,True,True
84135442a04a1324138d1df78ed185d3,D:\prostat\train_images\84135442a04a1324138d1df78ed185d3.tiff,True,True
9c37ba42f856303b343aa8b26989cdcb,D:\prostat\train_images\9c37ba42f856303b343aa8b26989cdcb.tiff,True,True
cdd38de824722c0bf9d9494c258c6bf6,D:\prostat\train_images\cdd38de824722c0bf9d9494c258c6bf6.tiff,True,True
7bd46f8d2cc1f459bd176828df350655,D:\prostat\train_images\7bd46f8d2cc1f459bd176828df350655.tiff,True,True
c3148b21ac4ba237b8d5f066b783b849,D:\prostat\train_images\c3148b21ac4ba237b8d5f066b783b849.tiff,True,True
297276e5cd02ffae7626e025bedfd9fa,D:\prostat\train_images\297276e5cd02ffae7626e025bedfd9fa.tiff,True,True
b3d0e115d7b9381d5b40960ce9702b4f,D:\prostat\train_images\b3d0e115d7b9381d5b40960ce9702b4f.tiff,True,True
f4edc6dd9136cf963f72a57efde4cfb4,D:\prostat\train_images\f4edc6dd9136cf963f72a57efde4cfb4.tiff,True,True
c1cdc8ed081abd4419086872346f4eac,D:\prostat\train_images\c1cdc8ed081abd4419086872346f4eac.tiff,True,True
db047ccc6fbd5ba7b5c18321d7266384,D:\prostat\train_images\db047ccc6fbd5ba7b5c18321d7266384.tiff,True,True
a09f18e1b9cc5c4874d683b06dad9802,D:\prostat\train_images\a09f18e1b9cc5c4874d683b06dad9802.tiff,True,True
ed5eca047605a7a754ebc7889f76df63,D:\prostat\train_images\ed5eca047605a7a754ebc7889f76df63.tiff,True,True
d8b48c0404394e83af61c15ad7eea1a3,D:\prostat\train_images\d8b48c0404394e83af61c15ad7eea1a3.tiff,True,True
a17c932c887c075dfce694750276088f,D:\prostat\train_images\a17c932c887c075dfce694750276088f.tiff,True,True
d1d01215e79310f53de9ccdb32842e4e,D:\prostat\train_images\d1d01215e79310f53de9ccdb32842e4e.tiff,True,True
880b2358d6b9893858c8d24102774456,D:\prostat\train_images\880b2358d6b9893858c8d24102774456.tiff,True,True
d5e5a96868127d64112701488904e65b,D:\prostat\train_images\d5e5a96868127d64112701488904e65b.tiff,True,True
3901caec5d914bf20a44f176469b0294,D:\prostat\train_images\3901caec5d914bf20a44f176469b0294.tiff,True,True
7e0c79400b0505ee8cabc69bf38029b9,D:\prostat\train_images\7e0c79400b0505ee8cabc69bf38029b9.tiff,True,True
7ccd39e3586ef393247e71af2374dac2,D:\prostat\train_images\7ccd39e3586ef393247e71af2374dac2.tiff,True,True
f265e72c4082cba007a8b21fb6cda60c,D:\prostat\train_images\f265e72c4082cba007a8b21fb6cda60c.tiff,True,True
29c932b5138052d632a08a3a2540f735,D:\prostat\train_images\29c932b5138052d632a08a3a2540f735.tiff,True,True
fca194bf832d659b11ec2a1c37492094,D:\prostat\train_images\fca194bf832d659b11ec2a1c37492094.tiff,True,True
68d72c5e4c104168c1a12ef520fbed6c,D:\prostat\train_images\68d72c5e4c104168c1a12ef520fbed6c.tiff,True,True
bc7b4618df125b73c9bc485981b3d210,D:\prostat\train_images\bc7b4618df125b73c9bc485981b3d210.tiff,True,True
6453e55d3511f7cacb8075f5bb82fd97,D:\prostat\train_images\6453e55d3511f7cacb8075f5bb82fd97.tiff,True,True
5a5b227860e8d559b45519851908fb03,D:\prostat\train_images\5a5b227860e8d559b45519851908fb03.tiff,True,True
a84367134d7d9ac7a9aaa9d61752dada,D:\prostat\train_images\a84367134d7d9ac7a9aaa9d61752dada.tiff,True,True
032de36af1c776f91dfbe4079cf3c002,D:\prostat\train_images\032de36af1c776f91dfbe4079cf3c002.tiff,True,True
95eeb46ecc4a9693119627fedb8df55c,D:\prostat\train_images\95eeb46ecc4a9693119627fedb8df55c.tiff,True,True
0e1a2cbd009133a20feeb1e4bc5a2227,D:\prostat\train_images\0e1a2cbd009133a20feeb1e4bc5a2227.tiff,True,True
cd636fee80a3058dcd3f5428d997a153,D:\prostat\train_images\cd636fee80a3058dcd3f5428d997a153.tiff,True,True
a1dcf957066abe4334f9706a224ba3e2,D:\prostat\train_images\a1dcf957066abe4334f9706a224ba3e2.tiff,True,True
8fb59dad9900993009ec713ff08f7a56,D:\prostat\train_images\8fb59dad9900993009ec713ff08f7a56.tiff,True,True
095d32f7716c9ff9892a7696d2325ea1,D:\prostat\train_images\095d32f7716c9ff9892a7696d2325ea1.tiff,True,True
9244b109ff28b15a04941fbc00a5caeb,D:\prostat\train_images\9244b109ff28b15a04941fbc00a5caeb.tiff,True,True
3eadfdb7feb929568275aab75c0c0710,D:\prostat\train_images\3eadfdb7feb929568275aab75c0c0710.tiff,True,True
991d3df8e3ce4a9f4b0edc588070b0e7,D:\prostat\train_images\991d3df8e3ce4a9f4b0edc588070b0e7.tiff,True,True
a08bb66f1450552e0f8d32b4e6a89254,D:\prostat\train_images\a08bb66f1450552e0f8d32b4e6a89254.tiff,True,True
4d13e4678b695a9b5e8793ba8ac8da2e,D:\prostat\train_images\4d13e4678b695a9b5e8793ba8ac8da2e.tiff,True,True
3a76c877851189ebc84fc86afe311276,D:\prostat\train_images\3a76c877851189ebc84fc86afe311276.tiff,True,True
c2097792be4e003096aada72e7317a66,D:\prostat\train_images\c2097792be4e003096aada72e7317a66.tiff,True,True
5044f516918074e89e36e0461be805f6,D:\prostat\train_images\5044f516918074e89e36e0461be805f6.tiff,True,True
be9a4ad52349a7a82f4e8ac2154e93df,D:\prostat\train_images\be9a4ad52349a7a82f4e8ac2154e93df.tiff,True,True
c009af812719b5960f2e11eb295c7466,D:\prostat\train_images\c009af812719b5960f2e11eb295c7466.tiff,True,True
ea80b1988e8328c7da7b97cd595cc6b7,D:\prostat\train_images\ea80b1988e8328c7da7b97cd595cc6b7.tiff,True,True
91ab816a1696123b34d31e6b8fc00315,D:\prostat\train_images\91ab816a1696123b34d31e6b8fc00315.tiff,True,True
17ce197283f339f4ab406de74d03f6b2,D:\prostat\train_images\17ce197283f339f4ab406de74d03f6b2.tiff,True,True
27fd3bb44c76fb86e26ca77b4e92f7a0,D:\prostat\train_images\27fd3bb44c76fb86e26ca77b4e92f7a0.tiff,True,True
3539e2470a916da8d98b749d89ee69ce,D:\prostat\train_images\3539e2470a916da8d98b749d89ee69ce.tiff,True,True
9c6d3c38a62063c543bd502409d69f12,D:\prostat\train_images\9c6d3c38a62063c543bd502409d69f12.tiff,True,True
799cb4b13d53dcd60058a4dd35a933e6,D:\prostat\train_images\799cb4b13d53dcd60058a4dd35a933e6.tiff,True,True
dd1110c6430e3b1ac732be548a089886,D:\prostat\train_images\dd1110c6430e3b1ac732be548a089886.tiff,True,True
464d35ac0644183c0891abde15a042c7,D:\prostat\train_images\464d35ac0644183c0891abde15a042c7.tiff,True,True
002a4db09dad406c85505a00fb6f6144,D:\prostat\train_images\002a4db09dad406c85505a00fb6f6144.tiff,True,True
edd408ac28d172e7c80dbe7aea2ac283,D:\prostat\train_images\edd408ac28d172e7c80dbe7aea2ac283.tiff,True,True
ae83188e4dc8d72324d0c897d57f67d2,D:\prostat\train_images\ae83188e4dc8d72324d0c897d57f67d2.tiff,True,True
f8b6b12c4ee64f1ab2ad35473aa137d4,D:\prostat\train_images\f8b6b12c4ee64f1ab2ad35473aa137d4.tiff,True,True
f6585a3970cea6d6b31cf28f0a7b7c55,D:\prostat\train_images\f6585a3970cea6d6b31cf28f0a7b7c55.tiff,True,True
10cb295e2db9ac2cd1f32523b401d95a,D:\prostat\train_images\10cb295e2db9ac2cd1f32523b401d95a.tiff,True,True
a3bf2bac9b14e00a95ff1714c44c8030,D:\prostat\train_images\a3bf2bac9b14e00a95ff1714c44c8030.tiff,True,True
b9f5c7310c0c300f7a116a6fabfbdebc,D:\prostat\train_images\b9f5c7310c0c300f7a116a6fabfbdebc.tiff,True,True
2da314766cfe9d62f7bd6a60cfd856bb,D:\prostat\train_images\2da314766cfe9d62f7bd6a60cfd856bb.tiff,True,True
170c91c206648c545cfe69c718c059f2,D:\prostat\train_images\170c91c206648c545cfe69c718c059f2.tiff,True,True
3f96a2dc128a82c1a8826385a23cd1cc,D:\prostat\train_images\3f96a2dc128a82c1a8826385a23cd1cc.tiff,True,True
25c2e6b1c5a915c24df1732d4de8e435,D:\prostat\train_images\25c2e6b1c5a915c24df1732d4de8e435.tiff,True,True
0dfaba8f37fac34150fb70ca8e425141,D:\prostat\train_images\0dfaba8f37fac34150fb70ca8e425141.tiff,True,True
c321dc296ee2274e9db04e586c7aabf2,D:\prostat\train_images\c321dc296ee2274e9db04e586c7aabf2.tiff,True,True
9657fb90657d1914ee938c71b51b5fa3,D:\prostat\train_images\9657fb90657d1914ee938c71b51b5fa3.tiff,True,True
ba57c9eb0628f28c35722f0ebef5b620,D:\prostat\train_images\ba57c9eb0628f28c35722f0ebef5b620.tiff,True,True
30270f86298368679023222c1722412e,D:\prostat\train_images\30270f86298368679023222c1722412e.tiff,True,True
ca92b74386b3d80bbcc03defa33adcf9,D:\prostat\train_images\ca92b74386b3d80bbcc03defa33adcf9.tiff,True,True
8a1520420384d8c11733edd40969effc,D:\prostat\train_images\8a1520420384d8c11733edd40969effc.tiff,True,True
d2d214b96cfa479a5cfc795a8760c7c1,D:\prostat\train_images\d2d214b96cfa479a5cfc795a8760c7c1.tiff,True,True
a1abdacdaaa93b69a92c68cb5edf2560,D:\prostat\train_images\a1abdacdaaa93b69a92c68cb5edf2560.tiff,True,True
98c9716452737dafd3a149eb32aeee29,D:\prostat\train_images\98c9716452737dafd3a149eb32aeee29.tiff,True,True
c449f43f419bef77e8f8569de2858199,D:\prostat\train_images\c449f43f419bef77e8f8569de2858199.tiff,True,True
3a182bad75cc603d81f6b423849fc6a4,D:\prostat\train_images\3a182bad75cc603d81f6b423849fc6a4.tiff,True,True
858f5e5afdc19cfe16e0f8be97a28cd5,D:\prostat\train_images\858f5e5afdc19cfe16e0f8be97a28cd5.tiff,True,True
1e4bf9d3f2d777304abbb673980d287f,D:\prostat\train_images\1e4bf9d3f2d777304abbb673980d287f.tiff,True,True
3e34f7387c8287fd7c6cca202b0aacea,D:\prostat\train_images\3e34f7387c8287fd7c6cca202b0aacea.tiff,True,True
289b6b44f1e8014f82a8eaf8dd9e480d,D:\prostat\train_images\289b6b44f1e8014f82a8eaf8dd9e480d.tiff,True,True
5ad07c7af38a557d5542f50ce6341f8e,D:\prostat\train_images\5ad07c7af38a557d5542f50ce6341f8e.tiff,True,True
9ea3d5c55a62b585a16189609d7146f3,D:\prostat\train_images\9ea3d5c55a62b585a16189609d7146f3.tiff,True,True
564252dc7eb1c27099ab70a95e189748,D:\prostat\train_images\564252dc7eb1c27099ab70a95e189748.tiff,True,True
2627c765b74591958e7ba12fd857f80e,D:\prostat\train_images\2627c765b74591958e7ba12fd857f80e.tiff,True,True
50385e37db3576fbc30b26f7258921cd,D:\prostat\train_images\50385e37db3576fbc30b26f7258921cd.tiff,True,True
a8133622df02940b40d4dc7c6c0b2712,D:\prostat\train_images\a8133622df02940b40d4dc7c6c0b2712.tiff,True,True
f232dc705893be350eaf1afd474818aa,D:\prostat\train_images\f232dc705893be350eaf1afd474818aa.tiff,True,True
09fc43e064588dca30345bf48cea81a8,D:\prostat\train_images\09fc43e064588dca30345bf48cea81a8.tiff,True,True
cf335413f10f71bb6f69400ba4d5086c,D:\prostat\train_images\cf335413f10f71bb6f69400ba4d5086c.tiff,True,True
b4714bdc3d893bc158efe750a60d6de6,D:\prostat\train_images\b4714bdc3d893bc158efe750a60d6de6.tiff,True,True
d90f5db28f3ff7c708e3c95d9596e26f,D:\prostat\train_images\d90f5db28f3ff7c708e3c95d9596e26f.tiff,True,True
e9c5d5ae46eb2a57b0c577a156cda8b7,D:\prostat\train_images\e9c5d5ae46eb2a57b0c577a156cda8b7.tiff,True,True
3f42a3c5105925a052581c70ac7fefff,D:\prostat\train_images\3f42a3c5105925a052581c70ac7fefff.tiff,True,True
692bd821a86c9a9f34a421b21debfcf2,D:\prostat\train_images\692bd821a86c9a9f34a421b21debfcf2.tiff,True,True
0a107c91216d62b2543122a46eb26541,D:\prostat\train_images\0a107c91216d62b2543122a46eb26541.tiff,True,True
b9f40a94c801f5b9b958da3e4e270975,D:\prostat\train_images\b9f40a94c801f5b9b958da3e4e270975.tiff,True,True
451b173c2c31ffe1cdd3528da102b3f7,D:\prostat\train_images\451b173c2c31ffe1cdd3528da102b3f7.tiff,True,True
d69d6df4aba8dd5cb1d92e622cf9a005,D:\prostat\train_images\d69d6df4aba8dd5cb1d92e622cf9a005.tiff,True,True
65fc1018a8862bdbe4d8a063c3130a0e,D:\prostat\train_images\65fc1018a8862bdbe4d8a063c3130a0e.tiff,True,True
748ddaf8e51c84b260335520e97a8cd7,D:\prostat\train_images\748ddaf8e51c84b260335520e97a8cd7.tiff,True,True
06f714d78f6f5c545cd149cf71c7c1c1,D:\prostat\train_images\06f714d78f6f5c545cd149cf71c7c1c1.tiff,True,True
586eb142ad433841c18b748e580ab771,D:\prostat\train_images\586eb142ad433841c18b748e580ab771.tiff,True,True
0b60ac39ce977146c4bd7978d62bedeb,D:\prostat\train_images\0b60ac39ce977146c4bd7978d62bedeb.tiff,True,True
279a99068552ce9002067ae78064169c,D:\prostat\train_images\279a99068552ce9002067ae78064169c.tiff,True,True
ad6cd27268b3a281cf1da1b9cc750dfa,D:\prostat\train_images\ad6cd27268b3a281cf1da1b9cc750dfa.tiff,True,True
0ffe691b5af61da422c79762c902ba78,D:\prostat\train_images\0ffe691b5af61da422c79762c902ba78.tiff,True,True
a3ca38ce1d10c44103ba22d137be7c08,D:\prostat\train_images\a3ca38ce1d10c44103ba22d137be7c08.tiff,True,True
c3fbbd442c89676b42a2f49ef7428b30,D:\prostat\train_images\c3fbbd442c89676b42a2f49ef7428b30.tiff,True,True
0c5170ccdfd5405de0600d2c25850dac,D:\prostat\train_images\0c5170ccdfd5405de0600d2c25850dac.tiff,True,True
aa5f6291ddf9631c11f89925308051ed,D:\prostat\train_images\aa5f6291ddf9631c11f89925308051ed.tiff,True,True
11cd4062d15d22baae8edc898f374563,D:\prostat\train_images\11cd4062d15d22baae8edc898f374563.tiff,True,True
deda76da7bdfa5c258ae29399f217640,D:\prostat\train_images\deda76da7bdfa5c258ae29399f217640.tiff,True,True
1bad13504eda64538804494754164afd,D:\prostat\train_images\1bad13504eda64538804494754164afd.tiff,True,True
4e11f7a0a2623f4e9f110e81c3bd9683,D:\prostat\train_images\4e11f7a0a2623f4e9f110e81c3bd9683.tiff,True,True
8ea670bea099a4d37688e0bd5c400dcb,D:\prostat\train_images\8ea670bea099a4d37688e0bd5c400dcb.tiff,True,True
99c6eb1d87928dfae4d098276b85b98c,D:\prostat\train_images\99c6eb1d87928dfae4d098276b85b98c.tiff,True,True
6f076bd7534e295a7a9870bcf603a81f,D:\prostat\train_images\6f076bd7534e295a7a9870bcf603a81f.tiff,True,True
af48aa2477b1f92d2b98a6eb6993873f,D:\prostat\train_images\af48aa2477b1f92d2b98a6eb6993873f.tiff,True,True
bd3c86133e3a3a90a1cab3b738753ffb,D:\prostat\train_images\bd3c86133e3a3a90a1cab3b738753ffb.tiff,True,True
6b69560eba8205a182f996d752402036,D:\prostat\train_images\6b69560eba8205a182f996d752402036.tiff,True,True
bd873805550eccb5ed8acebf217df837,D:\prostat\train_images\bd873805550eccb5ed8acebf217df837.tiff,True,True
ec5c3e40db39e2e12c39b76f9d5e1ec2,D:\prostat\train_images\ec5c3e40db39e2e12c39b76f9d5e1ec2.tiff,True,True
6ac0b26f19900930a2ec02c9f5187b53,D:\prostat\train_images\6ac0b26f19900930a2ec02c9f5187b53.tiff,True,True
c7a9409b4cc4821c6fb23346db4c2433,D:\prostat\train_images\c7a9409b4cc4821c6fb23346db4c2433.tiff,True,True
50ec3c5cb23d1b97d2b2566608d47c36,D:\prostat\train_images\50ec3c5cb23d1b97d2b2566608d47c36.tiff,True,True
9079ffff621fc4e738b65b66587bfa47,D:\prostat\train_images\9079ffff621fc4e738b65b66587bfa47.tiff,True,True
df0b1629048c16c4ccf02559dc75d3d3,D:\prostat\train_images\df0b1629048c16c4ccf02559dc75d3d3.tiff,True,True
17a486c9252622e27c2714de7e7695b7,D:\prostat\train_images\17a486c9252622e27c2714de7e7695b7.tiff,True,True
5fdca67311d04c9f5625d73a6bd4e825,D:\prostat\train_images\5fdca67311d04c9f5625d73a6bd4e825.tiff,True,True
8596a2f7e68a0e11a5653fb2457db08f,D:\prostat\train_images\8596a2f7e68a0e11a5653fb2457db08f.tiff,True,True
7b845b428b07584b93d5d07a1b0de2b6,D:\prostat\train_images\7b845b428b07584b93d5d07a1b0de2b6.tiff,True,True
90a1a09e8b9543d69f9a90982ef5a789,D:\prostat\train_images\90a1a09e8b9543d69f9a90982ef5a789.tiff,True,True
eb28a92a005b15ae37fdd43f42b3edfc,D:\prostat\train_images\eb28a92a005b15ae37fdd43f42b3edfc.tiff,True,True
19cd8d1657528f7d4895398a6fd093ec,D:\prostat\train_images\19cd8d1657528f7d4895398a6fd093ec.tiff,True,True
501403e5c13c7b86bc9312d087a6e490,D:\prostat\train_images\501403e5c13c7b86bc9312d087a6e490.tiff,True,True
67edf831a7b0e716ed35b4d637dd66a1,D:\prostat\train_images\67edf831a7b0e716ed35b4d637dd66a1.tiff,True,True
35f629e359399d425289242b698b3f66,D:\prostat\train_images\35f629e359399d425289242b698b3f66.tiff,True,True
0214df71ae527e2144021178c453d204,D:\prostat\train_images\0214df71ae527e2144021178c453d204.tiff,True,True
aa7ce2c5b9e3fba65a6502469a9e7d32,D:\prostat\train_images\aa7ce2c5b9e3fba65a6502469a9e7d32.tiff,True,True
ee1110b27defb401d09d65145d2c046c,D:\prostat\train_images\ee1110b27defb401d09d65145d2c046c.tiff,True,True
1af858c67cfccebbfeade00d3481254c,D:\prostat\train_images\1af858c67cfccebbfeade00d3481254c.tiff,True,True
6e3b4eb31cb44f063fbfa2b7aa2d9861,D:\prostat\train_images\6e3b4eb31cb44f063fbfa2b7aa2d9861.tiff,True,True
74c2ad4cf2820e6ede00c6c4fb3e4ab2,D:\prostat\train_images\74c2ad4cf2820e6ede00c6c4fb3e4ab2.tiff,True,True
87fe5740deb9d4ef755cc157ff710cef,D:\prostat\train_images\87fe5740deb9d4ef755cc157ff710cef.tiff,True,True
3094f0e7f338e708620942f9f939c7cf,D:\prostat\train_images\3094f0e7f338e708620942f9f939c7cf.tiff,True,True
46fd2b305a7d998540ea08435804e825,D:\prostat\train_images\46fd2b305a7d998540ea08435804e825.tiff,True,True
750cf428f4f94ee2c4142320505b57e2,D:\prostat\train_images\750cf428f4f94ee2c4142320505b57e2.tiff,True,True
e986899266976504f3d5d8c6198b4b25,D:\prostat\train_images\e986899266976504f3d5d8c6198b4b25.tiff,True,True
764ec457d473f52c479f2abbb21ce157,D:\prostat\train_images\764ec457d473f52c479f2abbb21ce157.tiff,True,True
97a08708adfb345f406e85397b0e05e3,D:\prostat\train_images\97a08708adfb345f406e85397b0e05e3.tiff,True,True
e4c2c0efe450797793cc090b2fd59f84,D:\prostat\train_images\e4c2c0efe450797793cc090b2fd59f84.tiff,True,True
9b42c63d8a82e49ae1c724f5d58fe304,D:\prostat\train_images\9b42c63d8a82e49ae1c724f5d58fe304.tiff,True,True
6aef69fc1907d69b998ac90f07528fcc,D:\prostat\train_images\6aef69fc1907d69b998ac90f07528fcc.tiff,True,True
c16bffeed45057312c510c1a5547bdd1,D:\prostat\train_images\c16bffeed45057312c510c1a5547bdd1.tiff,True,True
57fedc6c794b7ef4e0011fb9882ccaf9,D:\prostat\train_images\57fedc6c794b7ef4e0011fb9882ccaf9.tiff,True,True
2ad0a0582297b6f2ddb131796e300ee3,D:\prostat\train_images\2ad0a0582297b6f2ddb131796e300ee3.tiff,True,True
2b8bc8c425c959228db9a99fd1b4ec66,D:\prostat\train_images\2b8bc8c425c959228db9a99fd1b4ec66.tiff,True,True
0ad2995378cdc31f88da16d158c77d6e,D:\prostat\train_images\0ad2995378cdc31f88da16d158c77d6e.tiff,True,True
6fd2d42591da02ae878e2d5c74bcc98f,D:\prostat\train_images\6fd2d42591da02ae878e2d5c74bcc98f.tiff,True,True
c5d7c8c63d643b98b45fe2307970c45f,D:\prostat\train_images\c5d7c8c63d643b98b45fe2307970c45f.tiff,True,True
a020b9ccf043e3cbacf294c64fa67d2f,D:\prostat\train_images\a020b9ccf043e3cbacf294c64fa67d2f.tiff,True,True
124c10bdb11d578dbff37e79de0a7ca2,D:\prostat\train_images\124c10bdb11d578dbff37e79de0a7ca2.tiff,True,True
3d459935dae8bbeb5bda9cfc40e4b3ab,D:\prostat\train_images\3d459935dae8bbeb5bda9cfc40e4b3ab.tiff,True,True
c266773fdf88a75561821afdb49cc0e0,D:\prostat\train_images\c266773fdf88a75561821afdb49cc0e0.tiff,True,True
3f0c4e9f8fb3b846e49bb1ca2b3021ef,D:\prostat\train_images\3f0c4e9f8fb3b846e49bb1ca2b3021ef.tiff,True,True
b133f9748d2e61bbd5bd7b55b60157fe,D:\prostat\train_images\b133f9748d2e61bbd5bd7b55b60157fe.tiff,True,True
63e602ffc3e1fc9e5f05e13a74999f02,D:\prostat\train_images\63e602ffc3e1fc9e5f05e13a74999f02.tiff,True,True
cd894e213f1522b7dfc41d457dc4899b,D:\prostat\train_images\cd894e213f1522b7dfc41d457dc4899b.tiff,True,True
345f3e86a3dcc26dce73ceeacc5a4a0a,D:\prostat\train_images\345f3e86a3dcc26dce73ceeacc5a4a0a.tiff,True,True
700c5807a050c1819ce4e295890b35b2,D:\prostat\train_images\700c5807a050c1819ce4e295890b35b2.tiff,True,True
d290264f0b49f110e26c585e874ff8c3,D:\prostat\train_images\d290264f0b49f110e26c585e874ff8c3.tiff,True,True
ddc0548b91893ec459bac4504b9b10c6,D:\prostat\train_images\ddc0548b91893ec459bac4504b9b10c6.tiff,True,True
36c8f9a16788be091884e5cd1688767f,D:\prostat\train_images\36c8f9a16788be091884e5cd1688767f.tiff,True,True
c0da73c46a21776fb36b8c1333521ca3,D:\prostat\train_images\c0da73c46a21776fb36b8c1333521ca3.tiff,True,True
28e7aad04d25346b6e27220e15ffcc11,D:\prostat\train_images\28e7aad04d25346b6e27220e15ffcc11.tiff,True,True
7d2a0df515a32073ad405ace2d88a555,D:\prostat\train_images\7d2a0df515a32073ad405ace2d88a555.tiff,True,True
fa74ab756f01ab6b562643955d297cba,D:\prostat\train_images\fa74ab756f01ab6b562643955d297cba.tiff,True,True
bc34dd1d026bf547eae2a6a6bf6c85de,D:\prostat\train_images\bc34dd1d026bf547eae2a6a6bf6c85de.tiff,True,True
5b503f5a5b80bbdd98128d346e9a72b7,D:\prostat\train_images\5b503f5a5b80bbdd98128d346e9a72b7.tiff,True,True
d7efea6d37699c9a32b715c0062ed3b3,D:\prostat\train_images\d7efea6d37699c9a32b715c0062ed3b3.tiff,True,True
5123de8a47c1584b66fea313adb4e2d3,D:\prostat\train_images\5123de8a47c1584b66fea313adb4e2d3.tiff,True,True
fec79645cf3b92343f453b945916af29,D:\prostat\train_images\fec79645cf3b92343f453b945916af29.tiff,True,True
7f153e8ad8fff37222bb530d9bfb3a23,D:\prostat\train_images\7f153e8ad8fff37222bb530d9bfb3a23.tiff,True,True
c79d24ced43aac04ce0531e229f62f03,D:\prostat\train_images\c79d24ced43aac04ce0531e229f62f03.tiff,True,True
c93d4db23236f4e9d44fb3e4966b0bd3,D:\prostat\train_images\c93d4db23236f4e9d44fb3e4966b0bd3.tiff,True,True
f0bdbcc585baf9c62af961ea7f017f4c,D:\prostat\train_images\f0bdbcc585baf9c62af961ea7f017f4c.tiff,True,True
c411cf81bd605e263ea8da3b35d05dac,D:\prostat\train_images\c411cf81bd605e263ea8da3b35d05dac.tiff,True,True
87b4ae0ff357c21aa62e84d63fdf9977,D:\prostat\train_images\87b4ae0ff357c21aa62e84d63fdf9977.tiff,True,True
3795ba90ba4303d37accaa4eaf82c747,D:\prostat\train_images\3795ba90ba4303d37accaa4eaf82c747.tiff,True,True
d09952091a04db9325e1b1ab3b87e69e,D:\prostat\train_images\d09952091a04db9325e1b1ab3b87e69e.tiff,True,True
f6549477cf5adb4bd35894d67d7dd86e,D:\prostat\train_images\f6549477cf5adb4bd35894d67d7dd86e.tiff,True,True
7ffcd16547f539aac56a0a1520b13a06,D:\prostat\train_images\7ffcd16547f539aac56a0a1520b13a06.tiff,True,True
9fb1b1d5c26a661f364f46012ede9336,D:\prostat\train_images\9fb1b1d5c26a661f364f46012ede9336.tiff,True,True
a6ff29f4165716b6fa1ef549346689b5,D:\prostat\train_images\a6ff29f4165716b6fa1ef549346689b5.tiff,True,True
77c62a6092fe0e55df4ca54cb8e71923,D:\prostat\train_images\77c62a6092fe0e55df4ca54cb8e71923.tiff,True,True
2714e18fc6a1e7b6385901f04c2760f2,D:\prostat\train_images\2714e18fc6a1e7b6385901f04c2760f2.tiff,True,True
4c52ceaed5d168bffd8f2e0175a6ebbd,D:\prostat\train_images\4c52ceaed5d168bffd8f2e0175a6ebbd.tiff,True,True
02a7b258e875cf073e2421d67ff824cd,D:\prostat\train_images\02a7b258e875cf073e2421d67ff824cd.tiff,True,True
6c08cc99c773235be82dc6012add7048,D:\prostat\train_images\6c08cc99c773235be82dc6012add7048.tiff,True,True
65e733bbf48c15a529fb33cda1a38f4a,D:\prostat\train_images\65e733bbf48c15a529fb33cda1a38f4a.tiff,True,True
3a7ae2d6d9b4bec6df2e203552dee342,D:\prostat\train_images\3a7ae2d6d9b4bec6df2e203552dee342.tiff,True,True
9665b32251dfc1c438787d36e8b66dd0,D:\prostat\train_images\9665b32251dfc1c438787d36e8b66dd0.tiff,True,True
eec0d321f4ef349cc080d4eb2feab6f7,D:\prostat\train_images\eec0d321f4ef349cc080d4eb2feab6f7.tiff,True,True
5c5a01104830e536fb03a7eb9bc02045,D:\prostat\train_images\5c5a01104830e536fb03a7eb9bc02045.tiff,True,True
890b1b3fc51fa2caf03d7bef25a31336,D:\prostat\train_images\890b1b3fc51fa2caf03d7bef25a31336.tiff,True,True
5d3fbb68cccb100204a57b1b80b3171b,D:\prostat\train_images\5d3fbb68cccb100204a57b1b80b3171b.tiff,True,True
1e0ad5923738c6350a87ba9bac5ffeea,D:\prostat\train_images\1e0ad5923738c6350a87ba9bac5ffeea.tiff,True,True
1351e50aead63f689072a7d605c9e976,D:\prostat\train_images\1351e50aead63f689072a7d605c9e976.tiff,True,True
4b7e051415b19b60bff4ee689eefdc7b,D:\prostat\train_images\4b7e051415b19b60bff4ee689eefdc7b.tiff,True,True
2b744f7f47a4fbd91e26eba3f37df819,D:\prostat\train_images\2b744f7f47a4fbd91e26eba3f37df819.tiff,True,True
da09fe1419dcf0c2e16c0b2a43979c43,D:\prostat\train_images\da09fe1419dcf0c2e16c0b2a43979c43.tiff,True,True
2201aa074bbae016bcf623ab6d0256f7,D:\prostat\train_images\2201aa074bbae016bcf623ab6d0256f7.tiff,True,True
8b422bcb2206d18ab2ba35e6e5e3c878,D:\prostat\train_images\8b422bcb2206d18ab2ba35e6e5e3c878.tiff,True,True
98c76020fd2e71039c259365994f76d6,D:\prostat\train_images\98c76020fd2e71039c259365994f76d6.tiff,True,True
0416b90e91acd8f71831c1723df3feb5,D:\prostat\train_images\0416b90e91acd8f71831c1723df3feb5.tiff,True,True
3155aef3abdeacd75a4758c212d93e42,D:\prostat\train_images\3155aef3abdeacd75a4758c212d93e42.tiff,True,True
2c6b8913a7bae36c8ceb01fbd102d74f,D:\prostat\train_images\2c6b8913a7bae36c8ceb01fbd102d74f.tiff,True,True
01ad256f991cc99f46f8065cdf0bda01,D:\prostat\train_images\01ad256f991cc99f46f8065cdf0bda01.tiff,True,True
bfa0d8a65df9b8c5230599c120f5aa99,D:\prostat\train_images\bfa0d8a65df9b8c5230599c120f5aa99.tiff,True,True
7ac43767d5c17c9700f95785ad1cd3d3,D:\prostat\train_images\7ac43767d5c17c9700f95785ad1cd3d3.tiff,True,True
cad5e47cef74fcaae1ccfcc8a268e4cb,D:\prostat\train_images\cad5e47cef74fcaae1ccfcc8a268e4cb.tiff,True,True
b0cc06f43c78e42ea4023817397eab7d,D:\prostat\train_images\b0cc06f43c78e42ea4023817397eab7d.tiff,True,True
ecbafab43eea3abffc6cd89c02592e35,D:\prostat\train_images\ecbafab43eea3abffc6cd89c02592e35.tiff,True,True
3c6610ef769e5c09d9e7b9d2c2fddb40,D:\prostat\train_images\3c6610ef769e5c09d9e7b9d2c2fddb40.tiff,True,True
edb9c2eec6fa3dbfb0f7443c4ffccb4a,D:\prostat\train_images\edb9c2eec6fa3dbfb0f7443c4ffccb4a.tiff,True,True
c5a4bb3e9ebfbb7762f7fefee9ee6d6a,D:\prostat\train_images\c5a4bb3e9ebfbb7762f7fefee9ee6d6a.tiff,True,True
8e0b93677c13fa18872839b253c1b77d,D:\prostat\train_images\8e0b93677c13fa18872839b253c1b77d.tiff,True,True
1075cff47acd7b66b405f2d186192ad9,D:\prostat\train_images\1075cff47acd7b66b405f2d186192ad9.tiff,True,True
3b0d18ac54563b6c0e9d333f4d72e61a,D:\prostat\train_images\3b0d18ac54563b6c0e9d333f4d72e61a.tiff,True,True
a12ac7f1bc26fe59d642674fcbe45a30,D:\prostat\train_images\a12ac7f1bc26fe59d642674fcbe45a30.tiff,True,True
e5e531d9d3a95e505939d5601569c192,D:\prostat\train_images\e5e531d9d3a95e505939d5601569c192.tiff,True,True
322fec2e148f8a2d3ca008e1cc20d8c4,D:\prostat\train_images\322fec2e148f8a2d3ca008e1cc20d8c4.tiff,True,True
11024c824e699307cf890c95271039c2,D:\prostat\train_images\11024c824e699307cf890c95271039c2.tiff,True,True
787b336dec5e8a7dd9d993a9b23b773c,D:\prostat\train_images\787b336dec5e8a7dd9d993a9b23b773c.tiff,True,True
c8de1c11089f06013182abb4b5bf754d,D:\prostat\train_images\c8de1c11089f06013182abb4b5bf754d.tiff,True,True
b4a11816441242128acc772adf40d612,D:\prostat\train_images\b4a11816441242128acc772adf40d612.tiff,True,True
200c27d689b7c5b6461f6cc33428049a,D:\prostat\train_images\200c27d689b7c5b6461f6cc33428049a.tiff,True,True
51ea992db967a0b925588ee2eee322ab,D:\prostat\train_images\51ea992db967a0b925588ee2eee322ab.tiff,True,True
e23ccdf6deeac16fd2975c976dbce4d0,D:\prostat\train_images\e23ccdf6deeac16fd2975c976dbce4d0.tiff,True,True
ee86db1a059e9a7dc5a72eafde4cbd69,D:\prostat\train_images\ee86db1a059e9a7dc5a72eafde4cbd69.tiff,True,True
c1694f89b6514a3b72fae65393f252a8,D:\prostat\train_images\c1694f89b6514a3b72fae65393f252a8.tiff,True,True
da84230d35b22a900b153d5cb969a7a7,D:\prostat\train_images\da84230d35b22a900b153d5cb969a7a7.tiff,True,True
6c8b94e99dbb1f65b73e1e8e32469689,D:\prostat\train_images\6c8b94e99dbb1f65b73e1e8e32469689.tiff,True,True
36057d1f3d51b9c92008174dac3bc390,D:\prostat\train_images\36057d1f3d51b9c92008174dac3bc390.tiff,True,True
209e212fd587a016db5b429425778aa5,D:\prostat\train_images\209e212fd587a016db5b429425778aa5.tiff,True,True
5e063bb2352ec2d6dfefa038d9bcb70d,D:\prostat\train_images\5e063bb2352ec2d6dfefa038d9bcb70d.tiff,True,True
337ba2724e08323f454f2e4abc414243,D:\prostat\train_images\337ba2724e08323f454f2e4abc414243.tiff,True,True
eb2267a9e6ad63f9c9d1386b8688ccc0,D:\prostat\train_images\eb2267a9e6ad63f9c9d1386b8688ccc0.tiff,True,True
3a9d5791b0cc64ff0dae5dd26e6006ab,D:\prostat\train_images\3a9d5791b0cc64ff0dae5dd26e6006ab.tiff,True,True
f655e438215464825b8d2805905323e0,D:\prostat\train_images\f655e438215464825b8d2805905323e0.tiff,True,True
5479baf96910f3cf404a133651a38b3e,D:\prostat\train_images\5479baf96910f3cf404a133651a38b3e.tiff,True,True
8868c102b37174b65ecc8fb7148a81f9,D:\prostat\train_images\8868c102b37174b65ecc8fb7148a81f9.tiff,True,True
5aeb565364a376a498fbcb54f6b5dd6f,D:\prostat\train_images\5aeb565364a376a498fbcb54f6b5dd6f.tiff,True,True
530f322b76df13d90d37b08b7c592e39,D:\prostat\train_images\530f322b76df13d90d37b08b7c592e39.tiff,True,True
8794d36a3038f4537f7d261d3af4eebd,D:\prostat\train_images\8794d36a3038f4537f7d261d3af4eebd.tiff,True,True
6ce32756e33b10bd4569aa15b5db3355,D:\prostat\train_images\6ce32756e33b10bd4569aa15b5db3355.tiff,True,True
e04ea71e821b0dffc431297b25b359de,D:\prostat\train_images\e04ea71e821b0dffc431297b25b359de.tiff,True,True
a8a951c084f704fb77c2a3ab1c21b474,D:\prostat\train_images\a8a951c084f704fb77c2a3ab1c21b474.tiff,True,True
fe72a97218b149841909d70cd346875a,D:\prostat\train_images\fe72a97218b149841909d70cd346875a.tiff,True,True
71dbcf5569584dac2aae88cf712d22b1,D:\prostat\train_images\71dbcf5569584dac2aae88cf712d22b1.tiff,True,True
621f180f39962cf8dc87f62cf681200b,D:\prostat\train_images\621f180f39962cf8dc87f62cf681200b.tiff,True,True
81e6e8f65b2cf6495c7a009adeb64569,D:\prostat\train_images\81e6e8f65b2cf6495c7a009adeb64569.tiff,True,True
64571abee09b1e42abf780bba6fdf5e6,D:\prostat\train_images\64571abee09b1e42abf780bba6fdf5e6.tiff,True,True
f5bed5601a8e1f32043ff77755d957d0,D:\prostat\train_images\f5bed5601a8e1f32043ff77755d957d0.tiff,True,True
669b67af2cab5c7d7cdc569052d13f9d,D:\prostat\train_images\669b67af2cab5c7d7cdc569052d13f9d.tiff,True,True
fb61f2df28791cf878406496100a8c95,D:\prostat\train_images\fb61f2df28791cf878406496100a8c95.tiff,True,True
a886fbc23aece507ae9663d9877fe7a1,D:\prostat\train_images\a886fbc23aece507ae9663d9877fe7a1.tiff,True,True
74b8cd450974417d88ee617601cea1b1,D:\prostat\train_images\74b8cd450974417d88ee617601cea1b1.tiff,True,True
e60d83653ba08e579999f71505107278,D:\prostat\train_images\e60d83653ba08e579999f71505107278.tiff,True,True
ed572cbfb5afc2e989918b03c70734af,D:\prostat\train_images\ed572cbfb5afc2e989918b03c70734af.tiff,True,True
06a6be84f9a7b7669f27956175566d90,D:\prostat\train_images\06a6be84f9a7b7669f27956175566d90.tiff,True,True
19638106770d8d0494e4d1ccf64e1662,D:\prostat\train_images\19638106770d8d0494e4d1ccf64e1662.tiff,True,True
33c4d18be1caa7b19589365bf1abba5b,D:\prostat\train_images\33c4d18be1caa7b19589365bf1abba5b.tiff,True,True
7c9f666901629ca31c8dad289aa18211,D:\prostat\train_images\7c9f666901629ca31c8dad289aa18211.tiff,True,True
5c9407c366d62c4e309a5fa61a48b7b7,D:\prostat\train_images\5c9407c366d62c4e309a5fa61a48b7b7.tiff,True,True
19963a5a3c42675307056e0be36851cf,D:\prostat\train_images\19963a5a3c42675307056e0be36851cf.tiff,True,True
4ff695dbae442434b502b0605fd14675,D:\prostat\train_images\4ff695dbae442434b502b0605fd14675.tiff,True,True
ee7818bcdaf1b51212aa523778f68ee8,D:\prostat\train_images\ee7818bcdaf1b51212aa523778f68ee8.tiff,True,True
cccc2eaa9a08088488cc2e0e682b551e,D:\prostat\train_images\cccc2eaa9a08088488cc2e0e682b551e.tiff,True,True
2af30006f5947d527000166f41ea09c7,D:\prostat\train_images\2af30006f5947d527000166f41ea09c7.tiff,True,True
d8442dd9a38b2f244a020c1b39107751,D:\prostat\train_images\d8442dd9a38b2f244a020c1b39107751.tiff,True,True
4170f061044a480249355b4dcc4306cc,D:\prostat\train_images\4170f061044a480249355b4dcc4306cc.tiff,True,True
5a112beb1fb4921df86062b489f41928,D:\prostat\train_images\5a112beb1fb4921df86062b489f41928.tiff,True,True
ae735fba71d07070521f014ddfaa6bc4,D:\prostat\train_images\ae735fba71d07070521f014ddfaa6bc4.tiff,True,True
70f608a3fafa4e75e3201a78962109b0,D:\prostat\train_images\70f608a3fafa4e75e3201a78962109b0.tiff,True,True
84e233a4bd768d33767d7d53acf2a96d,D:\prostat\train_images\84e233a4bd768d33767d7d53acf2a96d.tiff,True,True
7a42019fe50ed38d182095e380b9e038,D:\prostat\train_images\7a42019fe50ed38d182095e380b9e038.tiff,True,True
a3a06e2c06260de535916eaaa629c466,D:\prostat\train_images\a3a06e2c06260de535916eaaa629c466.tiff,True,True
1c36c6b2d051fd1952232efb2613808d,D:\prostat\train_images\1c36c6b2d051fd1952232efb2613808d.tiff,True,True
8a8a6e4dc7c935f57e8c1db91ba0abb2,D:\prostat\train_images\8a8a6e4dc7c935f57e8c1db91ba0abb2.tiff,True,True
2c875f4a66fa395e8781dd797a6ea8db,D:\prostat\train_images\2c875f4a66fa395e8781dd797a6ea8db.tiff,True,True
70f266d7117c3fc1430abb4636790078,D:\prostat\train_images\70f266d7117c3fc1430abb4636790078.tiff,True,True
475053608918e891ebe8ae15861a3c7d,D:\prostat\train_images\475053608918e891ebe8ae15861a3c7d.tiff,True,True
89fa9845d25d82d60c3b8ec4ca9fac14,D:\prostat\train_images\89fa9845d25d82d60c3b8ec4ca9fac14.tiff,True,True
527d8fc0ea1ef55212f4f2ffd6c4ad68,D:\prostat\train_images\527d8fc0ea1ef55212f4f2ffd6c4ad68.tiff,True,True
fd08b2bce422f40a465664f9a5f9afdd,D:\prostat\train_images\fd08b2bce422f40a465664f9a5f9afdd.tiff,True,True
d823184dded7ed43bf7b5515861ca0b9,D:\prostat\train_images\d823184dded7ed43bf7b5515861ca0b9.tiff,True,True
c914e517a8f292a785df584a7a1a9e06,D:\prostat\train_images\c914e517a8f292a785df584a7a1a9e06.tiff,True,True
f6a5026c3875a441ac93945bd4ba9c18,D:\prostat\train_images\f6a5026c3875a441ac93945bd4ba9c18.tiff,True,True
842f019a8604e0323ab1a9fe53814f54,D:\prostat\train_images\842f019a8604e0323ab1a9fe53814f54.tiff,True,True
1fe0cfea7347950a76bcbdafa0ad96ab,D:\prostat\train_images\1fe0cfea7347950a76bcbdafa0ad96ab.tiff,True,True
4195422677dc2b79c2a9f2d7bc6bc3c2,D:\prostat\train_images\4195422677dc2b79c2a9f2d7bc6bc3c2.tiff,True,True
3026f00129e340bd9d68f28c7670f917,D:\prostat\train_images\3026f00129e340bd9d68f28c7670f917.tiff,True,True
f8cd181f4ae83348785d9c9dcb43162d,D:\prostat\train_images\f8cd181f4ae83348785d9c9dcb43162d.tiff,True,True
330823f8120df480aefdbf1d107747ba,D:\prostat\train_images\330823f8120df480aefdbf1d107747ba.tiff,True,True
9868a54bf110a952ac11af9f4659c5e1,D:\prostat\train_images\9868a54bf110a952ac11af9f4659c5e1.tiff,True,True
86983b5439f4a111cf6173c634302531,D:\prostat\train_images\86983b5439f4a111cf6173c634302531.tiff,True,True
86a0777f057b10f538767120f182472a,D:\prostat\train_images\86a0777f057b10f538767120f182472a.tiff,True,True
53b8f259c520cdd1d4b795642340055e,D:\prostat\train_images\53b8f259c520cdd1d4b795642340055e.tiff,True,True
32291426a698e316ff990f4b93e27e98,D:\prostat\train_images\32291426a698e316ff990f4b93e27e98.tiff,True,True
117683a5298a7f5f8832b85c3e827750,D:\prostat\train_images\117683a5298a7f5f8832b85c3e827750.tiff,True,True
0ec1b37c75064128cfa8381a8d7e5d72,D:\prostat\train_images\0ec1b37c75064128cfa8381a8d7e5d72.tiff,True,True
b585478a061c648ffb68be5024574b89,D:\prostat\train_images\b585478a061c648ffb68be5024574b89.tiff,True,True
d05dedcf409db3d984fce8af576fdab3,D:\prostat\train_images\d05dedcf409db3d984fce8af576fdab3.tiff,True,True
c52921606c200276c33a16c6cf491fcf,D:\prostat\train_images\c52921606c200276c33a16c6cf491fcf.tiff,True,True
9b6cbe06b1f3e5620fd9ac5e69a8cb4e,D:\prostat\train_images\9b6cbe06b1f3e5620fd9ac5e69a8cb4e.tiff,True,True
046b35ae95374bfb48cdca8d7c83233f,D:\prostat\train_images\046b35ae95374bfb48cdca8d7c83233f.tiff,True,True
1eee3477eafb3accebe157a47112e8f1,D:\prostat\train_images\1eee3477eafb3accebe157a47112e8f1.tiff,True,True
a807e743ad2020d229347aede1882a8f,D:\prostat\train_images\a807e743ad2020d229347aede1882a8f.tiff,True,True
bfed5501cd4160d9cf038f99f992dd20,D:\prostat\train_images\bfed5501cd4160d9cf038f99f992dd20.tiff,True,True
544a71ab7a8564bf9af28402c82d70b7,D:\prostat\train_images\544a71ab7a8564bf9af28402c82d70b7.tiff,True,True
eff6063a1f4154bdb706cc022b3e3bb8,D:\prostat\train_images\eff6063a1f4154bdb706cc022b3e3bb8.tiff,True,True
f5a588775c7793da92428613b660af4b,D:\prostat\train_images\f5a588775c7793da92428613b660af4b.tiff,True,True
ffacf52d0c9b3fbf644373c7da4026db,D:\prostat\train_images\ffacf52d0c9b3fbf644373c7da4026db.tiff,True,True
8d90013d52788c1e2f5f47ad80e65d48,D:\prostat\train_images\8d90013d52788c1e2f5f47ad80e65d48.tiff,True,True
9bb60a3f88287060ff55db1d8e1dce44,D:\prostat\train_images\9bb60a3f88287060ff55db1d8e1dce44.tiff,True,True
462d4231224f8acdc85dc9449f803a2d,D:\prostat\train_images\462d4231224f8acdc85dc9449f803a2d.tiff,True,True
ab2b0d15632c3e9858be2b2889c5ff45,D:\prostat\train_images\ab2b0d15632c3e9858be2b2889c5ff45.tiff,True,True
10ce72448dc8291b84c67016f41fbd9a,D:\prostat\train_images\10ce72448dc8291b84c67016f41fbd9a.tiff,True,True
61d85127f0fb841fe6241e6b4d3f89c7,D:\prostat\train_images\61d85127f0fb841fe6241e6b4d3f89c7.tiff,True,True
813691e100f1c3df95efc0113bf36e48,D:\prostat\train_images\813691e100f1c3df95efc0113bf36e48.tiff,True,True
4968e5f9e8c2d58318e33902e4617575,D:\prostat\train_images\4968e5f9e8c2d58318e33902e4617575.tiff,True,True
c54e20196fd1f02eef4fe02190e773d9,D:\prostat\train_images\c54e20196fd1f02eef4fe02190e773d9.tiff,True,True
39ec527984e5476affd895acee3dafaf,D:\prostat\train_images\39ec527984e5476affd895acee3dafaf.tiff,True,True
0a8c2bda6e00a040372185ccd9a3c4ab,D:\prostat\train_images\0a8c2bda6e00a040372185ccd9a3c4ab.tiff,True,True
9362e969027cc9260ceabfcbe2a7ceda,D:\prostat\train_images\9362e969027cc9260ceabfcbe2a7ceda.tiff,True,True
7fa721b04e1ddd786cdcccf5263e608d,D:\prostat\train_images\7fa721b04e1ddd786cdcccf5263e608d.tiff,True,True
abfa45d8a5a8615362ec7e70e7f57fff,D:\prostat\train_images\abfa45d8a5a8615362ec7e70e7f57fff.tiff,True,True
9e91403033e4553daef286da9884d860,D:\prostat\train_images\9e91403033e4553daef286da9884d860.tiff,True,True
bb6ea8e115a5719d2644a63919858ea9,D:\prostat\train_images\bb6ea8e115a5719d2644a63919858ea9.tiff,True,True
033e39459301e97e457232780a314ab7,D:\prostat\train_images\033e39459301e97e457232780a314ab7.tiff,True,True
f6b6d03d15615dd9affb3b3c77347747,D:\prostat\train_images\f6b6d03d15615dd9affb3b3c77347747.tiff,True,True
6db636a5372b53a603ac3a5bde9abba0,D:\prostat\train_images\6db636a5372b53a603ac3a5bde9abba0.tiff,True,True
89dedf625c91ded52120e73c33932da1,D:\prostat\train_images\89dedf625c91ded52120e73c33932da1.tiff,True,True
8143e5473a650fd79750a6b4cf7c52e1,D:\prostat\train_images\8143e5473a650fd79750a6b4cf7c52e1.tiff,True,True
cf385dd3211d78cdcfa8c90c2bab5b37,D:\prostat\train_images\cf385dd3211d78cdcfa8c90c2bab5b37.tiff,True,True
9e47e424e9fa1a9ef32d9013522df425,D:\prostat\train_images\9e47e424e9fa1a9ef32d9013522df425.tiff,True,True
f54428f97db111809016916ab768f667,D:\prostat\train_images\f54428f97db111809016916ab768f667.tiff,True,True
dff285c9260f7f68f4e97fb6abd32043,D:\prostat\train_images\dff285c9260f7f68f4e97fb6abd32043.tiff,True,True
ad155660b0018e92984f4ea49e246731,D:\prostat\train_images\ad155660b0018e92984f4ea49e246731.tiff,True,True
112736e8b78700f977df0da98c19e0c3,D:\prostat\train_images\112736e8b78700f977df0da98c19e0c3.tiff,True,True
8b63ec7d6571ecf9d1e9cb48fab4bb74,D:\prostat\train_images\8b63ec7d6571ecf9d1e9cb48fab4bb74.tiff,True,True
ea2dae3e447871d311e907278a85cabf,D:\prostat\train_images\ea2dae3e447871d311e907278a85cabf.tiff,True,True
c500818f3a0e7d3a10a0c567e9665035,D:\prostat\train_images\c500818f3a0e7d3a10a0c567e9665035.tiff,True,True
fda9a587d6bbfa5ceabe1840b2ae6337,D:\prostat\train_images\fda9a587d6bbfa5ceabe1840b2ae6337.tiff,True,True
28d634f91167158876095cfed86ec0d1,D:\prostat\train_images\28d634f91167158876095cfed86ec0d1.tiff,True,True
7436cdbf9876ac812cdc3ea7557aadaa,D:\prostat\train_images\7436cdbf9876ac812cdc3ea7557aadaa.tiff,True,True
2b8faa47d6c6e03411386c4a68017794,D:\prostat\train_images\2b8faa47d6c6e03411386c4a68017794.tiff,True,True
6f15b2e980b3551c44af3db0dbf45940,D:\prostat\train_images\6f15b2e980b3551c44af3db0dbf45940.tiff,True,True
7c779d271feb1330e45e39af542c3f13,D:\prostat\train_images\7c779d271feb1330e45e39af542c3f13.tiff,True,True
9bedf764a1ebbe84c6610edfb1cbd101,D:\prostat\train_images\9bedf764a1ebbe84c6610edfb1cbd101.tiff,True,True
66557aa92abab5f0eaa6a7c03d17bff1,D:\prostat\train_images\66557aa92abab5f0eaa6a7c03d17bff1.tiff,True,True
98744dbf48a8428f1cada3cd7782ac92,D:\prostat\train_images\98744dbf48a8428f1cada3cd7782ac92.tiff,True,True
aba52f1d32ab593c075801a10a98938b,D:\prostat\train_images\aba52f1d32ab593c075801a10a98938b.tiff,True,True
6a723ff5302670dfa4fc477095791a59,D:\prostat\train_images\6a723ff5302670dfa4fc477095791a59.tiff,True,True
bc9c6686eeb1ee886d3b461b2f584760,D:\prostat\train_images\bc9c6686eeb1ee886d3b461b2f584760.tiff,True,True
a9401a16f89aabfa1821aba90a64d3d6,D:\prostat\train_images\a9401a16f89aabfa1821aba90a64d3d6.tiff,True,True
78501527e96d0992e314221af62dca45,D:\prostat\train_images\78501527e96d0992e314221af62dca45.tiff,True,True
6e04223880c3cae8aa29366304c2bf7f,D:\prostat\train_images\6e04223880c3cae8aa29366304c2bf7f.tiff,True,True
4e5c75b501c348de7af7620dab9d783e,D:\prostat\train_images\4e5c75b501c348de7af7620dab9d783e.tiff,True,True
b276c39d60d16cdcca065940ed55eeb8,D:\prostat\train_images\b276c39d60d16cdcca065940ed55eeb8.tiff,True,True
2a8f8a39a833b8f141e0474b097fdb36,D:\prostat\train_images\2a8f8a39a833b8f141e0474b097fdb36.tiff,True,True
1f86b6a526481bc5d2ca18d94f94f062,D:\prostat\train_images\1f86b6a526481bc5d2ca18d94f94f062.tiff,True,True
ae8eb40dd6bdc9fbd6bb30d0e18828a6,D:\prostat\train_images\ae8eb40dd6bdc9fbd6bb30d0e18828a6.tiff,True,True
530aea5cd2aac6c3c9ea6ec10910295e,D:\prostat\train_images\530aea5cd2aac6c3c9ea6ec10910295e.tiff,True,True
889806fafef98aab5c400f36dd30aae2,D:\prostat\train_images\889806fafef98aab5c400f36dd30aae2.tiff,True,True
f80762497aaa467658859f20ca56f875,D:\prostat\train_images\f80762497aaa467658859f20ca56f875.tiff,True,True
2006437aaa412947ebfe92fd61c62a18,D:\prostat\train_images\2006437aaa412947ebfe92fd61c62a18.tiff,True,True
dd1c5062a0c646d6af4d2d77b4129db4,D:\prostat\train_images\dd1c5062a0c646d6af4d2d77b4129db4.tiff,True,True
16e1c7937dc0a2394bf82f863dd1a25f,D:\prostat\train_images\16e1c7937dc0a2394bf82f863dd1a25f.tiff,True,True
f051273bd75ea902b5a163fa772decac,D:\prostat\train_images\f051273bd75ea902b5a163fa772decac.tiff,True,True
b6ca31583bd0acc777d60f88750c3db6,D:\prostat\train_images\b6ca31583bd0acc777d60f88750c3db6.tiff,True,True
42eede78f4743416e600783e0773d1c0,D:\prostat\train_images\42eede78f4743416e600783e0773d1c0.tiff,True,True
d74ad1248c21f6a8ab77a7462e1dec31,D:\prostat\train_images\d74ad1248c21f6a8ab77a7462e1dec31.tiff,True,True
460b108f9429430e435d2b25e8bdb251,D:\prostat\train_images\460b108f9429430e435d2b25e8bdb251.tiff,True,True
a2cf43624325e34ef78bde7b66a36db0,D:\prostat\train_images\a2cf43624325e34ef78bde7b66a36db0.tiff,True,True
0eb245bb330a149e1d1e821f37dd1b65,D:\prostat\train_images\0eb245bb330a149e1d1e821f37dd1b65.tiff,True,True
304a3ffc48df61727191b465d69f9544,D:\prostat\train_images\304a3ffc48df61727191b465d69f9544.tiff,True,True
aa47209a146185e3bea1fa18b904304a,D:\prostat\train_images\aa47209a146185e3bea1fa18b904304a.tiff,True,True
0d78804d555b81c004df3b681b939ff6,D:\prostat\train_images\0d78804d555b81c004df3b681b939ff6.tiff,True,True
733fcfe0b7b216c5e4e114305bb4b05c,D:\prostat\train_images\733fcfe0b7b216c5e4e114305bb4b05c.tiff,True,True
69170d42ade5329fe02df566a7447a99,D:\prostat\train_images\69170d42ade5329fe02df566a7447a99.tiff,True,True
74168f41b89abab36ec0a1b014c582ff,D:\prostat\train_images\74168f41b89abab36ec0a1b014c582ff.tiff,True,True
f8856ffab037e42c380c5bd22013c6b4,D:\prostat\train_images\f8856ffab037e42c380c5bd22013c6b4.tiff,True,True
25a27922edaf3f338e8693ededcbe1c2,D:\prostat\train_images\25a27922edaf3f338e8693ededcbe1c2.tiff,True,True
823097b40e8a02f6e06021b87322fc58,D:\prostat\train_images\823097b40e8a02f6e06021b87322fc58.tiff,True,True
d70e54b1282d3c53ea346ce70d480d60,D:\prostat\train_images\d70e54b1282d3c53ea346ce70d480d60.tiff,True,True
cddfb3fb31fdb7cc00a72c4fce6a1a15,D:\prostat\train_images\cddfb3fb31fdb7cc00a72c4fce6a1a15.tiff,True,True
776c22e2a5be1a676091f53a3aae0afd,D:\prostat\train_images\776c22e2a5be1a676091f53a3aae0afd.tiff,True,True
4274afab5a0dfcdb8296d351150a754a,D:\prostat\train_images\4274afab5a0dfcdb8296d351150a754a.tiff,True,True
20a13fefec6f1487c80bb0c89c1505a1,D:\prostat\train_images\20a13fefec6f1487c80bb0c89c1505a1.tiff,True,True
d0d27aeca4fd3a00340812c03b692f56,D:\prostat\train_images\d0d27aeca4fd3a00340812c03b692f56.tiff,True,True
6baaf1d0cb562d864baedc5db3acaf11,D:\prostat\train_images\6baaf1d0cb562d864baedc5db3acaf11.tiff,True,True
a1867f63370ccdb636e2ec006b5f0a6a,D:\prostat\train_images\a1867f63370ccdb636e2ec006b5f0a6a.tiff,True,True
c2edf539162ecaea59933196e84de2f5,D:\prostat\train_images\c2edf539162ecaea59933196e84de2f5.tiff,True,True
88e65e1d716893e6efdbd2464b3686fa,D:\prostat\train_images\88e65e1d716893e6efdbd2464b3686fa.tiff,True,True
9d0c3cf3ccfdc091564ddc91c3563bfb,D:\prostat\train_images\9d0c3cf3ccfdc091564ddc91c3563bfb.tiff,True,True
8e24d78eb3a2e377b4d169ad456fe5a3,D:\prostat\train_images\8e24d78eb3a2e377b4d169ad456fe5a3.tiff,True,True
36ac72ab5b3b3b2febb4890051ab508d,D:\prostat\train_images\36ac72ab5b3b3b2febb4890051ab508d.tiff,True,True
340c846f464f205cf4df3cb61fab3a0b,D:\prostat\train_images\340c846f464f205cf4df3cb61fab3a0b.tiff,True,True
6e5820ec2c6f92c75e0ff86c68011042,D:\prostat\train_images\6e5820ec2c6f92c75e0ff86c68011042.tiff,True,True
d6c1175d1961ea5a938d6a6ae26d2135,D:\prostat\train_images\d6c1175d1961ea5a938d6a6ae26d2135.tiff,True,True
ac07fd6531d7536124ceab1990d5227d,D:\prostat\train_images\ac07fd6531d7536124ceab1990d5227d.tiff,True,True
1ec8e0f0d006e23ad9ab3686bc6a61e5,D:\prostat\train_images\1ec8e0f0d006e23ad9ab3686bc6a61e5.tiff,True,True
0b1d4a81985789feff2fd66bb2d5b760,D:\prostat\train_images\0b1d4a81985789feff2fd66bb2d5b760.tiff,True,True
327e57e785d4808c280054de8f4639b0,D:\prostat\train_images\327e57e785d4808c280054de8f4639b0.tiff,True,True
d9e73507e94ba12a7c566087dcf8348f,D:\prostat\train_images\d9e73507e94ba12a7c566087dcf8348f.tiff,True,True
293a463681a08ed0c816c6618a032534,D:\prostat\train_images\293a463681a08ed0c816c6618a032534.tiff,True,True
852768d64622d6bb9e0d2c3ef45660f5,D:\prostat\train_images\852768d64622d6bb9e0d2c3ef45660f5.tiff,True,True
bbb2c6d4f203c71ba63d6ce8048d1ebc,D:\prostat\train_images\bbb2c6d4f203c71ba63d6ce8048d1ebc.tiff,True,True
4e91bf38ee93ccd817df1e1bf599e095,D:\prostat\train_images\4e91bf38ee93ccd817df1e1bf599e095.tiff,True,True
c4b8e60fec9eabe9a9fdacce39f23d60,D:\prostat\train_images\c4b8e60fec9eabe9a9fdacce39f23d60.tiff,True,True
507ac341d0a68f80c382a8f1b9b2793c,D:\prostat\train_images\507ac341d0a68f80c382a8f1b9b2793c.tiff,True,True
e3810062235511acdb79ecda62f3f0f0,D:\prostat\train_images\e3810062235511acdb79ecda62f3f0f0.tiff,True,True
76d1bcd4b79d27c2171a0d6107b31349,D:\prostat\train_images\76d1bcd4b79d27c2171a0d6107b31349.tiff,True,True
01b3d1fe5b0bd538d1e9824fe7d2d24d,D:\prostat\train_images\01b3d1fe5b0bd538d1e9824fe7d2d24d.tiff,True,True
01d983ba412b27a65f58848b695ec751,D:\prostat\train_images\01d983ba412b27a65f58848b695ec751.tiff,True,True
c5e6c3efbdf833673fdfa3db1c6c4b23,D:\prostat\train_images\c5e6c3efbdf833673fdfa3db1c6c4b23.tiff,True,True
89159e7316ccc0d364591c421a5c7e56,D:\prostat\train_images\89159e7316ccc0d364591c421a5c7e56.tiff,True,True
053be6185799c8688b4988b7085c7958,D:\prostat\train_images\053be6185799c8688b4988b7085c7958.tiff,True,True
a3619255e4582f5d99537a251e668d35,D:\prostat\train_images\a3619255e4582f5d99537a251e668d35.tiff,True,True
ccd93f4e3617e685fb9897791d1822b4,D:\prostat\train_images\ccd93f4e3617e685fb9897791d1822b4.tiff,True,True
f709898cdc46cedb62cef65b87039218,D:\prostat\train_images\f709898cdc46cedb62cef65b87039218.tiff,True,True
25a213edbcc763a0b37c60d060c028a6,D:\prostat\train_images\25a213edbcc763a0b37c60d060c028a6.tiff,True,True
8a50e044874fa8db8fa504e642d694d7,D:\prostat\train_images\8a50e044874fa8db8fa504e642d694d7.tiff,True,True
c8face6b1ab31039272be44890fdf35f,D:\prostat\train_images\c8face6b1ab31039272be44890fdf35f.tiff,True,True
010670e9572e67e5a7e00fb791a343ef,D:\prostat\train_images\010670e9572e67e5a7e00fb791a343ef.tiff,True,True
bde4648639af6c2a3872086fad035077,D:\prostat\train_images\bde4648639af6c2a3872086fad035077.tiff,True,True
87c150feed1c5b7c7b4f80739cfc1060,D:\prostat\train_images\87c150feed1c5b7c7b4f80739cfc1060.tiff,True,True
a2a51dc406006d4c31f173c89cee7fee,D:\prostat\train_images\a2a51dc406006d4c31f173c89cee7fee.tiff,True,True
dfd65a2fbb344285042b710b92c09048,D:\prostat\train_images\dfd65a2fbb344285042b710b92c09048.tiff,True,True
a3a4e7642114d0297711ac4ec5c70a04,D:\prostat\train_images\a3a4e7642114d0297711ac4ec5c70a04.tiff,True,True
fb39e72460b6da6ea5e9c8efbee2c78c,D:\prostat\train_images\fb39e72460b6da6ea5e9c8efbee2c78c.tiff,True,True
70537a4b7d85e72fb377f1ced5ebd5a2,D:\prostat\train_images\70537a4b7d85e72fb377f1ced5ebd5a2.tiff,True,True
2910b44434274b848553a4ec3db11df8,D:\prostat\train_images\2910b44434274b848553a4ec3db11df8.tiff,True,True
d12d9f200e1746eddbbe430243a46cb3,D:\prostat\train_images\d12d9f200e1746eddbbe430243a46cb3.tiff,True,True
f01ad4a3950dc5bd67223d2ebeb8768c,D:\prostat\train_images\f01ad4a3950dc5bd67223d2ebeb8768c.tiff,True,True
e1b8d76e1ff3bb07fd92b1512e8c4ce5,D:\prostat\train_images\e1b8d76e1ff3bb07fd92b1512e8c4ce5.tiff,True,True
0465f4b248a57b710e02d636d595bf94,D:\prostat\train_images\0465f4b248a57b710e02d636d595bf94.tiff,True,True
7234d2bf2df91f65e94e9ecc4ec5827d,D:\prostat\train_images\7234d2bf2df91f65e94e9ecc4ec5827d.tiff,True,True
8ef59d7cb53bf92b5c589f7377edb0d7,D:\prostat\train_images\8ef59d7cb53bf92b5c589f7377edb0d7.tiff,True,True
bd650136debd7ab365c3222253637f9a,D:\prostat\train_images\bd650136debd7ab365c3222253637f9a.tiff,True,True
79774fafc9e6a361b6abb548739bf119,D:\prostat\train_images\79774fafc9e6a361b6abb548739bf119.tiff,True,True
8af8df8099130fb4d9667e28b0bc0049,D:\prostat\train_images\8af8df8099130fb4d9667e28b0bc0049.tiff,True,True
de4dc93bcd5dd4eb08fdec474455de0c,D:\prostat\train_images\de4dc93bcd5dd4eb08fdec474455de0c.tiff,True,True
9158baf42019752ef196d31796e7a768,D:\prostat\train_images\9158baf42019752ef196d31796e7a768.tiff,True,True
0f5c20d93b7c6b92fafc26069ebe239b,D:\prostat\train_images\0f5c20d93b7c6b92fafc26069ebe239b.tiff,True,True
15a3396c7f121c19977fb8cf543da766,D:\prostat\train_images\15a3396c7f121c19977fb8cf543da766.tiff,True,True
c086762038676658afbb3e39432c049a,D:\prostat\train_images\c086762038676658afbb3e39432c049a.tiff,True,True
406a55527c14d8c90521997d19023a51,D:\prostat\train_images\406a55527c14d8c90521997d19023a51.tiff,True,True
fc860f59830b4295eaa563554b16458a,D:\prostat\train_images\fc860f59830b4295eaa563554b16458a.tiff,True,True
4cb0031225cf215b6566c3bcc004016c,D:\prostat\train_images\4cb0031225cf215b6566c3bcc004016c.tiff,True,True
64da3d4f81810f32e01269233955515e,D:\prostat\train_images\64da3d4f81810f32e01269233955515e.tiff,True,True
052d30c6787716383b5789d5711e6d65,D:\prostat\train_images\052d30c6787716383b5789d5711e6d65.tiff,True,True
7ef96252ee2a1ffe86730b31a54d12bc,D:\prostat\train_images\7ef96252ee2a1ffe86730b31a54d12bc.tiff,True,True
799a3e6817e06575c4618ff9e845491a,D:\prostat\train_images\799a3e6817e06575c4618ff9e845491a.tiff,True,True
0c782b90b01085cd1c390076363c6fe6,D:\prostat\train_images\0c782b90b01085cd1c390076363c6fe6.tiff,True,True
a1e2f28549fb41a84b04b8022f285a7a,D:\prostat\train_images\a1e2f28549fb41a84b04b8022f285a7a.tiff,True,True
ae70836082d20c61d8dd1f1600674698,D:\prostat\train_images\ae70836082d20c61d8dd1f1600674698.tiff,True,True
a5f7e4be7d541aeab8b4b45f9a681300,D:\prostat\train_images\a5f7e4be7d541aeab8b4b45f9a681300.tiff,True,True
21c61eab96e1f16d7caf28a6645c22fa,D:\prostat\train_images\21c61eab96e1f16d7caf28a6645c22fa.tiff,True,True
93e402b3157850fc6995e60ebb11f70a,D:\prostat\train_images\93e402b3157850fc6995e60ebb11f70a.tiff,True,True
8b670faa5b39f947705e77fec2068cdc,D:\prostat\train_images\8b670faa5b39f947705e77fec2068cdc.tiff,True,True
934f3bcb20dfdd3e184f53df0383b9e0,D:\prostat\train_images\934f3bcb20dfdd3e184f53df0383b9e0.tiff,True,True
eea47f9bc6d774e29cd36167365775bf,D:\prostat\train_images\eea47f9bc6d774e29cd36167365775bf.tiff,True,True
5364f9188bfd02fda039522d20a07eac,D:\prostat\train_images\5364f9188bfd02fda039522d20a07eac.tiff,True,True
64e742d9850512f85145eeca0811dc0e,D:\prostat\train_images\64e742d9850512f85145eeca0811dc0e.tiff,True,True
497419c137d260d9cad01b6e06c1c936,D:\prostat\train_images\497419c137d260d9cad01b6e06c1c936.tiff,True,True
98d5e89fe5183a7ff7712556cdd2d633,D:\prostat\train_images\98d5e89fe5183a7ff7712556cdd2d633.tiff,True,True
85ec340020fb63c782e84901880e8684,D:\prostat\train_images\85ec340020fb63c782e84901880e8684.tiff,True,True
8c4098041ec69a0d01df2e8d8462db2d,D:\prostat\train_images\8c4098041ec69a0d01df2e8d8462db2d.tiff,True,True
9fbfd81ca751d31d6d3e776b1deb4fdf,D:\prostat\train_images\9fbfd81ca751d31d6d3e776b1deb4fdf.tiff,True,True
d63c41a88f43f4f46b49fe4d63c9d117,D:\prostat\train_images\d63c41a88f43f4f46b49fe4d63c9d117.tiff,True,True
9b4f01490d9d27e94dd2f49f8f53053e,D:\prostat\train_images\9b4f01490d9d27e94dd2f49f8f53053e.tiff,True,True
a733239073e6baaceea3825537584b23,D:\prostat\train_images\a733239073e6baaceea3825537584b23.tiff,True,True
dee5779947bf3e93291e7d4ca7e72ddf,D:\prostat\train_images\dee5779947bf3e93291e7d4ca7e72ddf.tiff,True,True
9bd1adceec12ca2802bfe40bb2240e40,D:\prostat\train_images\9bd1adceec12ca2802bfe40bb2240e40.tiff,True,True
12991337ce60e83556332e5d7be52ef3,D:\prostat\train_images\12991337ce60e83556332e5d7be52ef3.tiff,True,True
90f27b8f8e4c1ca220df5e199f7f21cf,D:\prostat\train_images\90f27b8f8e4c1ca220df5e199f7f21cf.tiff,True,True
3b994de767ea6fb282fe774f88f3fe3d,D:\prostat\train_images\3b994de767ea6fb282fe774f88f3fe3d.tiff,True,True
d4abab1f8cfc6c65c6d4f0e5b5a74c03,D:\prostat\train_images\d4abab1f8cfc6c65c6d4f0e5b5a74c03.tiff,True,True
5cbaa9bd1f17c355f4b6857844a7c133,D:\prostat\train_images\5cbaa9bd1f17c355f4b6857844a7c133.tiff,True,True
02d302a8d723fa00331f373091b29135,D:\prostat\train_images\02d302a8d723fa00331f373091b29135.tiff,True,True
b9d2a95c3c0787c9faa9901d5b86c5a1,D:\prostat\train_images\b9d2a95c3c0787c9faa9901d5b86c5a1.tiff,True,True
ebcb278bfb1d92fd4d48046fd697e2c0,D:\prostat\train_images\ebcb278bfb1d92fd4d48046fd697e2c0.tiff,True,True
3eee912c7daba1d6c5c6968ef71b5570,D:\prostat\train_images\3eee912c7daba1d6c5c6968ef71b5570.tiff,True,True
6e5421b95ba6f7ae6d5c3ffddd797ca0,D:\prostat\train_images\6e5421b95ba6f7ae6d5c3ffddd797ca0.tiff,True,True
bd525e9a428797c9afb48a9ffdbe5160,D:\prostat\train_images\bd525e9a428797c9afb48a9ffdbe5160.tiff,True,True
087235917714cd15b20951ad00a39cf7,D:\prostat\train_images\087235917714cd15b20951ad00a39cf7.tiff,True,True
8d042c218851d6c8385cb5f1e321ced6,D:\prostat\train_images\8d042c218851d6c8385cb5f1e321ced6.tiff,True,True
8b11184f09d4d571d4f1ead51051f09c,D:\prostat\train_images\8b11184f09d4d571d4f1ead51051f09c.tiff,True,True
9f3e77cfdd5dd3cb3de45467d5795bf4,D:\prostat\train_images\9f3e77cfdd5dd3cb3de45467d5795bf4.tiff,True,True
f3e01d9db68f7eb5ab61db395fd6d18a,D:\prostat\train_images\f3e01d9db68f7eb5ab61db395fd6d18a.tiff,True,True
f8e44af1b7d155545fc2a928d65a5e55,D:\prostat\train_images\f8e44af1b7d155545fc2a928d65a5e55.tiff,True,True
bf2c8f063896d5f3ca2a0f2b4d70f825,D:\prostat\train_images\bf2c8f063896d5f3ca2a0f2b4d70f825.tiff,True,True
9299df757a39cb1114a4345346048a68,D:\prostat\train_images\9299df757a39cb1114a4345346048a68.tiff,True,True
964eaa4f691fa26ef2b0f6ad487510d8,D:\prostat\train_images\964eaa4f691fa26ef2b0f6ad487510d8.tiff,True,True
58c9ebcb84cf500f25352367f27fba56,D:\prostat\train_images\58c9ebcb84cf500f25352367f27fba56.tiff,True,True
4be06d7d1bc7ea4676a57de44d76f76c,D:\prostat\train_images\4be06d7d1bc7ea4676a57de44d76f76c.tiff,True,True
4df489a9cfb4d30f8613a9dcdcdb6697,D:\prostat\train_images\4df489a9cfb4d30f8613a9dcdcdb6697.tiff,True,True
2cd0a5200034022b5e594f200bb8073d,D:\prostat\train_images\2cd0a5200034022b5e594f200bb8073d.tiff,True,True
01a5e35b1ae21f3cfbe100b4b6aef451,D:\prostat\train_images\01a5e35b1ae21f3cfbe100b4b6aef451.tiff,True,True
addd75f7f9ff775fa34e6a1d7b0b3f46,D:\prostat\train_images\addd75f7f9ff775fa34e6a1d7b0b3f46.tiff,True,True
4e043062905b6c64b1835bd9b22321ba,D:\prostat\train_images\4e043062905b6c64b1835bd9b22321ba.tiff,True,True
637816ad02733d3306ae64bd0d2b6bee,D:\prostat\train_images\637816ad02733d3306ae64bd0d2b6bee.tiff,True,True
75c9a85b2ccc5d3739e3853b07e8e740,D:\prostat\train_images\75c9a85b2ccc5d3739e3853b07e8e740.tiff,True,True
d9d9d64870b78f0bd2be305777f95e52,D:\prostat\train_images\d9d9d64870b78f0bd2be305777f95e52.tiff,True,True
79605f6c2dcd76ceee9a3ab3c3b7dc4b,D:\prostat\train_images\79605f6c2dcd76ceee9a3ab3c3b7dc4b.tiff,True,True
5f30a88461b86ff36af412fc490a0f69,D:\prostat\train_images\5f30a88461b86ff36af412fc490a0f69.tiff,True,True
f55f2ee739e6885b33a64d5171b7706c,D:\prostat\train_images\f55f2ee739e6885b33a64d5171b7706c.tiff,True,True
367f122e80bcd0bffc02f6a04c1d8234,D:\prostat\train_images\367f122e80bcd0bffc02f6a04c1d8234.tiff,True,True
dcf83f047a81fd697ef3af3e27ed0ec6,D:\prostat\train_images\dcf83f047a81fd697ef3af3e27ed0ec6.tiff,True,True
339af1c837c6046bcf11ef8f6ee7a3c3,D:\prostat\train_images\339af1c837c6046bcf11ef8f6ee7a3c3.tiff,True,True
8adde008fe7f97d5bf11b602b89a6377,D:\prostat\train_images\8adde008fe7f97d5bf11b602b89a6377.tiff,True,True
ad1592d1b4b1f734e59a92f5ebef305b,D:\prostat\train_images\ad1592d1b4b1f734e59a92f5ebef305b.tiff,True,True
4a4926a13345cbedb54d6762e4ab0132,D:\prostat\train_images\4a4926a13345cbedb54d6762e4ab0132.tiff,True,True
e2d98ec7b49a8786775c4ad6e6662eee,D:\prostat\train_images\e2d98ec7b49a8786775c4ad6e6662eee.tiff,True,True
fbee536cc1352614dda57bcf0786f387,D:\prostat\train_images\fbee536cc1352614dda57bcf0786f387.tiff,True,True
cbe58732cb94078090d6a35b712e19d8,D:\prostat\train_images\cbe58732cb94078090d6a35b712e19d8.tiff,True,True
e98b389d622e68214eb092efe5ba8345,D:\prostat\train_images\e98b389d622e68214eb092efe5ba8345.tiff,True,True
1e5b35728a6af734a4723f480bafafa9,D:\prostat\train_images\1e5b35728a6af734a4723f480bafafa9.tiff,True,True
7fac99586c7c32c1aedd474598ccc9ae,D:\prostat\train_images\7fac99586c7c32c1aedd474598ccc9ae.tiff,True,True
884f20408db7e6c39b69e4eb8e048e35,D:\prostat\train_images\884f20408db7e6c39b69e4eb8e048e35.tiff,True,True
150b3dd8a42745a633ff7a5ec9faeb5f,D:\prostat\train_images\150b3dd8a42745a633ff7a5ec9faeb5f.tiff,True,True
0838c82917cd9af681df249264d2769c,D:\prostat\train_images\0838c82917cd9af681df249264d2769c.tiff,True,True
294017fb97e4fec299eb8e83fd2d3be2,D:\prostat\train_images\294017fb97e4fec299eb8e83fd2d3be2.tiff,True,True
f2f8cceffb465c40558be00452ebe833,D:\prostat\train_images\f2f8cceffb465c40558be00452ebe833.tiff,True,True
e6463d94a7f03e713daef4287faef5a4,D:\prostat\train_images\e6463d94a7f03e713daef4287faef5a4.tiff,True,True
545c6237342e0a0d2a6af3d06296ac44,D:\prostat\train_images\545c6237342e0a0d2a6af3d06296ac44.tiff,True,True
7e81ad62302e6eabe1230d2d9d604881,D:\prostat\train_images\7e81ad62302e6eabe1230d2d9d604881.tiff,True,True
287de3ae1fa63dec27e7b5f42cfe7c66,D:\prostat\train_images\287de3ae1fa63dec27e7b5f42cfe7c66.tiff,True,True
3b1559e5fc7d3efe4dc30643a660e6be,D:\prostat\train_images\3b1559e5fc7d3efe4dc30643a660e6be.tiff,True,True
0e50d62c5d764fabebe2a05877bbdef6,D:\prostat\train_images\0e50d62c5d764fabebe2a05877bbdef6.tiff,True,True
73ef865e4905cc6276f0123c87af0882,D:\prostat\train_images\73ef865e4905cc6276f0123c87af0882.tiff,True,True
ccd8233766596e1c14e70f77740b87b5,D:\prostat\train_images\ccd8233766596e1c14e70f77740b87b5.tiff,True,True
444ef94933b8b3cf2560688a9dadc004,D:\prostat\train_images\444ef94933b8b3cf2560688a9dadc004.tiff,True,True
7661a735826854e0f106a93768439452,D:\prostat\train_images\7661a735826854e0f106a93768439452.tiff,True,True
3640375a493273c06682ef7a77e483c0,D:\prostat\train_images\3640375a493273c06682ef7a77e483c0.tiff,True,True
75e041fb7c1d1188888c2010c856095b,D:\prostat\train_images\75e041fb7c1d1188888c2010c856095b.tiff,True,True
4010e2f5597c66cfedeff01bf890fac4,D:\prostat\train_images\4010e2f5597c66cfedeff01bf890fac4.tiff,True,True
63b975bcb48f646d7d48bcb0d5e16b98,D:\prostat\train_images\63b975bcb48f646d7d48bcb0d5e16b98.tiff,True,True
ef64f74aa019c3a6638c469ef0e44c57,D:\prostat\train_images\ef64f74aa019c3a6638c469ef0e44c57.tiff,True,True
b376949adfafff2fd24c30c4cd27dd58,D:\prostat\train_images\b376949adfafff2fd24c30c4cd27dd58.tiff,True,True
8be88cbd606502cf980f721d57c1c794,D:\prostat\train_images\8be88cbd606502cf980f721d57c1c794.tiff,True,True
0db426156d588a5bb0b6036ac0465be0,D:\prostat\train_images\0db426156d588a5bb0b6036ac0465be0.tiff,True,True
c7793b26c758ddf3e9d6561c31d394d4,D:\prostat\train_images\c7793b26c758ddf3e9d6561c31d394d4.tiff,True,True
3848fce177d0cc469f4ca60d802445af,D:\prostat\train_images\3848fce177d0cc469f4ca60d802445af.tiff,True,True
38c56b3621847c17b9cd91046d5fdb5c,D:\prostat\train_images\38c56b3621847c17b9cd91046d5fdb5c.tiff,True,True
235c5e6cd107a96be0670d71e72ebc6d,D:\prostat\train_images\235c5e6cd107a96be0670d71e72ebc6d.tiff,True,True
45b722a9c968f995fcc13d1e59cbcc88,D:\prostat\train_images\45b722a9c968f995fcc13d1e59cbcc88.tiff,True,True
26d4882a86307bc4701e0147738aa320,D:\prostat\train_images\26d4882a86307bc4701e0147738aa320.tiff,True,True
d27cfb2b30e4b435f0d0e38997050988,D:\prostat\train_images\d27cfb2b30e4b435f0d0e38997050988.tiff,True,True
9c6f467ce81f20c99c0254250fb745c6,D:\prostat\train_images\9c6f467ce81f20c99c0254250fb745c6.tiff,True,True
4730b9f5b855da483a7c7a18c06c3366,D:\prostat\train_images\4730b9f5b855da483a7c7a18c06c3366.tiff,True,True
f1f6a8a8721fef9d9fd6542f2ca31858,D:\prostat\train_images\f1f6a8a8721fef9d9fd6542f2ca31858.tiff,True,True
d54a086123963adeb84c160160bac353,D:\prostat\train_images\d54a086123963adeb84c160160bac353.tiff,True,True
01faa9d3bc7a2464c7b6d71ea904970f,D:\prostat\train_images\01faa9d3bc7a2464c7b6d71ea904970f.tiff,True,True
7a059d43b8f1c7c231a2257df8a1a9cb,D:\prostat\train_images\7a059d43b8f1c7c231a2257df8a1a9cb.tiff,True,True
f9241d87de38038254befbe22ef4b139,D:\prostat\train_images\f9241d87de38038254befbe22ef4b139.tiff,True,True
1c96795fe1c10e5bdd3911731edfc623,D:\prostat\train_images\1c96795fe1c10e5bdd3911731edfc623.tiff,True,True
2f4bc629d9e354e52c5b7625ff7af929,D:\prostat\train_images\2f4bc629d9e354e52c5b7625ff7af929.tiff,True,True
2a8b2bd072020a502c3fbc8acb651172,D:\prostat\train_images\2a8b2bd072020a502c3fbc8acb651172.tiff,True,True
2a1a6a11e1eca0c26b102832b362a5f3,D:\prostat\train_images\2a1a6a11e1eca0c26b102832b362a5f3.tiff,True,True
4a098862c27f299e7e674542148286b6,D:\prostat\train_images\4a098862c27f299e7e674542148286b6.tiff,True,True
5a1c715386006065330b45f52e394aba,D:\prostat\train_images\5a1c715386006065330b45f52e394aba.tiff,True,True
33151b1492b83b7ee5fe34789fc1dc03,D:\prostat\train_images\33151b1492b83b7ee5fe34789fc1dc03.tiff,True,True
762a82c19ca0324ee1fba2b8fad35534,D:\prostat\train_images\762a82c19ca0324ee1fba2b8fad35534.tiff,True,True
c44346e3cf95312b241df6bb578ed119,D:\prostat\train_images\c44346e3cf95312b241df6bb578ed119.tiff,True,True
9a3ad5844e796a97e725de8fa7518144,D:\prostat\train_images\9a3ad5844e796a97e725de8fa7518144.tiff,True,True
2edf6cc7696c91d86eb86413fa9c82d7,D:\prostat\train_images\2edf6cc7696c91d86eb86413fa9c82d7.tiff,True,True
8299e52f9a53b39407d0950456562add,D:\prostat\train_images\8299e52f9a53b39407d0950456562add.tiff,True,True
d2ddf3569a3480f94bccb1c995efd8ec,D:\prostat\train_images\d2ddf3569a3480f94bccb1c995efd8ec.tiff,True,True
2325cbe32251cf6efe75a15e756493af,D:\prostat\train_images\2325cbe32251cf6efe75a15e756493af.tiff,True,True
9ff5174e805b5b30ebf11119ef72002d,D:\prostat\train_images\9ff5174e805b5b30ebf11119ef72002d.tiff,True,True
117322874280c217ec357f6de7b5c77f,D:\prostat\train_images\117322874280c217ec357f6de7b5c77f.tiff,True,True
21708bb4798bdebb4bffb7414bce44cd,D:\prostat\train_images\21708bb4798bdebb4bffb7414bce44cd.tiff,True,True
e31d9b2e94f0a5774796a8e8affe0180,D:\prostat\train_images\e31d9b2e94f0a5774796a8e8affe0180.tiff,True,True
63f857539684850528531dc73ded627e,D:\prostat\train_images\63f857539684850528531dc73ded627e.tiff,True,True
979f4dc560d37b8ed26dbc8064b85f18,D:\prostat\train_images\979f4dc560d37b8ed26dbc8064b85f18.tiff,True,True
231c7be81560497b2015a0b9a9a04d32,D:\prostat\train_images\231c7be81560497b2015a0b9a9a04d32.tiff,True,True
2de0597cbb7af462bfdb7b1c4f935248,D:\prostat\train_images\2de0597cbb7af462bfdb7b1c4f935248.tiff,True,True
774c9b631a29f191836b1078a6c3a67c,D:\prostat\train_images\774c9b631a29f191836b1078a6c3a67c.tiff,True,True
1a54fe096ab9492e54984e3e4b3a02d8,D:\prostat\train_images\1a54fe096ab9492e54984e3e4b3a02d8.tiff,True,True
9d78412658c86a13866f804ce8284f75,D:\prostat\train_images\9d78412658c86a13866f804ce8284f75.tiff,True,True
4ec11bb76ae0ea613a8137379dfea508,D:\prostat\train_images\4ec11bb76ae0ea613a8137379dfea508.tiff,True,True
95e9c34837f160db3ba8e0eddc5c2e80,D:\prostat\train_images\95e9c34837f160db3ba8e0eddc5c2e80.tiff,True,True
9ad778a5756c42441beb803ad8318fec,D:\prostat\train_images\9ad778a5756c42441beb803ad8318fec.tiff,True,True
378f0ea443c45b7cb1cb8e0cc86a5992,D:\prostat\train_images\378f0ea443c45b7cb1cb8e0cc86a5992.tiff,True,True
4e1ea77ee544e8702ea538a2e5fd4877,D:\prostat\train_images\4e1ea77ee544e8702ea538a2e5fd4877.tiff,True,True
f653a47f9ec6465f92f08db9385e89ac,D:\prostat\train_images\f653a47f9ec6465f92f08db9385e89ac.tiff,True,True
ada83813085876c62c8bf0481f1693cf,D:\prostat\train_images\ada83813085876c62c8bf0481f1693cf.tiff,True,True
4e60bebc14d01b30a0873ba7ee026dac,D:\prostat\train_images\4e60bebc14d01b30a0873ba7ee026dac.tiff,True,True
bddf66c4edd97a2ca159d611ad3039ed,D:\prostat\train_images\bddf66c4edd97a2ca159d611ad3039ed.tiff,True,True
d6301bdca437747a39ae971d5ad60aed,D:\prostat\train_images\d6301bdca437747a39ae971d5ad60aed.tiff,True,True
e0df25d68711d044c43e0612d185732c,D:\prostat\train_images\e0df25d68711d044c43e0612d185732c.tiff,True,True
88865c437104f76ab06759737ced0cb9,D:\prostat\train_images\88865c437104f76ab06759737ced0cb9.tiff,True,True
29e8b967adbf884c2660762866e364eb,D:\prostat\train_images\29e8b967adbf884c2660762866e364eb.tiff,True,True
6ad47e443a0aa5454dd965a108d38c32,D:\prostat\train_images\6ad47e443a0aa5454dd965a108d38c32.tiff,True,True
f0c0e15dbcf050dddb8dd1d03fd07533,D:\prostat\train_images\f0c0e15dbcf050dddb8dd1d03fd07533.tiff,True,True
54ceb058fa9693e181b997ccb6d51e2e,D:\prostat\train_images\54ceb058fa9693e181b997ccb6d51e2e.tiff,True,True
68fddc3487a506126daa6342d3d31fd5,D:\prostat\train_images\68fddc3487a506126daa6342d3d31fd5.tiff,True,True
641b0cfd4b0c41a9c89d34c1a985b44e,D:\prostat\train_images\641b0cfd4b0c41a9c89d34c1a985b44e.tiff,True,True
e8112c562edb4b184ba3c05b3708cb95,D:\prostat\train_images\e8112c562edb4b184ba3c05b3708cb95.tiff,True,True
6a5cc0b66b8d4af9c13f1303c6de5ffb,D:\prostat\train_images\6a5cc0b66b8d4af9c13f1303c6de5ffb.tiff,True,True
2673584f9398ce0acb21a86a1a711088,D:\prostat\train_images\2673584f9398ce0acb21a86a1a711088.tiff,True,True
4031bad3ffbcd79f42330f3853bec9b2,D:\prostat\train_images\4031bad3ffbcd79f42330f3853bec9b2.tiff,True,True
c6aaacd8596e722608ac744e7355c0b3,D:\prostat\train_images\c6aaacd8596e722608ac744e7355c0b3.tiff,True,True
58c59865a2b61e6dcd15fdd75c03f8ce,D:\prostat\train_images\58c59865a2b61e6dcd15fdd75c03f8ce.tiff,True,True
862919abd02ee14b4f8d87071fc129fa,D:\prostat\train_images\862919abd02ee14b4f8d87071fc129fa.tiff,True,True
80177c3829c0b3551b5f025d4ced0c5d,D:\prostat\train_images\80177c3829c0b3551b5f025d4ced0c5d.tiff,True,True
591a3db736f25c66b1261f01615e599b,D:\prostat\train_images\591a3db736f25c66b1261f01615e599b.tiff,True,True
00ed4dbf9af6cc102e04cc9a42b313e2,D:\prostat\train_images\00ed4dbf9af6cc102e04cc9a42b313e2.tiff,True,True
fab7172275db33a4e186e6deeb435a7b,D:\prostat\train_images\fab7172275db33a4e186e6deeb435a7b.tiff,True,True
6410f699e086d1ca5d6ed48d16991112,D:\prostat\train_images\6410f699e086d1ca5d6ed48d16991112.tiff,True,True
fcf954f576b072584d4271144e57f6d3,D:\prostat\train_images\fcf954f576b072584d4271144e57f6d3.tiff,True,True
6372e988e276e2b77a2ce257ed1b21aa,D:\prostat\train_images\6372e988e276e2b77a2ce257ed1b21aa.tiff,True,True
a00490d2957a82f8ee606fa0391666bc,D:\prostat\train_images\a00490d2957a82f8ee606fa0391666bc.tiff,True,True
da02528d2ac0b705067ad134179791d2,D:\prostat\train_images\da02528d2ac0b705067ad134179791d2.tiff,True,True
c756f85302c24df011743d63b5282d58,D:\prostat\train_images\c756f85302c24df011743d63b5282d58.tiff,True,True
4b6bda9f84d5ceb4ba81db95e382933c,D:\prostat\train_images\4b6bda9f84d5ceb4ba81db95e382933c.tiff,True,True
60b46e491d5aa1cadeac8e97ec073c6e,D:\prostat\train_images\60b46e491d5aa1cadeac8e97ec073c6e.tiff,True,True
944145f2933819f15c2c06746e839e97,D:\prostat\train_images\944145f2933819f15c2c06746e839e97.tiff,True,True
70fa73960db8729c176876aefff96562,D:\prostat\train_images\70fa73960db8729c176876aefff96562.tiff,True,True
1e150406bd29518c7c0bd1e8efd28705,D:\prostat\train_images\1e150406bd29518c7c0bd1e8efd28705.tiff,True,True
a3e1e3c26c6abb4c6a8f4df1a7a17a06,D:\prostat\train_images\a3e1e3c26c6abb4c6a8f4df1a7a17a06.tiff,True,True
e07f1b310d1a857c0c755fddfa07902a,D:\prostat\train_images\e07f1b310d1a857c0c755fddfa07902a.tiff,True,True
4f6d00fc5062b2c16038af6558fb2cee,D:\prostat\train_images\4f6d00fc5062b2c16038af6558fb2cee.tiff,True,True
9bc88ce8ad471cce57ed97cd33cb7f35,D:\prostat\train_images\9bc88ce8ad471cce57ed97cd33cb7f35.tiff,True,True
2f0a9b15f067539455c1a5548a114f78,D:\prostat\train_images\2f0a9b15f067539455c1a5548a114f78.tiff,True,True
9c181659ec10a2d3c0d61ce45ef6d16b,D:\prostat\train_images\9c181659ec10a2d3c0d61ce45ef6d16b.tiff,True,True
46bf558b24bcdfe1f3ae711b02b53a63,D:\prostat\train_images\46bf558b24bcdfe1f3ae711b02b53a63.tiff,True,True
aa8ee3fd85494e92cc6595f97d42dc6a,D:\prostat\train_images\aa8ee3fd85494e92cc6595f97d42dc6a.tiff,True,True
e7ec6453face5f38923755adeeda2677,D:\prostat\train_images\e7ec6453face5f38923755adeeda2677.tiff,True,True
061054331a952dd1c9df45c283d756b0,D:\prostat\train_images\061054331a952dd1c9df45c283d756b0.tiff,True,True
9c4e536fce834eef41a9d029af5193f8,D:\prostat\train_images\9c4e536fce834eef41a9d029af5193f8.tiff,True,True
69187b17ca2488b677f9a79e44654277,D:\prostat\train_images\69187b17ca2488b677f9a79e44654277.tiff,True,True
6751cb7d31cd06d4f9ac9ff32a8e60b1,D:\prostat\train_images\6751cb7d31cd06d4f9ac9ff32a8e60b1.tiff,True,True
028dc05d52d1dd336952a437f2852a0a,D:\prostat\train_images\028dc05d52d1dd336952a437f2852a0a.tiff,True,True
58381ead397bcae5aaf3572455872b3e,D:\prostat\train_images\58381ead397bcae5aaf3572455872b3e.tiff,True,True
5e117814dbbf7ffc4b9eea0ca1f52f5f,D:\prostat\train_images\5e117814dbbf7ffc4b9eea0ca1f52f5f.tiff,True,True
ca0aebc5cee6bc82416face9227ea416,D:\prostat\train_images\ca0aebc5cee6bc82416face9227ea416.tiff,True,True
ee5e98f996430e0ba9152fafb562596e,D:\prostat\train_images\ee5e98f996430e0ba9152fafb562596e.tiff,True,True
a8321af1b53320df308a2dd4554fff52,D:\prostat\train_images\a8321af1b53320df308a2dd4554fff52.tiff,True,True
bea318414669361662bf0d03bcb9e996,D:\prostat\train_images\bea318414669361662bf0d03bcb9e996.tiff,True,True
1e4a12af1b4c664a5f7c2b4460a1aead,D:\prostat\train_images\1e4a12af1b4c664a5f7c2b4460a1aead.tiff,True,True
2013de8f585f3ef670ac9355bebd930b,D:\prostat\train_images\2013de8f585f3ef670ac9355bebd930b.tiff,True,True
c0b74d23f8502804f3e047ff5129a57b,D:\prostat\train_images\c0b74d23f8502804f3e047ff5129a57b.tiff,True,True
c681fa95a9361c347afb66028b70a1ea,D:\prostat\train_images\c681fa95a9361c347afb66028b70a1ea.tiff,True,True
138385f6db299b22afc13ea6da682c8d,D:\prostat\train_images\138385f6db299b22afc13ea6da682c8d.tiff,True,True
83f3b246bdbd51ed830877c3991bf7ca,D:\prostat\train_images\83f3b246bdbd51ed830877c3991bf7ca.tiff,True,True
89ce8e0a494db9c7ddc68dbf58729c68,D:\prostat\train_images\89ce8e0a494db9c7ddc68dbf58729c68.tiff,True,True
a9635e180394f1ed176bed3581cac969,D:\prostat\train_images\a9635e180394f1ed176bed3581cac969.tiff,True,True
fb309a153bd6130905df294059e57c5d,D:\prostat\train_images\fb309a153bd6130905df294059e57c5d.tiff,True,True
c7e159377563c722314bcef3e9537c10,D:\prostat\train_images\c7e159377563c722314bcef3e9537c10.tiff,True,True
180e2320aefbf3dfecab785446bc555b,D:\prostat\train_images\180e2320aefbf3dfecab785446bc555b.tiff,True,True
2e75d8e70ab893203aafbd1444d7ebe7,D:\prostat\train_images\2e75d8e70ab893203aafbd1444d7ebe7.tiff,True,True
8c8089988706688445a7a3ebb90c8e0a,D:\prostat\train_images\8c8089988706688445a7a3ebb90c8e0a.tiff,True,True
17be66f0581d62f5df1a4df6a3f2954a,D:\prostat\train_images\17be66f0581d62f5df1a4df6a3f2954a.tiff,True,True
4b22c4bbfb4c64cb76db6f0319dacc8f,D:\prostat\train_images\4b22c4bbfb4c64cb76db6f0319dacc8f.tiff,True,True
edac2fa7eb6c5e893625800c4aeea7e3,D:\prostat\train_images\edac2fa7eb6c5e893625800c4aeea7e3.tiff,True,True
c8256e146b829a1a63f9658d5f879704,D:\prostat\train_images\c8256e146b829a1a63f9658d5f879704.tiff,True,True
298d780b37c48a65e22016e482978113,D:\prostat\train_images\298d780b37c48a65e22016e482978113.tiff,True,True
fbf1493e0d0f80318eb52c41d91f2180,D:\prostat\train_images\fbf1493e0d0f80318eb52c41d91f2180.tiff,True,True
e162a1681d6e6ab5bf85a7eb71ef7f95,D:\prostat\train_images\e162a1681d6e6ab5bf85a7eb71ef7f95.tiff,True,True
872dc7b2f6261284df1088e4ef2f8256,D:\prostat\train_images\872dc7b2f6261284df1088e4ef2f8256.tiff,True,True
e751701e415e67adf2496bba14863d34,D:\prostat\train_images\e751701e415e67adf2496bba14863d34.tiff,True,True
acd9afcc1ca7c5ad56bf3a16f831b291,D:\prostat\train_images\acd9afcc1ca7c5ad56bf3a16f831b291.tiff,True,True
38a223dada7f3cf7e108d661bb19f6e0,D:\prostat\train_images\38a223dada7f3cf7e108d661bb19f6e0.tiff,True,True
08f12f69f71b3b4c3c45eafbd710b156,D:\prostat\train_images\08f12f69f71b3b4c3c45eafbd710b156.tiff,True,True
4ccf0ed8147b12fd0214ef72b3f574b9,D:\prostat\train_images\4ccf0ed8147b12fd0214ef72b3f574b9.tiff,True,True
c84fea3b1bf5a15085976b66ba0877dc,D:\prostat\train_images\c84fea3b1bf5a15085976b66ba0877dc.tiff,True,True
e46cd9a60e519442571060be59a55149,D:\prostat\train_images\e46cd9a60e519442571060be59a55149.tiff,True,True
063db632c0ad279c9602070bea1d8dae,D:\prostat\train_images\063db632c0ad279c9602070bea1d8dae.tiff,True,True
067a25212e4e5b9eab412c274ae16df6,D:\prostat\train_images\067a25212e4e5b9eab412c274ae16df6.tiff,True,True
a408bd35cb44b141bf67fe60e72561b3,D:\prostat\train_images\a408bd35cb44b141bf67fe60e72561b3.tiff,True,True
c90ff920893db6baf9f53f1259297535,D:\prostat\train_images\c90ff920893db6baf9f53f1259297535.tiff,True,True
fbec7a11045c409213445c592bdadfae,D:\prostat\train_images\fbec7a11045c409213445c592bdadfae.tiff,True,True
1736f312a48e3f3129f0251edeaa893e,D:\prostat\train_images\1736f312a48e3f3129f0251edeaa893e.tiff,True,True
8fa7f6ad508c78ef7dbd621d579350b8,D:\prostat\train_images\8fa7f6ad508c78ef7dbd621d579350b8.tiff,True,True
feef5163846ed7e60b2faef14e91de09,D:\prostat\train_images\feef5163846ed7e60b2faef14e91de09.tiff,True,True
9fbd2b9d9b4c1f0b811515ea0d762d61,D:\prostat\train_images\9fbd2b9d9b4c1f0b811515ea0d762d61.tiff,True,True
95ceba057707ca5624053399bd2f14db,D:\prostat\train_images\95ceba057707ca5624053399bd2f14db.tiff,True,True
f9e7b42fd5a1fd18683a846ddfa94c8c,D:\prostat\train_images\f9e7b42fd5a1fd18683a846ddfa94c8c.tiff,True,True
243111debafd72d448a03ca22a0be2d7,D:\prostat\train_images\243111debafd72d448a03ca22a0be2d7.tiff,True,True
e479a841de401149c4f149ebe92cec7e,D:\prostat\train_images\e479a841de401149c4f149ebe92cec7e.tiff,True,True
644fd820f63428eddc8e4f180e99c345,D:\prostat\train_images\644fd820f63428eddc8e4f180e99c345.tiff,True,True
5c4baef054d63b3b93c99a885fc94fac,D:\prostat\train_images\5c4baef054d63b3b93c99a885fc94fac.tiff,True,True
d1ec2a1c9426ba4bcd9a5bb5fd047ee9,D:\prostat\train_images\d1ec2a1c9426ba4bcd9a5bb5fd047ee9.tiff,True,True
781406b2bb43d49316a967d4dad3fbb4,D:\prostat\train_images\781406b2bb43d49316a967d4dad3fbb4.tiff,True,True
7a06c24907b5a0474a182905cb0c8dae,D:\prostat\train_images\7a06c24907b5a0474a182905cb0c8dae.tiff,True,True
a54c950714ffed6411b859ac44766467,D:\prostat\train_images\a54c950714ffed6411b859ac44766467.tiff,True,True
532779ee14c90e573b4d5c99cd63f757,D:\prostat\train_images\532779ee14c90e573b4d5c99cd63f757.tiff,True,True
eac2bfcf6b1dd7733ab9e2f31452e5bd,D:\prostat\train_images\eac2bfcf6b1dd7733ab9e2f31452e5bd.tiff,True,True
3efcd150bd22aecb8a7d7899dc11b27c,D:\prostat\train_images\3efcd150bd22aecb8a7d7899dc11b27c.tiff,True,True
ec31746a04ca87e961b4b9d4d6f6bd60,D:\prostat\train_images\ec31746a04ca87e961b4b9d4d6f6bd60.tiff,True,True
31a2c62376a98ed5062bbe72a92b3541,D:\prostat\train_images\31a2c62376a98ed5062bbe72a92b3541.tiff,True,True
50a2d366ac2a7467c3a7aea06cb1a676,D:\prostat\train_images\50a2d366ac2a7467c3a7aea06cb1a676.tiff,True,True
6d174dadcbe33bd57700d2bdbac60f8f,D:\prostat\train_images\6d174dadcbe33bd57700d2bdbac60f8f.tiff,True,True
b22a805186b5c95212db780854e5d2fe,D:\prostat\train_images\b22a805186b5c95212db780854e5d2fe.tiff,True,True
d367d2ae429c9f746a3b0fce1f845b63,D:\prostat\train_images\d367d2ae429c9f746a3b0fce1f845b63.tiff,True,True
6540bdf21df5d3694dc4d3165339d8c0,D:\prostat\train_images\6540bdf21df5d3694dc4d3165339d8c0.tiff,True,True
c4fb78f4b25153789d8c8b22b938d322,D:\prostat\train_images\c4fb78f4b25153789d8c8b22b938d322.tiff,True,True
26f57dc441fe3aeb40c8ab299e49137e,D:\prostat\train_images\26f57dc441fe3aeb40c8ab299e49137e.tiff,True,True
adb134cdca78025db20a3607f72edc92,D:\prostat\train_images\adb134cdca78025db20a3607f72edc92.tiff,True,True
fda9062ed96a20721634b82e5751c559,D:\prostat\train_images\fda9062ed96a20721634b82e5751c559.tiff,True,True
32482eca51f84c3b0e5729f68490fbb9,D:\prostat\train_images\32482eca51f84c3b0e5729f68490fbb9.tiff,True,True
4a7a70d00251af024d70dab5a7e8d228,D:\prostat\train_images\4a7a70d00251af024d70dab5a7e8d228.tiff,True,True
b9d7f39fa0980b37d7c53d01934695f3,D:\prostat\train_images\b9d7f39fa0980b37d7c53d01934695f3.tiff,True,True
00a97615a51ba4c475bdec8505623bf9,D:\prostat\train_images\00a97615a51ba4c475bdec8505623bf9.tiff,True,True
71866d9b0216c9023de83ef2f9906cb8,D:\prostat\train_images\71866d9b0216c9023de83ef2f9906cb8.tiff,True,True
003a91841da04a5a31f808fb5c21538a,D:\prostat\train_images\003a91841da04a5a31f808fb5c21538a.tiff,True,True
1cb4a7d3594586b84849e63b828de968,D:\prostat\train_images\1cb4a7d3594586b84849e63b828de968.tiff,True,True
5b2c1fcb4a370400b64df671560fb733,D:\prostat\train_images\5b2c1fcb4a370400b64df671560fb733.tiff,True,True
9d4c5ce00066b0d774020a40d307c974,D:\prostat\train_images\9d4c5ce00066b0d774020a40d307c974.tiff,True,True
3fa1e5427fd312f27072d99cb14a63d3,D:\prostat\train_images\3fa1e5427fd312f27072d99cb14a63d3.tiff,True,True
bf8c6536be863b2e21d467ade2972889,D:\prostat\train_images\bf8c6536be863b2e21d467ade2972889.tiff,True,True
389853c7149f7007e467b20351b1f552,D:\prostat\train_images\389853c7149f7007e467b20351b1f552.tiff,True,True
e66a6092ff332e6516c879a4986f8a8a,D:\prostat\train_images\e66a6092ff332e6516c879a4986f8a8a.tiff,True,True
4c2cd386eaccb895f13687d0bb37c5aa,D:\prostat\train_images\4c2cd386eaccb895f13687d0bb37c5aa.tiff,True,True
64463f7b842c077b705e42f2dec8aec5,D:\prostat\train_images\64463f7b842c077b705e42f2dec8aec5.tiff,True,True
f373a5772e30bd514a81f02f04d4d973,D:\prostat\train_images\f373a5772e30bd514a81f02f04d4d973.tiff,True,True
b97714e3e07e57a9bfc005fc830a1723,D:\prostat\train_images\b97714e3e07e57a9bfc005fc830a1723.tiff,True,True
bd70c30d44284585a6de70e61813fa4b,D:\prostat\train_images\bd70c30d44284585a6de70e61813fa4b.tiff,True,True
7e6194d098fcf07efafbe3803cb4c321,D:\prostat\train_images\7e6194d098fcf07efafbe3803cb4c321.tiff,True,True
5071ecad7048bcc543cad7ed3f8496fc,D:\prostat\train_images\5071ecad7048bcc543cad7ed3f8496fc.tiff,True,True
b3f95c218c30f8837966918de5568f00,D:\prostat\train_images\b3f95c218c30f8837966918de5568f00.tiff,True,True
be7a589fc7d001393041a9a2fc9c9c5d,D:\prostat\train_images\be7a589fc7d001393041a9a2fc9c9c5d.tiff,True,True
1ebba2e4d644831ac586b7bda5eda313,D:\prostat\train_images\1ebba2e4d644831ac586b7bda5eda313.tiff,True,True
44a18e239f8354b5347d91855a2508bd,D:\prostat\train_images\44a18e239f8354b5347d91855a2508bd.tiff,True,True
f3efb47e8aa4c9c9f2a4cf9cae2431a5,D:\prostat\train_images\f3efb47e8aa4c9c9f2a4cf9cae2431a5.tiff,True,True
115bd4dfe4bfd01f17f11c13eb61a77c,D:\prostat\train_images\115bd4dfe4bfd01f17f11c13eb61a77c.tiff,True,True
f1079a2a43462e7cbaa60faec097b2f6,D:\prostat\train_images\f1079a2a43462e7cbaa60faec097b2f6.tiff,True,True
18eb49f9b5f5b45b3a93717ec10bfd7e,D:\prostat\train_images\18eb49f9b5f5b45b3a93717ec10bfd7e.tiff,True,True
a0b7d920c249437e4e7aea315df4a0a0,D:\prostat\train_images\a0b7d920c249437e4e7aea315df4a0a0.tiff,True,True
52385ac03a42f5ba4629f4c486abe591,D:\prostat\train_images\52385ac03a42f5ba4629f4c486abe591.tiff,True,True
fbc9a26a3d51bab4d032b1273fd5edf9,D:\prostat\train_images\fbc9a26a3d51bab4d032b1273fd5edf9.tiff,True,True
318f7ac852fb7911436ad2d6aa48dea9,D:\prostat\train_images\318f7ac852fb7911436ad2d6aa48dea9.tiff,True,True
befafdac95e8e497f11df8c2d997a989,D:\prostat\train_images\befafdac95e8e497f11df8c2d997a989.tiff,True,True
a00b1407e3d554b729ce61295cb62da4,D:\prostat\train_images\a00b1407e3d554b729ce61295cb62da4.tiff,True,True
62de6f2b44980a0b7d2a926f828446b1,D:\prostat\train_images\62de6f2b44980a0b7d2a926f828446b1.tiff,True,True
7545bb72e9432d63018ce7cc1c0ad80b,D:\prostat\train_images\7545bb72e9432d63018ce7cc1c0ad80b.tiff,True,True
fac926289d51ddb79e2739d2b075d627,D:\prostat\train_images\fac926289d51ddb79e2739d2b075d627.tiff,True,True
916fdbaf13e4d2cf296f9b4298509fba,D:\prostat\train_images\916fdbaf13e4d2cf296f9b4298509fba.tiff,True,True
3a565cdeac048c3fafbba7b913061689,D:\prostat\train_images\3a565cdeac048c3fafbba7b913061689.tiff,True,True
56a882d88e118dcb77a63bfdbdf0b716,D:\prostat\train_images\56a882d88e118dcb77a63bfdbdf0b716.tiff,True,True
1131645a3637519663bd25b10778f048,D:\prostat\train_images\1131645a3637519663bd25b10778f048.tiff,True,True
04cc6bb8a2b8b3620e4f1b01af1e8269,D:\prostat\train_images\04cc6bb8a2b8b3620e4f1b01af1e8269.tiff,True,True
3b56a9aa8513f7510315549ac025c54c,D:\prostat\train_images\3b56a9aa8513f7510315549ac025c54c.tiff,True,True
5e397c08480a57e65d45fdc3aa18399c,D:\prostat\train_images\5e397c08480a57e65d45fdc3aa18399c.tiff,True,True
b6cfaa5506591d265e3a6202b4b30310,D:\prostat\train_images\b6cfaa5506591d265e3a6202b4b30310.tiff,True,True
444dad085af757af17180f00e77fc1f3,D:\prostat\train_images\444dad085af757af17180f00e77fc1f3.tiff,True,True
6d5c07d90c18669e961483005a6a8a7b,D:\prostat\train_images\6d5c07d90c18669e961483005a6a8a7b.tiff,True,True
db6d351561cec54486ab371f4faf3b40,D:\prostat\train_images\db6d351561cec54486ab371f4faf3b40.tiff,True,True
6976004fb0e04f4435b0e1e127032881,D:\prostat\train_images\6976004fb0e04f4435b0e1e127032881.tiff,True,True
84ac33bcd6d2f5efd71db64edf8dcd8b,D:\prostat\train_images\84ac33bcd6d2f5efd71db64edf8dcd8b.tiff,True,True
3db32216102af6f7106c9124bf71d097,D:\prostat\train_images\3db32216102af6f7106c9124bf71d097.tiff,True,True
142bb88e0db1abb959a792eb24b646be,D:\prostat\train_images\142bb88e0db1abb959a792eb24b646be.tiff,True,True
ff0f8705f77b14b2a84b498933adf18a,D:\prostat\train_images\ff0f8705f77b14b2a84b498933adf18a.tiff,True,True
c5a32c937e25c87604d960166767411e,D:\prostat\train_images\c5a32c937e25c87604d960166767411e.tiff,True,True
c6d87f56f56c456d38f3b6967eb21eab,D:\prostat\train_images\c6d87f56f56c456d38f3b6967eb21eab.tiff,True,True
c29a172145a30a79b05c6f0216a1dbef,D:\prostat\train_images\c29a172145a30a79b05c6f0216a1dbef.tiff,True,True
11312ffaf33b8252eef70f9274d540ac,D:\prostat\train_images\11312ffaf33b8252eef70f9274d540ac.tiff,True,True
401b94094eae879be1760beada10743f,D:\prostat\train_images\401b94094eae879be1760beada10743f.tiff,True,True
00a26aaa82c959624d90dfb69fcf259c,D:\prostat\train_images\00a26aaa82c959624d90dfb69fcf259c.tiff,True,True
7a2980fb744ca6ea7a9b5d9fa4d838bb,D:\prostat\train_images\7a2980fb744ca6ea7a9b5d9fa4d838bb.tiff,True,True
aea0dc89fbdd0bbca975eb440b55d3c1,D:\prostat\train_images\aea0dc89fbdd0bbca975eb440b55d3c1.tiff,True,True
376ef68c69c0f8d101868342a2d50b55,D:\prostat\train_images\376ef68c69c0f8d101868342a2d50b55.tiff,True,True
abf623f6f7c184855e3ddc607a75bad1,D:\prostat\train_images\abf623f6f7c184855e3ddc607a75bad1.tiff,True,True
e3c973ccb8b37ad37da0acd96be64830,D:\prostat\train_images\e3c973ccb8b37ad37da0acd96be64830.tiff,True,True
fe1f503420d2d5c4a723ef6c2e7efb1d,D:\prostat\train_images\fe1f503420d2d5c4a723ef6c2e7efb1d.tiff,True,True
010f9df31ea44191c106d8226eaf46fb,D:\prostat\train_images\010f9df31ea44191c106d8226eaf46fb.tiff,True,True
e4e8ee3d5d5ddfff49f6f12077146b33,D:\prostat\train_images\e4e8ee3d5d5ddfff49f6f12077146b33.tiff,True,True
1832ae9a1efe869a99284ae7f98f744f,D:\prostat\train_images\1832ae9a1efe869a99284ae7f98f744f.tiff,True,True
a4edf7a1424c33511b31ce8b541c76e2,D:\prostat\train_images\a4edf7a1424c33511b31ce8b541c76e2.tiff,True,True
c76877d174f7020e6194d6b06aec770a,D:\prostat\train_images\c76877d174f7020e6194d6b06aec770a.tiff,True,True
7624415370e093d21a25464df6b3fbff,D:\prostat\train_images\7624415370e093d21a25464df6b3fbff.tiff,True,True
eb81e4b7cf069e0660b747b0da1aa1a7,D:\prostat\train_images\eb81e4b7cf069e0660b747b0da1aa1a7.tiff,True,True
d6fbeba66fdfeaf442343cfd6f844a77,D:\prostat\train_images\d6fbeba66fdfeaf442343cfd6f844a77.tiff,True,True
2be0fecc99253c5c199d478c1f655579,D:\prostat\train_images\2be0fecc99253c5c199d478c1f655579.tiff,True,True
e528d21e5e6c87a9a1579214f6ec345d,D:\prostat\train_images\e528d21e5e6c87a9a1579214f6ec345d.tiff,True,True
c2e76da97811429e9127de90ec307700,D:\prostat\train_images\c2e76da97811429e9127de90ec307700.tiff,True,True
84d0f286cb639e7ceb3b185c62776100,D:\prostat\train_images\84d0f286cb639e7ceb3b185c62776100.tiff,True,True
d5f066d179ba659ba25b2a6846619356,D:\prostat\train_images\d5f066d179ba659ba25b2a6846619356.tiff,True,True
56cb71724a6188fe0eecd70153a2bc63,D:\prostat\train_images\56cb71724a6188fe0eecd70153a2bc63.tiff,True,True
198fa06f052feedc1684e42829c137fc,D:\prostat\train_images\198fa06f052feedc1684e42829c137fc.tiff,True,True
3b537df59920e10d46f14627abcd3227,D:\prostat\train_images\3b537df59920e10d46f14627abcd3227.tiff,True,True
c8b125a6ec7dae848e5a0617cbb395f7,D:\prostat\train_images\c8b125a6ec7dae848e5a0617cbb395f7.tiff,True,True
e3b2b156b3ce1119b4e56debb48b91ae,D:\prostat\train_images\e3b2b156b3ce1119b4e56debb48b91ae.tiff,True,True
b35a329a109e2b210463e639c8141f39,D:\prostat\train_images\b35a329a109e2b210463e639c8141f39.tiff,True,True
2e5002e01c53488e4f40c4a68b3cd4b6,D:\prostat\train_images\2e5002e01c53488e4f40c4a68b3cd4b6.tiff,True,True
77e6971aea24697a8ab12490aba58aab,D:\prostat\train_images\77e6971aea24697a8ab12490aba58aab.tiff,True,True
33f9166b614aff651d1f0cb240dc98af,D:\prostat\train_images\33f9166b614aff651d1f0cb240dc98af.tiff,True,True
035b1edd3d1aeeffc77ce5d248a01a53,D:\prostat\train_images\035b1edd3d1aeeffc77ce5d248a01a53.tiff,True,True
cd5000b5145431a1c0883b7753df9c55,D:\prostat\train_images\cd5000b5145431a1c0883b7753df9c55.tiff,True,True
773e080a5857ba8c0669c435af2f1095,D:\prostat\train_images\773e080a5857ba8c0669c435af2f1095.tiff,True,True
e3f0542a702cef736b649df9a3a98e8c,D:\prostat\train_images\e3f0542a702cef736b649df9a3a98e8c.tiff,True,True
9459f98d4b344c82d5c9b45a7af81b53,D:\prostat\train_images\9459f98d4b344c82d5c9b45a7af81b53.tiff,True,True
4529b55616610e6206384be8245d1238,D:\prostat\train_images\4529b55616610e6206384be8245d1238.tiff,True,True
234fc34638b5b9a3a3ba25e514fd47f5,D:\prostat\train_images\234fc34638b5b9a3a3ba25e514fd47f5.tiff,True,True
594e8397dee44b86e26ba2afc5aa6cb1,D:\prostat\train_images\594e8397dee44b86e26ba2afc5aa6cb1.tiff,True,True
eb1f095d4c42b43b2263dc50203fb26c,D:\prostat\train_images\eb1f095d4c42b43b2263dc50203fb26c.tiff,True,True
971c7809d61b9389ac9359b72b95c1d6,D:\prostat\train_images\971c7809d61b9389ac9359b72b95c1d6.tiff,True,True
4c7ab20052bb5e2a11e998f4b8936898,D:\prostat\train_images\4c7ab20052bb5e2a11e998f4b8936898.tiff,True,True
f4a2a254cf460782d206fb9909c668ce,D:\prostat\train_images\f4a2a254cf460782d206fb9909c668ce.tiff,True,True
17186646a2ce2b1697b6d3cc8d32344b,D:\prostat\train_images\17186646a2ce2b1697b6d3cc8d32344b.tiff,True,True
afba29a2f7c57d2f2f1f0806f14001ba,D:\prostat\train_images\afba29a2f7c57d2f2f1f0806f14001ba.tiff,True,True
8e393fd8642026c8c4b899d7ddeadcf4,D:\prostat\train_images\8e393fd8642026c8c4b899d7ddeadcf4.tiff,True,True
f2d2bf5ba62bbc2dcd973520a6953f57,D:\prostat\train_images\f2d2bf5ba62bbc2dcd973520a6953f57.tiff,True,True
d9e1c1d1a921643ca69e280e3cdfec08,D:\prostat\train_images\d9e1c1d1a921643ca69e280e3cdfec08.tiff,True,True
55c836a2684cfeb94928d662a52344d5,D:\prostat\train_images\55c836a2684cfeb94928d662a52344d5.tiff,True,True
49b5f3ca83f207b2848770101cacb82f,D:\prostat\train_images\49b5f3ca83f207b2848770101cacb82f.tiff,True,True
68ed043642fc8749303ec2a03e143ec7,D:\prostat\train_images\68ed043642fc8749303ec2a03e143ec7.tiff,True,True
37f5f5eeed547c62c951aee3ecdc97ee,D:\prostat\train_images\37f5f5eeed547c62c951aee3ecdc97ee.tiff,True,True
c5bc1e0b75ef839ab9ea078324f0f272,D:\prostat\train_images\c5bc1e0b75ef839ab9ea078324f0f272.tiff,True,True
9f465a610ff3a6712bda746f7c624dad,D:\prostat\train_images\9f465a610ff3a6712bda746f7c624dad.tiff,True,True
cbf88cd3846a62ae84c565808b9b5bd0,D:\prostat\train_images\cbf88cd3846a62ae84c565808b9b5bd0.tiff,True,True
060656fabe162dbdef7e4c520068d2f0,D:\prostat\train_images\060656fabe162dbdef7e4c520068d2f0.tiff,True,True
7544fad7b4026bc2d67c7ef68183abad,D:\prostat\train_images\7544fad7b4026bc2d67c7ef68183abad.tiff,True,True
8cbc1d87857d1bc3eac98e09b7e10a3d,D:\prostat\train_images\8cbc1d87857d1bc3eac98e09b7e10a3d.tiff,True,True
dca769d431e4b8b64a5c72d6a8663738,D:\prostat\train_images\dca769d431e4b8b64a5c72d6a8663738.tiff,True,True
8d2b245c0b16c142dcd57fa32cbc6d86,D:\prostat\train_images\8d2b245c0b16c142dcd57fa32cbc6d86.tiff,True,True
9fdc67635e14822c347061fd50f40939,D:\prostat\train_images\9fdc67635e14822c347061fd50f40939.tiff,True,True
106bc932dfebc6ffb887fe799f01caab,D:\prostat\train_images\106bc932dfebc6ffb887fe799f01caab.tiff,True,True
004f6b3a66189b4e88b6a01ba19d7d31,D:\prostat\train_images\004f6b3a66189b4e88b6a01ba19d7d31.tiff,True,True
308d663fc07a63cf1650b8ece0b26565,D:\prostat\train_images\308d663fc07a63cf1650b8ece0b26565.tiff,True,True
bc11ea87ebca072c04df741c44aeafb6,D:\prostat\train_images\bc11ea87ebca072c04df741c44aeafb6.tiff,True,True
114e7c13474be685062ffdb3ac3f56c8,D:\prostat\train_images\114e7c13474be685062ffdb3ac3f56c8.tiff,True,True
3e82e6ca41e6bb8dc98c7006d5ccdba4,D:\prostat\train_images\3e82e6ca41e6bb8dc98c7006d5ccdba4.tiff,True,True
c129618431d0a7f63cf0c8e6c6da82c4,D:\prostat\train_images\c129618431d0a7f63cf0c8e6c6da82c4.tiff,True,True
8cd79170b9a39ff09db077594b8ef415,D:\prostat\train_images\8cd79170b9a39ff09db077594b8ef415.tiff,True,True
f88c1d0470a3d754ee8bfd47f5fa1ab5,D:\prostat\train_images\f88c1d0470a3d754ee8bfd47f5fa1ab5.tiff,True,True
7c0c6effa413bf976a309753c40f8bbe,D:\prostat\train_images\7c0c6effa413bf976a309753c40f8bbe.tiff,True,True
901d2acd51382d7568fd83389f704888,D:\prostat\train_images\901d2acd51382d7568fd83389f704888.tiff,True,True
8db3ab06b4efd9c799bb2eb1e3e0289d,D:\prostat\train_images\8db3ab06b4efd9c799bb2eb1e3e0289d.tiff,True,True
168105faabc838069792b436feb6416e,D:\prostat\train_images\168105faabc838069792b436feb6416e.tiff,True,True
e4d241c25e1d63b25a01beebc53fc0a2,D:\prostat\train_images\e4d241c25e1d63b25a01beebc53fc0a2.tiff,True,True
35e09396b1a536c593466d45285c7d85,D:\prostat\train_images\35e09396b1a536c593466d45285c7d85.tiff,True,True
3a851ba3a38cbaeddb0d5dc9bbe5db3c,D:\prostat\train_images\3a851ba3a38cbaeddb0d5dc9bbe5db3c.tiff,True,True
45e4d790cac8e1728ee364ea0d31d1c5,D:\prostat\train_images\45e4d790cac8e1728ee364ea0d31d1c5.tiff,True,True
cb74b2651f529e460f2a169b5ea176b4,D:\prostat\train_images\cb74b2651f529e460f2a169b5ea176b4.tiff,True,True
f236820cf87ca90929a81b8f4b2a3e3e,D:\prostat\train_images\f236820cf87ca90929a81b8f4b2a3e3e.tiff,True,True
3498ec4b282659968e291e8840c943dc,D:\prostat\train_images\3498ec4b282659968e291e8840c943dc.tiff,True,True
775abecd4e7149acd83c9c3c55e2834c,D:\prostat\train_images\775abecd4e7149acd83c9c3c55e2834c.tiff,True,True
4e8d7f8d403847cc6c2f08d80f4ba223,D:\prostat\train_images\4e8d7f8d403847cc6c2f08d80f4ba223.tiff,True,True
89fbdb6764c16e5901842b67da4b34c1,D:\prostat\train_images\89fbdb6764c16e5901842b67da4b34c1.tiff,True,True
b30b101c780f77ea4259357bc22ff1a8,D:\prostat\train_images\b30b101c780f77ea4259357bc22ff1a8.tiff,True,True
357bb7135ffd688bbd6ae0efc984342e,D:\prostat\train_images\357bb7135ffd688bbd6ae0efc984342e.tiff,True,True
c712026c5327cb58b470cd7e97982427,D:\prostat\train_images\c712026c5327cb58b470cd7e97982427.tiff,True,True
f07854a61eb5e86065f13e7e0c1456b9,D:\prostat\train_images\f07854a61eb5e86065f13e7e0c1456b9.tiff,True,True
37eee15d48b6ed3bad02ccd749c2409c,D:\prostat\train_images\37eee15d48b6ed3bad02ccd749c2409c.tiff,True,True
e187fc91f755db1d0885f19a0b333523,D:\prostat\train_images\e187fc91f755db1d0885f19a0b333523.tiff,True,True
0186f4811c9d089707d9dc7460160d88,D:\prostat\train_images\0186f4811c9d089707d9dc7460160d88.tiff,True,True
886682be4f834c17abfcbd5137374279,D:\prostat\train_images\886682be4f834c17abfcbd5137374279.tiff,True,True
995df9b93db1e396b57692c6c7f1d673,D:\prostat\train_images\995df9b93db1e396b57692c6c7f1d673.tiff,True,True
d1de8d4b1b39a0daeb0038f93931665d,D:\prostat\train_images\d1de8d4b1b39a0daeb0038f93931665d.tiff,True,True
0684ccb184e2d459dbc06cb350da4293,D:\prostat\train_images\0684ccb184e2d459dbc06cb350da4293.tiff,True,True
f70ed8ca14b13611e197cf07aae8f5f1,D:\prostat\train_images\f70ed8ca14b13611e197cf07aae8f5f1.tiff,True,True
db63c8584fb19a4425c8c80d86217af7,D:\prostat\train_images\db63c8584fb19a4425c8c80d86217af7.tiff,True,True
4c4c624b8db2f481703c4ee6dea58bc2,D:\prostat\train_images\4c4c624b8db2f481703c4ee6dea58bc2.tiff,True,True
a6ba6423d654ae961d730c72a1a2f50f,D:\prostat\train_images\a6ba6423d654ae961d730c72a1a2f50f.tiff,True,True
e38f5947aa294d2b77c418f265817e3b,D:\prostat\train_images\e38f5947aa294d2b77c418f265817e3b.tiff,True,True
d1baa7e7eae6ec14a7342a27ab6a4b37,D:\prostat\train_images\d1baa7e7eae6ec14a7342a27ab6a4b37.tiff,True,True
5ea330d8b0924c0a4d0619ad49c6dd28,D:\prostat\train_images\5ea330d8b0924c0a4d0619ad49c6dd28.tiff,True,True
081326594b296d372b9dd3e8af82350a,D:\prostat\train_images\081326594b296d372b9dd3e8af82350a.tiff,True,True
18d067c6e901818fd873836a73e927e2,D:\prostat\train_images\18d067c6e901818fd873836a73e927e2.tiff,True,True
f2196dcfec3027846cdd304448f28fa5,D:\prostat\train_images\f2196dcfec3027846cdd304448f28fa5.tiff,True,True
a712e62023246ce138c377b93660ee69,D:\prostat\train_images\a712e62023246ce138c377b93660ee69.tiff,True,True
8b93842839ad38d60ff614c4c2985b96,D:\prostat\train_images\8b93842839ad38d60ff614c4c2985b96.tiff,True,True
f58f8cb8bd83644f21b052a526d69afe,D:\prostat\train_images\f58f8cb8bd83644f21b052a526d69afe.tiff,True,True
d676924aa4d2c3259e47e91955fe161f,D:\prostat\train_images\d676924aa4d2c3259e47e91955fe161f.tiff,True,True
e6e7517d1d5ca7249c6fe106f4e7bb6c,D:\prostat\train_images\e6e7517d1d5ca7249c6fe106f4e7bb6c.tiff,True,True
bc3ea73616f606f303527da9e52796c8,D:\prostat\train_images\bc3ea73616f606f303527da9e52796c8.tiff,True,True
58accdf477bd85e51be2e67c291b0896,D:\prostat\train_images\58accdf477bd85e51be2e67c291b0896.tiff,True,True
b8e6ad3dfea934569a772b61c88202da,D:\prostat\train_images\b8e6ad3dfea934569a772b61c88202da.tiff,True,True
59949a9304b8d4678e55709ef9cf1d8a,D:\prostat\train_images\59949a9304b8d4678e55709ef9cf1d8a.tiff,True,True
78a2c729590d6919ab84be24e27c94a1,D:\prostat\train_images\78a2c729590d6919ab84be24e27c94a1.tiff,True,True
94357950df8207565fbe7d59a3084a1c,D:\prostat\train_images\94357950df8207565fbe7d59a3084a1c.tiff,True,True
ba07ed13e035af4f49a9d6830685024c,D:\prostat\train_images\ba07ed13e035af4f49a9d6830685024c.tiff,True,True
5ffcce68d2c246abbaf30aedc7f37848,D:\prostat\train_images\5ffcce68d2c246abbaf30aedc7f37848.tiff,True,True
bc117bdb69ef663346ffe9e93d995657,D:\prostat\train_images\bc117bdb69ef663346ffe9e93d995657.tiff,True,True
0b5f952f3a5bf6885d7230acd5cbf720,D:\prostat\train_images\0b5f952f3a5bf6885d7230acd5cbf720.tiff,True,True
660b6dbddfd14ab406f3d6b0e573f038,D:\prostat\train_images\660b6dbddfd14ab406f3d6b0e573f038.tiff,True,True
ba42e3610dee7ac11740da6709ca5161,D:\prostat\train_images\ba42e3610dee7ac11740da6709ca5161.tiff,True,True
8f3594bd4bd9f8209fe59b965b431963,D:\prostat\train_images\8f3594bd4bd9f8209fe59b965b431963.tiff,True,True
eea7a758b49d5765cc9a8fe2ed6599fc,D:\prostat\train_images\eea7a758b49d5765cc9a8fe2ed6599fc.tiff,True,True
b09d495590251a1a6abab4b781265a1d,D:\prostat\train_images\b09d495590251a1a6abab4b781265a1d.tiff,True,True
fd3b376d8b119c3a43e93e57710616fd,D:\prostat\train_images\fd3b376d8b119c3a43e93e57710616fd.tiff,True,True
226301ee1193716a8079c58d8669b4f9,D:\prostat\train_images\226301ee1193716a8079c58d8669b4f9.tiff,True,True
f6fcdf840d82229dee867cc75a7dd721,D:\prostat\train_images\f6fcdf840d82229dee867cc75a7dd721.tiff,True,True
32f0241a4fbafab0850770a4832678c2,D:\prostat\train_images\32f0241a4fbafab0850770a4832678c2.tiff,True,True
29a1168a223e589bb808ac09c36c1d56,D:\prostat\train_images\29a1168a223e589bb808ac09c36c1d56.tiff,True,True
ef3b99675c116b6572cd8694ee1dd808,D:\prostat\train_images\ef3b99675c116b6572cd8694ee1dd808.tiff,True,True
27f7f9411439cd55a744e007227cb76f,D:\prostat\train_images\27f7f9411439cd55a744e007227cb76f.tiff,True,True
6c3599d5faf73b34fe8d64fac9368483,D:\prostat\train_images\6c3599d5faf73b34fe8d64fac9368483.tiff,True,True
a7cfc2043ca954c4295c895a39c16d58,D:\prostat\train_images\a7cfc2043ca954c4295c895a39c16d58.tiff,True,True
a51ad75de73b4fae8900363d758bea87,D:\prostat\train_images\a51ad75de73b4fae8900363d758bea87.tiff,True,True
365b34d59b0132366fd9feb0138ca7ff,D:\prostat\train_images\365b34d59b0132366fd9feb0138ca7ff.tiff,True,True
b7c1e11deb6156a5a79298b14669b4e1,D:\prostat\train_images\b7c1e11deb6156a5a79298b14669b4e1.tiff,True,True
ca4796a46bde379a1a364d992fa07217,D:\prostat\train_images\ca4796a46bde379a1a364d992fa07217.tiff,True,True
7ff087f115da59175d26c39b123e6162,D:\prostat\train_images\7ff087f115da59175d26c39b123e6162.tiff,True,True
44ad3d75a543fb590a02a328811a8d51,D:\prostat\train_images\44ad3d75a543fb590a02a328811a8d51.tiff,True,True
2665dd5db932525f171f931c16112c65,D:\prostat\train_images\2665dd5db932525f171f931c16112c65.tiff,True,True
a40897dff1e0113123134af05cd3cc65,D:\prostat\train_images\a40897dff1e0113123134af05cd3cc65.tiff,True,True
46bfacbd9cbb1ec7c4cd069e234cec51,D:\prostat\train_images\46bfacbd9cbb1ec7c4cd069e234cec51.tiff,True,True
d8b611006a6b9a4dfd31032107923951,D:\prostat\train_images\d8b611006a6b9a4dfd31032107923951.tiff,True,True
56b528601b6b868a62fd4d73a1a0d74f,D:\prostat\train_images\56b528601b6b868a62fd4d73a1a0d74f.tiff,True,True
dd0790e07f87653482414f27785c593d,D:\prostat\train_images\dd0790e07f87653482414f27785c593d.tiff,True,True
9fa42d765e1d7d376d4fddc4c590ab37,D:\prostat\train_images\9fa42d765e1d7d376d4fddc4c590ab37.tiff,True,True
600a7b8ec7c5e6b21eb9b12b86eb1b4a,D:\prostat\train_images\600a7b8ec7c5e6b21eb9b12b86eb1b4a.tiff,True,True
9888f3ac3710823171421e5a5164b8de,D:\prostat\train_images\9888f3ac3710823171421e5a5164b8de.tiff,True,True
513540cba1445676334e1a17a3d95ff0,D:\prostat\train_images\513540cba1445676334e1a17a3d95ff0.tiff,True,True
d6e746190b273d090aba70ccbdcf503c,D:\prostat\train_images\d6e746190b273d090aba70ccbdcf503c.tiff,True,True
738c961280912c67a489723fedffe882,D:\prostat\train_images\738c961280912c67a489723fedffe882.tiff,True,True
b4f14cae24e001bad06e5a7e42f1002b,D:\prostat\train_images\b4f14cae24e001bad06e5a7e42f1002b.tiff,True,True
5ef0bfdc969fb9d7bbadab5f9c10a3da,D:\prostat\train_images\5ef0bfdc969fb9d7bbadab5f9c10a3da.tiff,True,True
024ed1244a6d817358cedaea3783bbde,D:\prostat\train_images\024ed1244a6d817358cedaea3783bbde.tiff,True,True
572dfb66b55586fb4a4a2e9322130928,D:\prostat\train_images\572dfb66b55586fb4a4a2e9322130928.tiff,True,True
6a523275e30b19c0390655b278716b58,D:\prostat\train_images\6a523275e30b19c0390655b278716b58.tiff,True,True
6453282676ea9860497c7abe7c368c20,D:\prostat\train_images\6453282676ea9860497c7abe7c368c20.tiff,True,True
6ccda6558efc23072abea3e08bec5168,D:\prostat\train_images\6ccda6558efc23072abea3e08bec5168.tiff,True,True
c785544bb2e401f81d5b10b377ce829b,D:\prostat\train_images\c785544bb2e401f81d5b10b377ce829b.tiff,True,True
d325814c0e52495c8909878358961df3,D:\prostat\train_images\d325814c0e52495c8909878358961df3.tiff,True,True
76a8ff1f9493e07c2e6cd013e3ee0d49,D:\prostat\train_images\76a8ff1f9493e07c2e6cd013e3ee0d49.tiff,True,True
fdf628a60de3bd9d3b9e924dd9974fde,D:\prostat\train_images\fdf628a60de3bd9d3b9e924dd9974fde.tiff,True,True
6eb0214c5c18d2925fce96792123ab5c,D:\prostat\train_images\6eb0214c5c18d2925fce96792123ab5c.tiff,True,True
b6bd9248ed2b894808d5a922f8c32d9f,D:\prostat\train_images\b6bd9248ed2b894808d5a922f8c32d9f.tiff,True,True
1b62979da20ae2bef863e859a964a65d,D:\prostat\train_images\1b62979da20ae2bef863e859a964a65d.tiff,True,True
f7f6589e380c4b29b30ea6c8d098e471,D:\prostat\train_images\f7f6589e380c4b29b30ea6c8d098e471.tiff,True,True
50c1a18ccd556a1cc34f3b21e34fe03d,D:\prostat\train_images\50c1a18ccd556a1cc34f3b21e34fe03d.tiff,True,True
34fa5161127ad3c7535fea02bb42e29b,D:\prostat\train_images\34fa5161127ad3c7535fea02bb42e29b.tiff,True,True
366cff575902d8a3e43cf0634e05d96c,D:\prostat\train_images\366cff575902d8a3e43cf0634e05d96c.tiff,True,True
f102169b07ee29e61ed6001725f076e7,D:\prostat\train_images\f102169b07ee29e61ed6001725f076e7.tiff,True,True
fa5a65d858a5cc0466e8c5a06b735499,D:\prostat\train_images\fa5a65d858a5cc0466e8c5a06b735499.tiff,True,True
365966c438c314e225b1c81cccacb187,D:\prostat\train_images\365966c438c314e225b1c81cccacb187.tiff,True,True
7657e325f5f8e11b05ea3428ba89b53d,D:\prostat\train_images\7657e325f5f8e11b05ea3428ba89b53d.tiff,True,True
9fb37ce7f60b8395a47599f2b2def47e,D:\prostat\train_images\9fb37ce7f60b8395a47599f2b2def47e.tiff,True,True
2905dd802e34908ca5fc64e3d08af1b6,D:\prostat\train_images\2905dd802e34908ca5fc64e3d08af1b6.tiff,True,True
98052e108edf90a5e0d327745ca0a2a0,D:\prostat\train_images\98052e108edf90a5e0d327745ca0a2a0.tiff,True,True
626469f984e371b3f674799c022a64ab,D:\prostat\train_images\626469f984e371b3f674799c022a64ab.tiff,True,True
909be30586dce24e6d7ff734a4572cee,D:\prostat\train_images\909be30586dce24e6d7ff734a4572cee.tiff,True,True
9aee8da9114ad6691c94054ca683777c,D:\prostat\train_images\9aee8da9114ad6691c94054ca683777c.tiff,True,True
87aa1a48a88f66a9619e32b545b3d2bd,D:\prostat\train_images\87aa1a48a88f66a9619e32b545b3d2bd.tiff,True,True
6b1293bfb8877f750a8cf054e4e0a29e,D:\prostat\train_images\6b1293bfb8877f750a8cf054e4e0a29e.tiff,True,True
6e229bc5d46c2bb07cb0ab6b64c30a48,D:\prostat\train_images\6e229bc5d46c2bb07cb0ab6b64c30a48.tiff,True,True
6e6c2361d595ec7d96bccb42051c0f4a,D:\prostat\train_images\6e6c2361d595ec7d96bccb42051c0f4a.tiff,True,True
f35466ac37a4bd2190e6aaf668f0dfbf,D:\prostat\train_images\f35466ac37a4bd2190e6aaf668f0dfbf.tiff,True,True
8e6046bcf8e5c9877075618ea526838b,D:\prostat\train_images\8e6046bcf8e5c9877075618ea526838b.tiff,True,True
184965d59df827467527b2241f2d06e2,D:\prostat\train_images\184965d59df827467527b2241f2d06e2.tiff,True,True
7989dc8593e576e3c44df1054d5d4686,D:\prostat\train_images\7989dc8593e576e3c44df1054d5d4686.tiff,True,True
d52ec58700702eb7df937ba9304ad2bc,D:\prostat\train_images\d52ec58700702eb7df937ba9304ad2bc.tiff,True,True
32411bf01125a6d4d930d4efd76b46a3,D:\prostat\train_images\32411bf01125a6d4d930d4efd76b46a3.tiff,True,True
d69244e15961cf6fb54d50a3baaaa46d,D:\prostat\train_images\d69244e15961cf6fb54d50a3baaaa46d.tiff,True,True
2b730c057bde4c56e79f693e3d577138,D:\prostat\train_images\2b730c057bde4c56e79f693e3d577138.tiff,True,True
bd95e87048a1d5303af08d98343498aa,D:\prostat\train_images\bd95e87048a1d5303af08d98343498aa.tiff,True,True
259e66de7ab753d9c36797b831ce518e,D:\prostat\train_images\259e66de7ab753d9c36797b831ce518e.tiff,True,True
c00d72fef06d9d2d0343adc9b855cfc9,D:\prostat\train_images\c00d72fef06d9d2d0343adc9b855cfc9.tiff,True,True
20f2fb898c462c1cb2104c90a0a73710,D:\prostat\train_images\20f2fb898c462c1cb2104c90a0a73710.tiff,True,True
1a083757c0cb74de08e3c02376732459,D:\prostat\train_images\1a083757c0cb74de08e3c02376732459.tiff,True,True
147269cb7bcf195c64d110a4d2c8987f,D:\prostat\train_images\147269cb7bcf195c64d110a4d2c8987f.tiff,True,True
a53a67696219b002aa38d0f425de817d,D:\prostat\train_images\a53a67696219b002aa38d0f425de817d.tiff,True,True
420afbed1eae86101d12b1b18a7e02b4,D:\prostat\train_images\420afbed1eae86101d12b1b18a7e02b4.tiff,True,True
f9b7996a1755170185f95ed4aeb07658,D:\prostat\train_images\f9b7996a1755170185f95ed4aeb07658.tiff,True,True
813a9dcf1078efd7086f5fdc2a0a313d,D:\prostat\train_images\813a9dcf1078efd7086f5fdc2a0a313d.tiff,True,True
1214680ab7c7ce4d1cc89b78a96010b8,D:\prostat\train_images\1214680ab7c7ce4d1cc89b78a96010b8.tiff,True,True
56595a1d570f2b10b5149b84a4767ce7,D:\prostat\train_images\56595a1d570f2b10b5149b84a4767ce7.tiff,True,True
282661ce17b00e09fff141cc827d6849,D:\prostat\train_images\282661ce17b00e09fff141cc827d6849.tiff,True,True
5ee927ed5d354f5f72e5d341276eb5be,D:\prostat\train_images\5ee927ed5d354f5f72e5d341276eb5be.tiff,True,True
736b0309ed30e790642114825ed25f7b,D:\prostat\train_images\736b0309ed30e790642114825ed25f7b.tiff,True,True
a996595380b54dc905dba46b751ec82f,D:\prostat\train_images\a996595380b54dc905dba46b751ec82f.tiff,True,True
06c686f7bd2d084201d635dcbba1baa7,D:\prostat\train_images\06c686f7bd2d084201d635dcbba1baa7.tiff,True,True
5fefc2506c90deddd4bd9854b52895c9,D:\prostat\train_images\5fefc2506c90deddd4bd9854b52895c9.tiff,True,True
b526ea7d50eead8c02fb3a4054fe34e5,D:\prostat\train_images\b526ea7d50eead8c02fb3a4054fe34e5.tiff,True,True
34decd8752d355a11b8428eef2c3b614,D:\prostat\train_images\34decd8752d355a11b8428eef2c3b614.tiff,True,True
de25838fbbd4c64febcac5c2a7c094bc,D:\prostat\train_images\de25838fbbd4c64febcac5c2a7c094bc.tiff,True,True
30dbd061bed3964c478e64269bb5870e,D:\prostat\train_images\30dbd061bed3964c478e64269bb5870e.tiff,True,True
4b2af68b112c6842e2fce65b9f69473a,D:\prostat\train_images\4b2af68b112c6842e2fce65b9f69473a.tiff,True,True
cf7f123c8b625d018cd97190a3fb3d51,D:\prostat\train_images\cf7f123c8b625d018cd97190a3fb3d51.tiff,True,True
bb11bbc200cb4a84814ddc37a78eeb98,D:\prostat\train_images\bb11bbc200cb4a84814ddc37a78eeb98.tiff,True,True
5312696946a2592c9e0f09a25f1d080b,D:\prostat\train_images\5312696946a2592c9e0f09a25f1d080b.tiff,True,True
0cb39c742b3ee31e25527b3d31991f09,D:\prostat\train_images\0cb39c742b3ee31e25527b3d31991f09.tiff,True,True
e02a4e6752db30ddfe21a7c2cab7470b,D:\prostat\train_images\e02a4e6752db30ddfe21a7c2cab7470b.tiff,True,True
6b356b6a114a7663f2dbe960f217601c,D:\prostat\train_images\6b356b6a114a7663f2dbe960f217601c.tiff,True,True
5a4ec1ea101e790664aeab41d54cbe75,D:\prostat\train_images\5a4ec1ea101e790664aeab41d54cbe75.tiff,True,True
ac1a8cf1f24d7640e0817d1f9c7492cd,D:\prostat\train_images\ac1a8cf1f24d7640e0817d1f9c7492cd.tiff,True,True
89cd386b165497663c49aa6f416d8dbd,D:\prostat\train_images\89cd386b165497663c49aa6f416d8dbd.tiff,True,True
35cc820298fb447703ab51875b3966d2,D:\prostat\train_images\35cc820298fb447703ab51875b3966d2.tiff,True,True
af19419c91142ecb32673de460b8d556,D:\prostat\train_images\af19419c91142ecb32673de460b8d556.tiff,True,True
3da455f62efb63e1e64c998ce6b40333,D:\prostat\train_images\3da455f62efb63e1e64c998ce6b40333.tiff,True,True
98b3643c066287fc7f2418dfb7317dba,D:\prostat\train_images\98b3643c066287fc7f2418dfb7317dba.tiff,True,True
24db83be28dcd7f40d311c2b2cfeb78c,D:\prostat\train_images\24db83be28dcd7f40d311c2b2cfeb78c.tiff,True,True
a778ef2839b7492090564d78367aaddb,D:\prostat\train_images\a778ef2839b7492090564d78367aaddb.tiff,True,True
8e8067699657d35ca314a76b3892307b,D:\prostat\train_images\8e8067699657d35ca314a76b3892307b.tiff,True,True
ba79259f809a3397afb951e3f604bd90,D:\prostat\train_images\ba79259f809a3397afb951e3f604bd90.tiff,True,True
47ef18a50c1eaabc451a8083e0f6d4b7,D:\prostat\train_images\47ef18a50c1eaabc451a8083e0f6d4b7.tiff,True,True
8679a305ae1cb7b2ed35c30529650e47,D:\prostat\train_images\8679a305ae1cb7b2ed35c30529650e47.tiff,True,True
d4f9cc7d8f83db9394cd95be9eb10b00,D:\prostat\train_images\d4f9cc7d8f83db9394cd95be9eb10b00.tiff,True,True
1b22bd5100d6a2d9f0f826fce3222d4f,D:\prostat\train_images\1b22bd5100d6a2d9f0f826fce3222d4f.tiff,True,True
daf178053958c9d2e71a7c7bb9c3fbb7,D:\prostat\train_images\daf178053958c9d2e71a7c7bb9c3fbb7.tiff,True,True
45960112d5ceb77e4e61c68028bfb160,D:\prostat\train_images\45960112d5ceb77e4e61c68028bfb160.tiff,True,True
251e12eeb15fcbbd0a39cd7928c74345,D:\prostat\train_images\251e12eeb15fcbbd0a39cd7928c74345.tiff,True,True
3bed1fb91d2096de25888d9e162254d5,D:\prostat\train_images\3bed1fb91d2096de25888d9e162254d5.tiff,True,True
54ce318108d4c1b9a721ecf571400f1d,D:\prostat\train_images\54ce318108d4c1b9a721ecf571400f1d.tiff,True,True
77c6467a0d8f88ea46a6544c06b092b1,D:\prostat\train_images\77c6467a0d8f88ea46a6544c06b092b1.tiff,True,True
f84d60e83be2e1bbfdb1885a668bf3ba,D:\prostat\train_images\f84d60e83be2e1bbfdb1885a668bf3ba.tiff,True,True
8a15e39a80cc29a4fff8c650f93e7f5c,D:\prostat\train_images\8a15e39a80cc29a4fff8c650f93e7f5c.tiff,True,True
cf30df304e1b75bc28624ef1d5c2cf6e,D:\prostat\train_images\cf30df304e1b75bc28624ef1d5c2cf6e.tiff,True,True
91256e6ad32ae5faf424a89a30b7a849,D:\prostat\train_images\91256e6ad32ae5faf424a89a30b7a849.tiff,True,True
f77cd6d8098fc4709515606d0a1ade9a,D:\prostat\train_images\f77cd6d8098fc4709515606d0a1ade9a.tiff,True,True
a65bd71b4d413c0d11b8e39e792c11ea,D:\prostat\train_images\a65bd71b4d413c0d11b8e39e792c11ea.tiff,True,True
760f8945b00dc239d46a48bc34909eb6,D:\prostat\train_images\760f8945b00dc239d46a48bc34909eb6.tiff,True,True
644009d197e73a26659353807e116e84,D:\prostat\train_images\644009d197e73a26659353807e116e84.tiff,True,True
3047b934404ece85ce130d3f46572197,D:\prostat\train_images\3047b934404ece85ce130d3f46572197.tiff,True,True
7a40364bb1370598575caac647f1635f,D:\prostat\train_images\7a40364bb1370598575caac647f1635f.tiff,True,True
7baf8e46e8720b8b2d379d2ed3b776b2,D:\prostat\train_images\7baf8e46e8720b8b2d379d2ed3b776b2.tiff,True,True
035a5208729ef164213954598b8df75d,D:\prostat\train_images\035a5208729ef164213954598b8df75d.tiff,True,True
a3bf6f7cc8d798b1a4516f91837e4cdd,D:\prostat\train_images\a3bf6f7cc8d798b1a4516f91837e4cdd.tiff,True,True
ad7d7f899e2dce2e90e1fa7d9d332c44,D:\prostat\train_images\ad7d7f899e2dce2e90e1fa7d9d332c44.tiff,True,True
a297718b506a50b158f9ef2f2bce9e58,D:\prostat\train_images\a297718b506a50b158f9ef2f2bce9e58.tiff,True,True
f659baac19ec12b35f6df728c3ed3ec4,D:\prostat\train_images\f659baac19ec12b35f6df728c3ed3ec4.tiff,True,True
6a118195faa9b1d7cce6389372ad000b,D:\prostat\train_images\6a118195faa9b1d7cce6389372ad000b.tiff,True,True
5a33146b3a9f15e2e3fe5d52ea9df09c,D:\prostat\train_images\5a33146b3a9f15e2e3fe5d52ea9df09c.tiff,True,True
c7895d9d29c159cc4d57f07cf7d755b2,D:\prostat\train_images\c7895d9d29c159cc4d57f07cf7d755b2.tiff,True,True
1459943bf3862e70c71fe36be825aeaf,D:\prostat\train_images\1459943bf3862e70c71fe36be825aeaf.tiff,True,True
6f310463d3868e86be87adddeccdde19,D:\prostat\train_images\6f310463d3868e86be87adddeccdde19.tiff,True,True
28dedadd36e56681c6bdd7fe04297ac8,D:\prostat\train_images\28dedadd36e56681c6bdd7fe04297ac8.tiff,True,True
c982dc4f74dcfac91002598931c0b726,D:\prostat\train_images\c982dc4f74dcfac91002598931c0b726.tiff,True,True
92d9151ac1696151907d63db1116efa1,D:\prostat\train_images\92d9151ac1696151907d63db1116efa1.tiff,True,True
9bf048c56ab608b3020c7dd1a8120a73,D:\prostat\train_images\9bf048c56ab608b3020c7dd1a8120a73.tiff,True,True
02a2dcd6ad8bc1d9ad7fdc04ffb6dff3,D:\prostat\train_images\02a2dcd6ad8bc1d9ad7fdc04ffb6dff3.tiff,True,True
a51ad4ec379a9209c740025a6d410708,D:\prostat\train_images\a51ad4ec379a9209c740025a6d410708.tiff,True,True
d1b4359a8c2aad62e330ad3fb0a59eb7,D:\prostat\train_images\d1b4359a8c2aad62e330ad3fb0a59eb7.tiff,True,True
7269db31c46c18a2c42711373b7ac592,D:\prostat\train_images\7269db31c46c18a2c42711373b7ac592.tiff,True,True
f8fed3a0a18e9073248eaa126fd0a208,D:\prostat\train_images\f8fed3a0a18e9073248eaa126fd0a208.tiff,True,True
7a97453ba9d4e3722d28f11cda34e079,D:\prostat\train_images\7a97453ba9d4e3722d28f11cda34e079.tiff,True,True
d67b041b85b44bdde7dc852dcbc70033,D:\prostat\train_images\d67b041b85b44bdde7dc852dcbc70033.tiff,True,True
cff9b114b19d84d141a5c84dc930627d,D:\prostat\train_images\cff9b114b19d84d141a5c84dc930627d.tiff,True,True
78fa6eadfc403f3440ef91db24d387b6,D:\prostat\train_images\78fa6eadfc403f3440ef91db24d387b6.tiff,True,True
6c568690f107432f5666cd298c7a9014,D:\prostat\train_images\6c568690f107432f5666cd298c7a9014.tiff,True,True
ccb6c208e487f82032ab9c82883e4b31,D:\prostat\train_images\ccb6c208e487f82032ab9c82883e4b31.tiff,True,True
48440a60d18ab8e5a6f09de20a50bb27,D:\prostat\train_images\48440a60d18ab8e5a6f09de20a50bb27.tiff,True,True
b535981ef6a43250eea3c75e8b205751,D:\prostat\train_images\b535981ef6a43250eea3c75e8b205751.tiff,True,True
52c1702d27eed470507c4327b9ccd1b1,D:\prostat\train_images\52c1702d27eed470507c4327b9ccd1b1.tiff,True,True
151fd14ad2dee1c8292dfc3d211873ed,D:\prostat\train_images\151fd14ad2dee1c8292dfc3d211873ed.tiff,True,True
91b4d138c4615eda9484353968b9b0b3,D:\prostat\train_images\91b4d138c4615eda9484353968b9b0b3.tiff,True,True
375df231fdc9598606a966787173c056,D:\prostat\train_images\375df231fdc9598606a966787173c056.tiff,True,True
72bac273a1df78ff5d3c8628a95f8fba,D:\prostat\train_images\72bac273a1df78ff5d3c8628a95f8fba.tiff,True,True
8eb6325c279ad391cf4a54492db4c41a,D:\prostat\train_images\8eb6325c279ad391cf4a54492db4c41a.tiff,True,True
265e7f265773d27e1770a3cd3ce05677,D:\prostat\train_images\265e7f265773d27e1770a3cd3ce05677.tiff,True,True
f35124ad7e0c9d8537a8e57966c06445,D:\prostat\train_images\f35124ad7e0c9d8537a8e57966c06445.tiff,True,True
9f17dc61c028d8f3b160c2ccbfbf884c,D:\prostat\train_images\9f17dc61c028d8f3b160c2ccbfbf884c.tiff,True,True
915a1e409a2d3349835d09098e364658,D:\prostat\train_images\915a1e409a2d3349835d09098e364658.tiff,True,True
aca61df8852daa183fa8cbf30a2e8660,D:\prostat\train_images\aca61df8852daa183fa8cbf30a2e8660.tiff,True,True
f8afcfc27d12a46a36fe0150a56ee749,D:\prostat\train_images\f8afcfc27d12a46a36fe0150a56ee749.tiff,True,True
5740b936c0d44c94933f19203ad483ba,D:\prostat\train_images\5740b936c0d44c94933f19203ad483ba.tiff,True,True
21e9ed95b0e48b751b987794aa9cfd8d,D:\prostat\train_images\21e9ed95b0e48b751b987794aa9cfd8d.tiff,True,True
f436cd9ab8b665b5383ad15479fa9cfc,D:\prostat\train_images\f436cd9ab8b665b5383ad15479fa9cfc.tiff,True,True
44fb31e98723b6a45e5dd357d24c5587,D:\prostat\train_images\44fb31e98723b6a45e5dd357d24c5587.tiff,True,True
0f3ba8427d8b99f6cf18731f576617da,D:\prostat\train_images\0f3ba8427d8b99f6cf18731f576617da.tiff,True,True
83ff615957c966e2f9defbc4339196a3,D:\prostat\train_images\83ff615957c966e2f9defbc4339196a3.tiff,True,True
e4ddc57e6642607be5809a7fd02bd612,D:\prostat\train_images\e4ddc57e6642607be5809a7fd02bd612.tiff,True,True
47f34de873955e8e03e954e3882d747f,D:\prostat\train_images\47f34de873955e8e03e954e3882d747f.tiff,True,True
39e0f864a25b0498bf35d6d27e36d4f3,D:\prostat\train_images\39e0f864a25b0498bf35d6d27e36d4f3.tiff,True,True
b464d85e4e09357df39fe623cb28fd5d,D:\prostat\train_images\b464d85e4e09357df39fe623cb28fd5d.tiff,True,True
99962ae11ae7b8de3b7304c55b8581ab,D:\prostat\train_images\99962ae11ae7b8de3b7304c55b8581ab.tiff,True,True
0592a76b2a23cf43ceeb8888f36bed9c,D:\prostat\train_images\0592a76b2a23cf43ceeb8888f36bed9c.tiff,True,True
95ce6e0bcd89e1efb666a0c9fa3a1106,D:\prostat\train_images\95ce6e0bcd89e1efb666a0c9fa3a1106.tiff,True,True
50dca6da456cc4a4970e94207fb9e8d4,D:\prostat\train_images\50dca6da456cc4a4970e94207fb9e8d4.tiff,True,True
b6d692b8d90c1bd9273bc36690796a8e,D:\prostat\train_images\b6d692b8d90c1bd9273bc36690796a8e.tiff,True,True
5905e3c1f548ba9dfa8b314d95deafda,D:\prostat\train_images\5905e3c1f548ba9dfa8b314d95deafda.tiff,True,True
2ca08ec99224f03e8db1f92682ce82d0,D:\prostat\train_images\2ca08ec99224f03e8db1f92682ce82d0.tiff,True,True
77a014f1f7f9ca5f6f0b32f204d4ab59,D:\prostat\train_images\77a014f1f7f9ca5f6f0b32f204d4ab59.tiff,True,True
238caac47e3fa370cd45a03d494dd061,D:\prostat\train_images\238caac47e3fa370cd45a03d494dd061.tiff,True,True
2df70f54603d1288589dd36d562fd88a,D:\prostat\train_images\2df70f54603d1288589dd36d562fd88a.tiff,True,True
214c08ad1a6a368008dd62164e6d6ac3,D:\prostat\train_images\214c08ad1a6a368008dd62164e6d6ac3.tiff,True,True
0b4b960490879b7588a1d135fcf10fe7,D:\prostat\train_images\0b4b960490879b7588a1d135fcf10fe7.tiff,True,True
71abdfb52804bed1259c90f7b414e178,D:\prostat\train_images\71abdfb52804bed1259c90f7b414e178.tiff,True,True
421f3a986df6902d4d872a71bf93d6c5,D:\prostat\train_images\421f3a986df6902d4d872a71bf93d6c5.tiff,True,True
16daea5ca6d034bed70a0b972ffa8374,D:\prostat\train_images\16daea5ca6d034bed70a0b972ffa8374.tiff,True,True
2f491a451632c349642a575a9275f8d8,D:\prostat\train_images\2f491a451632c349642a575a9275f8d8.tiff,True,True
56aad0a72d0b575ed7a7c10c9a6aa0ed,D:\prostat\train_images\56aad0a72d0b575ed7a7c10c9a6aa0ed.tiff,True,True
31ecb175bcd8e4f9028b196d9fa42d3d,D:\prostat\train_images\31ecb175bcd8e4f9028b196d9fa42d3d.tiff,True,True
af7892dff8ad215ab59cbdb11cecbdf6,D:\prostat\train_images\af7892dff8ad215ab59cbdb11cecbdf6.tiff,True,True
a9602c1b9f465f9d3ca9f41084a6c64f,D:\prostat\train_images\a9602c1b9f465f9d3ca9f41084a6c64f.tiff,True,True
2a6c1b639b5a5d0f32b60d8874f517b6,D:\prostat\train_images\2a6c1b639b5a5d0f32b60d8874f517b6.tiff,True,True
c0db35440abdadea53ddf0f68fc68431,D:\prostat\train_images\c0db35440abdadea53ddf0f68fc68431.tiff,True,True
3d8afdc0aaa84acf0f6dec7cc35415b7,D:\prostat\train_images\3d8afdc0aaa84acf0f6dec7cc35415b7.tiff,True,True
8c72125b59c871657b90358f53dab131,D:\prostat\train_images\8c72125b59c871657b90358f53dab131.tiff,True,True
d77156c36bb14ea111fd2bfa22d8c9bc,D:\prostat\train_images\d77156c36bb14ea111fd2bfa22d8c9bc.tiff,True,True
ff1626f6c8a293bfde7583dcafde5d2c,D:\prostat\train_images\ff1626f6c8a293bfde7583dcafde5d2c.tiff,True,True
7eb79f3619425b7b26f3acb5de6c3fda,D:\prostat\train_images\7eb79f3619425b7b26f3acb5de6c3fda.tiff,True,True
b600f26e7bc2daf1917e4078496d37ac,D:\prostat\train_images\b600f26e7bc2daf1917e4078496d37ac.tiff,True,True
3f434f364fee7d817d8a7f32364670c4,D:\prostat\train_images\3f434f364fee7d817d8a7f32364670c4.tiff,True,True
280220720b546eacfa223edf513ec94e,D:\prostat\train_images\280220720b546eacfa223edf513ec94e.tiff,True,True
28c2858a4d611799f6748464e1eb825d,D:\prostat\train_images\28c2858a4d611799f6748464e1eb825d.tiff,True,True
cffe816dc2dae6fb3f918ed68148d26a,D:\prostat\train_images\cffe816dc2dae6fb3f918ed68148d26a.tiff,True,True
a9752cd05aa514a3102e9d8f0edeb8f7,D:\prostat\train_images\a9752cd05aa514a3102e9d8f0edeb8f7.tiff,True,True
5972250394f2673e5a8ba5fa29cd9754,D:\prostat\train_images\5972250394f2673e5a8ba5fa29cd9754.tiff,True,True
ba63dbc59e855af29d4ebab53063d296,D:\prostat\train_images\ba63dbc59e855af29d4ebab53063d296.tiff,True,True
29fe9e445bbf0c9d84aec6799cbba4a5,D:\prostat\train_images\29fe9e445bbf0c9d84aec6799cbba4a5.tiff,True,True
23dd7d82c52f1518ac5fe3324c5e8809,D:\prostat\train_images\23dd7d82c52f1518ac5fe3324c5e8809.tiff,True,True
bd2272491323c5b546c210316e6209b5,D:\prostat\train_images\bd2272491323c5b546c210316e6209b5.tiff,True,True
69a64d49e142407d3512c068889c0490,D:\prostat\train_images\69a64d49e142407d3512c068889c0490.tiff,True,True
3a29c247ba9bea6c502265d526f76202,D:\prostat\train_images\3a29c247ba9bea6c502265d526f76202.tiff,True,True
321b013478d7d444ba897b75e9f71805,D:\prostat\train_images\321b013478d7d444ba897b75e9f71805.tiff,True,True
d84c84c7e96c8a3609150e6afc1f1186,D:\prostat\train_images\d84c84c7e96c8a3609150e6afc1f1186.tiff,True,True
bafd1d2508efae102d22e55633e9891f,D:\prostat\train_images\bafd1d2508efae102d22e55633e9891f.tiff,True,True
f56bfb09d7abb23b45fac3113fee9c9b,D:\prostat\train_images\f56bfb09d7abb23b45fac3113fee9c9b.tiff,True,True
7c86ff19f62a250146e4a6c55168e0b9,D:\prostat\train_images\7c86ff19f62a250146e4a6c55168e0b9.tiff,True,True
cc56822c2b73e6729fcaccc06c0b3ce6,D:\prostat\train_images\cc56822c2b73e6729fcaccc06c0b3ce6.tiff,True,True
99f833555a16c0adc062a23bc06acef0,D:\prostat\train_images\99f833555a16c0adc062a23bc06acef0.tiff,True,True
0e6670ba0c2f6a57e6af57d1a5def196,D:\prostat\train_images\0e6670ba0c2f6a57e6af57d1a5def196.tiff,True,True
83ebc436de663c1259561ecec01d96ed,D:\prostat\train_images\83ebc436de663c1259561ecec01d96ed.tiff,True,True
07aa4a923f58d02bd7c43c50491673d9,D:\prostat\train_images\07aa4a923f58d02bd7c43c50491673d9.tiff,True,True
a9e7790493c9bba62098adf8ade8c2cf,D:\prostat\train_images\a9e7790493c9bba62098adf8ade8c2cf.tiff,True,True
4151b86419c21be19898dd73724a03c3,D:\prostat\train_images\4151b86419c21be19898dd73724a03c3.tiff,True,True
c3d455bdad379c5c262e16b750789baf,D:\prostat\train_images\c3d455bdad379c5c262e16b750789baf.tiff,True,True
53d99b6d0957c93029223458e5e9e5bc,D:\prostat\train_images\53d99b6d0957c93029223458e5e9e5bc.tiff,True,True
8884df5d60449673685793c63b8d4b33,D:\prostat\train_images\8884df5d60449673685793c63b8d4b33.tiff,True,True
5a0249877d1e229d0ef6c02f86cbc98f,D:\prostat\train_images\5a0249877d1e229d0ef6c02f86cbc98f.tiff,True,True
f4fb4186d1ebf0021dbe555663c9c26f,D:\prostat\train_images\f4fb4186d1ebf0021dbe555663c9c26f.tiff,True,True
848811eccf00a2b215360b0a94e581f5,D:\prostat\train_images\848811eccf00a2b215360b0a94e581f5.tiff,True,True
46139ecde6bc5abd09e0dc4116c85fb3,D:\prostat\train_images\46139ecde6bc5abd09e0dc4116c85fb3.tiff,True,True
ee4492e15e54bfe1a23bc3af78158897,D:\prostat\train_images\ee4492e15e54bfe1a23bc3af78158897.tiff,True,True
3600b9f393854a0c456904beaff22ae9,D:\prostat\train_images\3600b9f393854a0c456904beaff22ae9.tiff,True,True
1c0305b42ca0c55668c8144e27dc8ba5,D:\prostat\train_images\1c0305b42ca0c55668c8144e27dc8ba5.tiff,True,True
e805fcf7bfd5a7cd6c652c1ed288bcd8,D:\prostat\train_images\e805fcf7bfd5a7cd6c652c1ed288bcd8.tiff,True,True
153b4416487925655ba21b75555e04d7,D:\prostat\train_images\153b4416487925655ba21b75555e04d7.tiff,True,True
35e310aa5194c62964c02048ac88ca64,D:\prostat\train_images\35e310aa5194c62964c02048ac88ca64.tiff,True,True
920249b849efbeedab4cbfe37d735404,D:\prostat\train_images\920249b849efbeedab4cbfe37d735404.tiff,True,True
82736c3ebebcfa423b30dd9cdc048e22,D:\prostat\train_images\82736c3ebebcfa423b30dd9cdc048e22.tiff,True,True
1097d143ba39545d1ccee8e240044902,D:\prostat\train_images\1097d143ba39545d1ccee8e240044902.tiff,True,True
dec45a32f96c496a9141d49617286870,D:\prostat\train_images\dec45a32f96c496a9141d49617286870.tiff,True,True
c330ef6d8c6943ff7c41a493b215d04e,D:\prostat\train_images\c330ef6d8c6943ff7c41a493b215d04e.tiff,True,True
38e41caa38bdc405984285a96cd11436,D:\prostat\train_images\38e41caa38bdc405984285a96cd11436.tiff,True,True
9e74e07bb8b89e8dd32057c623238f98,D:\prostat\train_images\9e74e07bb8b89e8dd32057c623238f98.tiff,True,True
a880877c39bb56738db55b44336087c8,D:\prostat\train_images\a880877c39bb56738db55b44336087c8.tiff,True,True
94a84606c04b44e34a2ceeaed0dcbc76,D:\prostat\train_images\94a84606c04b44e34a2ceeaed0dcbc76.tiff,True,True
4f02c98de6b8540d695f300a2854b28e,D:\prostat\train_images\4f02c98de6b8540d695f300a2854b28e.tiff,True,True
cd5ba6aadfeafe1aa567c7d18fe93660,D:\prostat\train_images\cd5ba6aadfeafe1aa567c7d18fe93660.tiff,True,True
b48da7b81527cb6b406f2187043d9626,D:\prostat\train_images\b48da7b81527cb6b406f2187043d9626.tiff,True,True
ccf93fec7c1fccc631606b07af2342b9,D:\prostat\train_images\ccf93fec7c1fccc631606b07af2342b9.tiff,True,True
b0dbeb3aff56ca3b5e279b11d01b7064,D:\prostat\train_images\b0dbeb3aff56ca3b5e279b11d01b7064.tiff,True,True
38e5d191e77117979a52ba888ea2df9e,D:\prostat\train_images\38e5d191e77117979a52ba888ea2df9e.tiff,True,True
a8989e31dbf651ce7abfb4dfe87827ea,D:\prostat\train_images\a8989e31dbf651ce7abfb4dfe87827ea.tiff,True,True
06005debf8e7e498384b383c018e1127,D:\prostat\train_images\06005debf8e7e498384b383c018e1127.tiff,True,True
db4f4e9261cf53d2fa74e15514d95680,D:\prostat\train_images\db4f4e9261cf53d2fa74e15514d95680.tiff,True,True
1b537a80f1e8a878059a4bfea02a7a6b,D:\prostat\train_images\1b537a80f1e8a878059a4bfea02a7a6b.tiff,True,True
0d7666fdc3372c68a080c612081e2b45,D:\prostat\train_images\0d7666fdc3372c68a080c612081e2b45.tiff,True,True
1a1208999bac2b32bec7241bd5cec16f,D:\prostat\train_images\1a1208999bac2b32bec7241bd5cec16f.tiff,True,True
275e372464deaeda080e47c4a1f8a8ef,D:\prostat\train_images\275e372464deaeda080e47c4a1f8a8ef.tiff,True,True
8017c7b5f7d8928a7465e6d41417c21a,D:\prostat\train_images\8017c7b5f7d8928a7465e6d41417c21a.tiff,True,True
d22e7fcc26fb07ea31a8760f374ed4bc,D:\prostat\train_images\d22e7fcc26fb07ea31a8760f374ed4bc.tiff,True,True
1e751c3e6fd07ca73ff1eb2814c5335d,D:\prostat\train_images\1e751c3e6fd07ca73ff1eb2814c5335d.tiff,True,True
ce4609213e63dd5d89e2b249d3e00ac6,D:\prostat\train_images\ce4609213e63dd5d89e2b249d3e00ac6.tiff,True,True
a2ea42fa1f08d6f672e3c826a885f849,D:\prostat\train_images\a2ea42fa1f08d6f672e3c826a885f849.tiff,True,True
a3da6a9b33b3bbbbc3a2121a06a75ee3,D:\prostat\train_images\a3da6a9b33b3bbbbc3a2121a06a75ee3.tiff,True,True
3bb8426f5536b507843d3c99ab0a5e8e,D:\prostat\train_images\3bb8426f5536b507843d3c99ab0a5e8e.tiff,True,True
0c81fb679d464543822f9b5c59aef5a0,D:\prostat\train_images\0c81fb679d464543822f9b5c59aef5a0.tiff,True,True
248fc842149898be28b346ce1fb15ab1,D:\prostat\train_images\248fc842149898be28b346ce1fb15ab1.tiff,True,True
f5b849625162c608e13f0c04d24078d6,D:\prostat\train_images\f5b849625162c608e13f0c04d24078d6.tiff,True,True
0b99475a066e609a5ee19ee84e30e376,D:\prostat\train_images\0b99475a066e609a5ee19ee84e30e376.tiff,True,True
0587586b10cc3417c3c3607102b3f720,D:\prostat\train_images\0587586b10cc3417c3c3607102b3f720.tiff,True,True
5554bf43ed8256dff3a716d9811a7afb,D:\prostat\train_images\5554bf43ed8256dff3a716d9811a7afb.tiff,True,True
8dc97d161e376446e0f2a80b6dbde788,D:\prostat\train_images\8dc97d161e376446e0f2a80b6dbde788.tiff,True,True
01c816336959ee9d94b23b37b0f71f21,D:\prostat\train_images\01c816336959ee9d94b23b37b0f71f21.tiff,True,True
3630a84f6cdb1d51ff3d89346a87618d,D:\prostat\train_images\3630a84f6cdb1d51ff3d89346a87618d.tiff,True,True
26fbbd4a7d610aadc6411bd82b7b60b5,D:\prostat\train_images\26fbbd4a7d610aadc6411bd82b7b60b5.tiff,True,True
363ffb07f4452fb7c504b9f3f73f6bfc,D:\prostat\train_images\363ffb07f4452fb7c504b9f3f73f6bfc.tiff,True,True
900ca15382fabf04c7b62af369e0b551,D:\prostat\train_images\900ca15382fabf04c7b62af369e0b551.tiff,True,True
86e8d69d149316c56146a31733406a3f,D:\prostat\train_images\86e8d69d149316c56146a31733406a3f.tiff,True,True
6face919f28ca99a0acf083cd58181e3,D:\prostat\train_images\6face919f28ca99a0acf083cd58181e3.tiff,True,True
f1777b0a69cd93142a84756dd8f37c5c,D:\prostat\train_images\f1777b0a69cd93142a84756dd8f37c5c.tiff,True,True
d383a65adb84e2f3032f0c68246224eb,D:\prostat\train_images\d383a65adb84e2f3032f0c68246224eb.tiff,True,True
9e74ea34a09e4cc1707165181802c62e,D:\prostat\train_images\9e74ea34a09e4cc1707165181802c62e.tiff,True,True
c4536651e1072dd41bc9366cf256d70e,D:\prostat\train_images\c4536651e1072dd41bc9366cf256d70e.tiff,True,True
5a7d90776e03f8441483198c25767fa6,D:\prostat\train_images\5a7d90776e03f8441483198c25767fa6.tiff,True,True
61af9a116d196c47cc049a122eb7b7f3,D:\prostat\train_images\61af9a116d196c47cc049a122eb7b7f3.tiff,True,True
97abbb3fc606bb28459310d1e295acd7,D:\prostat\train_images\97abbb3fc606bb28459310d1e295acd7.tiff,True,True
84bc390199b8e7466a020ca6abe11852,D:\prostat\train_images\84bc390199b8e7466a020ca6abe11852.tiff,True,True
274fb123637904be69bad66bb8277ed2,D:\prostat\train_images\274fb123637904be69bad66bb8277ed2.tiff,True,True
3e6dd2bc9d2476081714e4772525f9f4,D:\prostat\train_images\3e6dd2bc9d2476081714e4772525f9f4.tiff,True,True
f3276b69be32b65b65d890154839fdc1,D:\prostat\train_images\f3276b69be32b65b65d890154839fdc1.tiff,True,True
16ad51c0a769aa6dd7d09671faca0b4e,D:\prostat\train_images\16ad51c0a769aa6dd7d09671faca0b4e.tiff,True,True
36a0dcfd7c78fd296c914a6a0fab203a,D:\prostat\train_images\36a0dcfd7c78fd296c914a6a0fab203a.tiff,True,True
f317f98d0b35871e4363580090ed2e03,D:\prostat\train_images\f317f98d0b35871e4363580090ed2e03.tiff,True,True
4faa91189634933ba26fcb01a8804d33,D:\prostat\train_images\4faa91189634933ba26fcb01a8804d33.tiff,True,True
3a90de04c33ee7bfc0e4005323f1f202,D:\prostat\train_images\3a90de04c33ee7bfc0e4005323f1f202.tiff,True,True
52e38cf820ba3f92ca415cb2a2672ea0,D:\prostat\train_images\52e38cf820ba3f92ca415cb2a2672ea0.tiff,True,True
9328dc3ac0b65b4f932053dcafde0e33,D:\prostat\train_images\9328dc3ac0b65b4f932053dcafde0e33.tiff,True,True
df6ff40fbec6619b935d8fa3f6b9ac39,D:\prostat\train_images\df6ff40fbec6619b935d8fa3f6b9ac39.tiff,True,True
5e61b98028b2e0014f5686a04c6cb48c,D:\prostat\train_images\5e61b98028b2e0014f5686a04c6cb48c.tiff,True,True
bb67046f34a39fc197282a781a32e5cb,D:\prostat\train_images\bb67046f34a39fc197282a781a32e5cb.tiff,True,True
66fb8b64a9acb2fbf59d4f002db34bf8,D:\prostat\train_images\66fb8b64a9acb2fbf59d4f002db34bf8.tiff,True,True
295e1526a3281254a94586b9980a3056,D:\prostat\train_images\295e1526a3281254a94586b9980a3056.tiff,True,True
08b92dd5bd510ff336949f1042c11991,D:\prostat\train_images\08b92dd5bd510ff336949f1042c11991.tiff,True,True
527282598f789e5e0854a7f208016533,D:\prostat\train_images\527282598f789e5e0854a7f208016533.tiff,True,True
049813f2cb407d0db60d6e671af6415b,D:\prostat\train_images\049813f2cb407d0db60d6e671af6415b.tiff,True,True
dd00566789255a6348a44c58e0140e6c,D:\prostat\train_images\dd00566789255a6348a44c58e0140e6c.tiff,True,True
f7d4742181dbabcd86644ec7781c14b4,D:\prostat\train_images\f7d4742181dbabcd86644ec7781c14b4.tiff,True,True
aecf833bf307570b6dd2b3f8d104e9c6,D:\prostat\train_images\aecf833bf307570b6dd2b3f8d104e9c6.tiff,True,True
d4f15bf1d630b5c3eaf6c4928ea99715,D:\prostat\train_images\d4f15bf1d630b5c3eaf6c4928ea99715.tiff,True,True
1c36b3db47d83f1436bd260288c5723f,D:\prostat\train_images\1c36b3db47d83f1436bd260288c5723f.tiff,True,True
4986e447599c3957af4df8eb907613ea,D:\prostat\train_images\4986e447599c3957af4df8eb907613ea.tiff,True,True
0373ed8a095e0a283da690de360ccc21,D:\prostat\train_images\0373ed8a095e0a283da690de360ccc21.tiff,True,True
f815e7ebafbbfa2578e3abadc8a5d15b,D:\prostat\train_images\f815e7ebafbbfa2578e3abadc8a5d15b.tiff,True,True
0a336d5bc71e1f83d453297413f11e9b,D:\prostat\train_images\0a336d5bc71e1f83d453297413f11e9b.tiff,True,True
4eb223e44d06eb8d9019a78c2e60969b,D:\prostat\train_images\4eb223e44d06eb8d9019a78c2e60969b.tiff,True,True
c5f69f20e4c9bd6dae83222afba587e8,D:\prostat\train_images\c5f69f20e4c9bd6dae83222afba587e8.tiff,True,True
55b2b9388cfcde42069bee4804274884,D:\prostat\train_images\55b2b9388cfcde42069bee4804274884.tiff,True,True
685903725349cde80b2be656ab872194,D:\prostat\train_images\685903725349cde80b2be656ab872194.tiff,True,True
34c3b4aca1bfb10df42aff5eb5f87281,D:\prostat\train_images\34c3b4aca1bfb10df42aff5eb5f87281.tiff,True,True
c150192218dd80a7d96c9a60759853d6,D:\prostat\train_images\c150192218dd80a7d96c9a60759853d6.tiff,True,True
b17e49275305849c5820c0e2976c245a,D:\prostat\train_images\b17e49275305849c5820c0e2976c245a.tiff,True,True
5ade4e241be260978daf1da130754c6a,D:\prostat\train_images\5ade4e241be260978daf1da130754c6a.tiff,True,True
318cb948ba8cb28995204b0a7ebba6d4,D:\prostat\train_images\318cb948ba8cb28995204b0a7ebba6d4.tiff,True,True
abc872001f80c10758f4b425c8f9ab03,D:\prostat\train_images\abc872001f80c10758f4b425c8f9ab03.tiff,True,True
3dfa9dbf281ea9ef42e05cbdc03bf290,D:\prostat\train_images\3dfa9dbf281ea9ef42e05cbdc03bf290.tiff,True,True
450f03b3f86c156365c1f7ef8e38f995,D:\prostat\train_images\450f03b3f86c156365c1f7ef8e38f995.tiff,True,True
2130725064d39284b1bdcb57aa584dcf,D:\prostat\train_images\2130725064d39284b1bdcb57aa584dcf.tiff,True,True
10b00bbaff7224b83537ccb02e7e1416,D:\prostat\train_images\10b00bbaff7224b83537ccb02e7e1416.tiff,True,True
aaee8c7e09fa4b50c160acd7e3302cfd,D:\prostat\train_images\aaee8c7e09fa4b50c160acd7e3302cfd.tiff,True,True
c7e47afdac1930aadc6630b2ffdb161b,D:\prostat\train_images\c7e47afdac1930aadc6630b2ffdb161b.tiff,True,True
8f151ad9af432f235c2533cdd7942293,D:\prostat\train_images\8f151ad9af432f235c2533cdd7942293.tiff,True,True
e3177c4430b780c973ef857a320a211d,D:\prostat\train_images\e3177c4430b780c973ef857a320a211d.tiff,True,True
8bfc4eb8d494eacb561c26623b3581ac,D:\prostat\train_images\8bfc4eb8d494eacb561c26623b3581ac.tiff,True,True
6a4705f723c23536d58a72341e0eac1f,D:\prostat\train_images\6a4705f723c23536d58a72341e0eac1f.tiff,True,True
319b99d2bfe196e331728992238023cf,D:\prostat\train_images\319b99d2bfe196e331728992238023cf.tiff,True,True
0a75b377181b60efd8278bce0b6260a5,D:\prostat\train_images\0a75b377181b60efd8278bce0b6260a5.tiff,True,True
5a8ea27b08b81d698970b6eb520a05dc,D:\prostat\train_images\5a8ea27b08b81d698970b6eb520a05dc.tiff,True,True
c2f90bbc5200609817a0745279582e72,D:\prostat\train_images\c2f90bbc5200609817a0745279582e72.tiff,True,True
d088f8e0bbd26aeec7525368606a9fd4,D:\prostat\train_images\d088f8e0bbd26aeec7525368606a9fd4.tiff,True,True
ee17748d9c053471c135f5a397e26560,D:\prostat\train_images\ee17748d9c053471c135f5a397e26560.tiff,True,True
501d3573cecce3ad9086a63df9794ebb,D:\prostat\train_images\501d3573cecce3ad9086a63df9794ebb.tiff,True,True
ffc0cbbe28a6345a179d6210ef5c579f,D:\prostat\train_images\ffc0cbbe28a6345a179d6210ef5c579f.tiff,True,True
5a6125bdeb2906ba9267a26e98de56e5,D:\prostat\train_images\5a6125bdeb2906ba9267a26e98de56e5.tiff,True,True
147c2ba0e69a12aef763162255c73e90,D:\prostat\train_images\147c2ba0e69a12aef763162255c73e90.tiff,True,True
c77075a7f8ad3b3f413cee8b8df89203,D:\prostat\train_images\c77075a7f8ad3b3f413cee8b8df89203.tiff,True,True
c5ebafd955baf6a9329a821547cad7c4,D:\prostat\train_images\c5ebafd955baf6a9329a821547cad7c4.tiff,True,True
bde1eb4986f82c9cd031689fa8f5084e,D:\prostat\train_images\bde1eb4986f82c9cd031689fa8f5084e.tiff,True,True
2b2d9708e830ea9fb021f1f7ad96f25b,D:\prostat\train_images\2b2d9708e830ea9fb021f1f7ad96f25b.tiff,True,True
a47472a2ba96c2936dacc23b938bd9b6,D:\prostat\train_images\a47472a2ba96c2936dacc23b938bd9b6.tiff,True,True
74e62ea8e9e5c1a2f6081b831dc1535e,D:\prostat\train_images\74e62ea8e9e5c1a2f6081b831dc1535e.tiff,True,True
58d694da01f1b0a9c828857ada4ce80c,D:\prostat\train_images\58d694da01f1b0a9c828857ada4ce80c.tiff,True,True
49a2ed9b6af2a48a788b9dd6066bdb0a,D:\prostat\train_images\49a2ed9b6af2a48a788b9dd6066bdb0a.tiff,True,True
9d14c42db92e5ba66f97630b55e1724f,D:\prostat\train_images\9d14c42db92e5ba66f97630b55e1724f.tiff,True,True
87e53ffce13cd04e1e3fb3c1d15f4961,D:\prostat\train_images\87e53ffce13cd04e1e3fb3c1d15f4961.tiff,True,True
d0d72adbaf55250c7cfd81ce58f18304,D:\prostat\train_images\d0d72adbaf55250c7cfd81ce58f18304.tiff,True,True
6ce244d5b0b2fba2749fa09ac4b02adb,D:\prostat\train_images\6ce244d5b0b2fba2749fa09ac4b02adb.tiff,True,True
c3f5378fbec18534005c2d1e46f1cdfc,D:\prostat\train_images\c3f5378fbec18534005c2d1e46f1cdfc.tiff,True,True
55c0eded30c834f91a4a717776f781e2,D:\prostat\train_images\55c0eded30c834f91a4a717776f781e2.tiff,True,True
730688499d4fa73f9b1d051c10630fa5,D:\prostat\train_images\730688499d4fa73f9b1d051c10630fa5.tiff,True,True
dbea7c288aa2fe12ecb79d7138ad5896,D:\prostat\train_images\dbea7c288aa2fe12ecb79d7138ad5896.tiff,True,True
51bb63f952d6b40c79ec26b18735edbc,D:\prostat\train_images\51bb63f952d6b40c79ec26b18735edbc.tiff,True,True
15ea2d5d326ff73f1f5b25bf7721232a,D:\prostat\train_images\15ea2d5d326ff73f1f5b25bf7721232a.tiff,True,True
cf82146a7d5cfc712501c6471ccb882e,D:\prostat\train_images\cf82146a7d5cfc712501c6471ccb882e.tiff,True,True
f86f614f61dce71662f527ac82b3170b,D:\prostat\train_images\f86f614f61dce71662f527ac82b3170b.tiff,True,True
ecf2c02cc3881e508933ea679c43f64e,D:\prostat\train_images\ecf2c02cc3881e508933ea679c43f64e.tiff,True,True
76c8934b7350a3ad777b94f624390dbf,D:\prostat\train_images\76c8934b7350a3ad777b94f624390dbf.tiff,True,True
64bad048716c6feb71b7e86d4de897ef,D:\prostat\train_images\64bad048716c6feb71b7e86d4de897ef.tiff,True,True
6b5ce8b4c2b7c2655752c4c561059328,D:\prostat\train_images\6b5ce8b4c2b7c2655752c4c561059328.tiff,True,True
bb38663adedc6162aae373320b17cb91,D:\prostat\train_images\bb38663adedc6162aae373320b17cb91.tiff,True,True
3d5b16b57612afc445ab30c74f2b6972,D:\prostat\train_images\3d5b16b57612afc445ab30c74f2b6972.tiff,True,True
bd465b5e566f6336037c548644e11e16,D:\prostat\train_images\bd465b5e566f6336037c548644e11e16.tiff,True,True
ede949d8112785a5568da67879b80a98,D:\prostat\train_images\ede949d8112785a5568da67879b80a98.tiff,True,True
ebb6a080d72e09f6481721ef9f88c472,D:\prostat\train_images\ebb6a080d72e09f6481721ef9f88c472.tiff,True,True
321320123f2c3f9cf54d408e903abdf9,D:\prostat\train_images\321320123f2c3f9cf54d408e903abdf9.tiff,True,True
1d5d638e25521b927dd533db4fadbd46,D:\prostat\train_images\1d5d638e25521b927dd533db4fadbd46.tiff,True,True
91dbf33750e689bb6ed3c3fb60782cef,D:\prostat\train_images\91dbf33750e689bb6ed3c3fb60782cef.tiff,True,True
c4c088b96b22d0d2162e4825caf7bf9b,D:\prostat\train_images\c4c088b96b22d0d2162e4825caf7bf9b.tiff,True,True
9f08d625fda6cb202fdc3193a476b1b1,D:\prostat\train_images\9f08d625fda6cb202fdc3193a476b1b1.tiff,True,True
89272db689ac176dbad0d77bc23df032,D:\prostat\train_images\89272db689ac176dbad0d77bc23df032.tiff,True,True
8ad2547b9347d850bda6e43eaa3a0026,D:\prostat\train_images\8ad2547b9347d850bda6e43eaa3a0026.tiff,True,True
f70104d45bb1a6177e3a6826b0eaa030,D:\prostat\train_images\f70104d45bb1a6177e3a6826b0eaa030.tiff,True,True
bedede7f872907a2f2f04a0681413ce9,D:\prostat\train_images\bedede7f872907a2f2f04a0681413ce9.tiff,True,True
7d63d7ef507d747a87b3b15814a60185,D:\prostat\train_images\7d63d7ef507d747a87b3b15814a60185.tiff,True,True
b41f0b32a816a16c397a07996a997306,D:\prostat\train_images\b41f0b32a816a16c397a07996a997306.tiff,True,True
35b3399925cc2f2f00d65c842b6cf536,D:\prostat\train_images\35b3399925cc2f2f00d65c842b6cf536.tiff,True,True
07d138144a7db2828e4e4efb8e144561,D:\prostat\train_images\07d138144a7db2828e4e4efb8e144561.tiff,True,True
c3c632f5b9ce3460a6fc15544d6f5582,D:\prostat\train_images\c3c632f5b9ce3460a6fc15544d6f5582.tiff,True,True
b0ba9ace7fe4fb08dd1538d83425ec94,D:\prostat\train_images\b0ba9ace7fe4fb08dd1538d83425ec94.tiff,True,True
f4f3ef89b6a3bcb0985e2061b97324c4,D:\prostat\train_images\f4f3ef89b6a3bcb0985e2061b97324c4.tiff,True,True
fcad09ea1c5ae52d28fcd345c0a30b34,D:\prostat\train_images\fcad09ea1c5ae52d28fcd345c0a30b34.tiff,True,True
33828bf89098a295d028099fa2d3560e,D:\prostat\train_images\33828bf89098a295d028099fa2d3560e.tiff,True,True
badbaf5d20db12b65b518ca473bfd12e,D:\prostat\train_images\badbaf5d20db12b65b518ca473bfd12e.tiff,True,True
4da76442dc5402b98d767140b2661a58,D:\prostat\train_images\4da76442dc5402b98d767140b2661a58.tiff,True,True
a2c5c5ae99d08d1397b05dc19a5b6338,D:\prostat\train_images\a2c5c5ae99d08d1397b05dc19a5b6338.tiff,True,True
65b25c89a74ee86c54185060a6bfc25b,D:\prostat\train_images\65b25c89a74ee86c54185060a6bfc25b.tiff,True,True
9fb84dd896f468b8bf464912b810d202,D:\prostat\train_images\9fb84dd896f468b8bf464912b810d202.tiff,True,True
e9edef878710b13a32777376bdfc0f82,D:\prostat\train_images\e9edef878710b13a32777376bdfc0f82.tiff,True,True
12625a6ae522d7d2168049db06b4a86d,D:\prostat\train_images\12625a6ae522d7d2168049db06b4a86d.tiff,True,True
ffcbb41626c9267c5c20c4804bd5639a,D:\prostat\train_images\ffcbb41626c9267c5c20c4804bd5639a.tiff,True,True
f8150021b8fb7c26a769f2486b4f388c,D:\prostat\train_images\f8150021b8fb7c26a769f2486b4f388c.tiff,True,True
f9ebb550f242d03131571173a2d9e1c4,D:\prostat\train_images\f9ebb550f242d03131571173a2d9e1c4.tiff,True,True
86ffb5b169bb7a72dffdf930233a446a,D:\prostat\train_images\86ffb5b169bb7a72dffdf930233a446a.tiff,True,True
f74aebdc286a55cf7c44be1f8b7e9744,D:\prostat\train_images\f74aebdc286a55cf7c44be1f8b7e9744.tiff,True,True
8363aae89c7a8c538005c6b26ea5d4e7,D:\prostat\train_images\8363aae89c7a8c538005c6b26ea5d4e7.tiff,True,True
7937d047d50afcec4f17c0004de18c60,D:\prostat\train_images\7937d047d50afcec4f17c0004de18c60.tiff,True,True
9c727eef2a083d28455c5541464d9176,D:\prostat\train_images\9c727eef2a083d28455c5541464d9176.tiff,True,True
1e99519dbc2e6b48bebaca59c0a1536d,D:\prostat\train_images\1e99519dbc2e6b48bebaca59c0a1536d.tiff,True,True
2ec367872ec7245522d6090ae792d6e0,D:\prostat\train_images\2ec367872ec7245522d6090ae792d6e0.tiff,True,True
0cca0b4c31ebd9672ea216b2c6603408,D:\prostat\train_images\0cca0b4c31ebd9672ea216b2c6603408.tiff,True,True
3767034a72b2859669d8278458165c7c,D:\prostat\train_images\3767034a72b2859669d8278458165c7c.tiff,True,True
64d853ef2f8fd85e3a9b09d3791780e7,D:\prostat\train_images\64d853ef2f8fd85e3a9b09d3791780e7.tiff,True,True
cd19260dc9973fdc61691502ae1942da,D:\prostat\train_images\cd19260dc9973fdc61691502ae1942da.tiff,True,True
2e1107832601b1d8e00fef91a5a41f69,D:\prostat\train_images\2e1107832601b1d8e00fef91a5a41f69.tiff,True,True
977d38c17c1f872ed1c550c52e984986,D:\prostat\train_images\977d38c17c1f872ed1c550c52e984986.tiff,True,True
cc2681fc29015a9c20bca401aba9d489,D:\prostat\train_images\cc2681fc29015a9c20bca401aba9d489.tiff,True,True
24ccdd39791fcac60d157701cb18c200,D:\prostat\train_images\24ccdd39791fcac60d157701cb18c200.tiff,True,True
007433133235efc27a39f11df6940829,D:\prostat\train_images\007433133235efc27a39f11df6940829.tiff,True,True
bf7d0ac2494f0521ba444a5de2ab587f,D:\prostat\train_images\bf7d0ac2494f0521ba444a5de2ab587f.tiff,True,True
e7ae2d3b70141b5cd11808dcd1f84148,D:\prostat\train_images\e7ae2d3b70141b5cd11808dcd1f84148.tiff,True,True
10bf7780fc6540d6f79eae2aa2e5d4b9,D:\prostat\train_images\10bf7780fc6540d6f79eae2aa2e5d4b9.tiff,True,True
d0cf594c5106fb84e894c0b12013f367,D:\prostat\train_images\d0cf594c5106fb84e894c0b12013f367.tiff,True,True
7286c3fa558dab2063a99ca8f3b5b36c,D:\prostat\train_images\7286c3fa558dab2063a99ca8f3b5b36c.tiff,True,True
2de70a06f44c854c7e5a14f46fc14e9a,D:\prostat\train_images\2de70a06f44c854c7e5a14f46fc14e9a.tiff,True,True
e05d82c55450c622c1e477bd1c7006b2,D:\prostat\train_images\e05d82c55450c622c1e477bd1c7006b2.tiff,True,True
b876742e398387fa76182fb4154faf6c,D:\prostat\train_images\b876742e398387fa76182fb4154faf6c.tiff,True,True
4a40f41b4f18ff0dffee2fefbb19ed3f,D:\prostat\train_images\4a40f41b4f18ff0dffee2fefbb19ed3f.tiff,True,True
dd549fc1dbc7db15b94d1a0cfd7de309,D:\prostat\train_images\dd549fc1dbc7db15b94d1a0cfd7de309.tiff,True,True
5974c6321830dfa922dfe5f6d919fc21,D:\prostat\train_images\5974c6321830dfa922dfe5f6d919fc21.tiff,True,True
00c15b23b30a5ba061358d9641118904,D:\prostat\train_images\00c15b23b30a5ba061358d9641118904.tiff,True,True
2ec11dced066d924bb139f640c2c4a4a,D:\prostat\train_images\2ec11dced066d924bb139f640c2c4a4a.tiff,True,True
23f4b308dcf9354e9bdf5886c7f6f36b,D:\prostat\train_images\23f4b308dcf9354e9bdf5886c7f6f36b.tiff,True,True
2985752de460036227f56e8cd0796f39,D:\prostat\train_images\2985752de460036227f56e8cd0796f39.tiff,True,True
a740ac5e9722a89dd2c7afe87b92104a,D:\prostat\train_images\a740ac5e9722a89dd2c7afe87b92104a.tiff,True,True
ac6110478f6edbee89ae89481e94b275,D:\prostat\train_images\ac6110478f6edbee89ae89481e94b275.tiff,True,True
01699a34381500901408ba3258f5c61a,D:\prostat\train_images\01699a34381500901408ba3258f5c61a.tiff,True,True
8b8947e12fd0c2b222e3026a1cbc1972,D:\prostat\train_images\8b8947e12fd0c2b222e3026a1cbc1972.tiff,True,True
8196c63cbdcdc0abd0cac91194d26944,D:\prostat\train_images\8196c63cbdcdc0abd0cac91194d26944.tiff,True,True
9d0bc55b262f263dde42556320e261cf,D:\prostat\train_images\9d0bc55b262f263dde42556320e261cf.tiff,True,True
63943deba402196b1f80f92b23881ddc,D:\prostat\train_images\63943deba402196b1f80f92b23881ddc.tiff,True,True
fb7d7003654f2a3fd68efea60e915edd,D:\prostat\train_images\fb7d7003654f2a3fd68efea60e915edd.tiff,True,True
6966c2b9fa1ae59141ab221b32d878cf,D:\prostat\train_images\6966c2b9fa1ae59141ab221b32d878cf.tiff,True,True
9764904c92cb4febaa3c7a4182bd4902,D:\prostat\train_images\9764904c92cb4febaa3c7a4182bd4902.tiff,True,True
72c00859044a377377a9caac31885e9d,D:\prostat\train_images\72c00859044a377377a9caac31885e9d.tiff,True,True
e9f33468a68c94621a437aee8674be96,D:\prostat\train_images\e9f33468a68c94621a437aee8674be96.tiff,True,True
f77407b685b5467a7c825aaf267caa94,D:\prostat\train_images\f77407b685b5467a7c825aaf267caa94.tiff,True,True
616abef9b646a96fb3f9fa9171d98e28,D:\prostat\train_images\616abef9b646a96fb3f9fa9171d98e28.tiff,True,True
85a343720f726304ad86cd2eb00ef4dd,D:\prostat\train_images\85a343720f726304ad86cd2eb00ef4dd.tiff,True,True
b407c116cbdddadfd6c2ffa2fd88fdef,D:\prostat\train_images\b407c116cbdddadfd6c2ffa2fd88fdef.tiff,True,True
1a79038a91cd77e7bab291eef4bc5832,D:\prostat\train_images\1a79038a91cd77e7bab291eef4bc5832.tiff,True,True
5f87ade21db570b2dbdd0772edd54657,D:\prostat\train_images\5f87ade21db570b2dbdd0772edd54657.tiff,True,True
708b83343fa17388231d1c86557e4396,D:\prostat\train_images\708b83343fa17388231d1c86557e4396.tiff,True,True
7339b4fe01bff9be3c2326e47ede6ec7,D:\prostat\train_images\7339b4fe01bff9be3c2326e47ede6ec7.tiff,True,True
071adc8288cc111233b74980684c3552,D:\prostat\train_images\071adc8288cc111233b74980684c3552.tiff,True,True
514bd15da8c32fabbd07c8b00a147173,D:\prostat\train_images\514bd15da8c32fabbd07c8b00a147173.tiff,True,True
74d36d7627cf7642675e3ecc574eefa6,D:\prostat\train_images\74d36d7627cf7642675e3ecc574eefa6.tiff,True,True
4a3e6e77b42a7e8f8b2dec472667bdbe,D:\prostat\train_images\4a3e6e77b42a7e8f8b2dec472667bdbe.tiff,True,True
f0b3a37f233c1a02dc1b7ecfc7dc61b8,D:\prostat\train_images\f0b3a37f233c1a02dc1b7ecfc7dc61b8.tiff,True,True
5289d3ebfc24bbe70206daf1f546b687,D:\prostat\train_images\5289d3ebfc24bbe70206daf1f546b687.tiff,True,True
86fd4ff8a21d365227993c845db5e6e8,D:\prostat\train_images\86fd4ff8a21d365227993c845db5e6e8.tiff,True,True
0593354ca8cb549c63f547c29f3a7ff1,D:\prostat\train_images\0593354ca8cb549c63f547c29f3a7ff1.tiff,True,True
95a85a81c83b5998c80585869737df0b,D:\prostat\train_images\95a85a81c83b5998c80585869737df0b.tiff,True,True
1a9dc3df5b76c7c4968530cdc05df1ec,D:\prostat\train_images\1a9dc3df5b76c7c4968530cdc05df1ec.tiff,True,True
99ecaa4a61fc527057721723247a099b,D:\prostat\train_images\99ecaa4a61fc527057721723247a099b.tiff,True,True
a135338352ca55f2cee63eb68b953cc7,D:\prostat\train_images\a135338352ca55f2cee63eb68b953cc7.tiff,True,True
3405272b1d7134dc93364c69167448da,D:\prostat\train_images\3405272b1d7134dc93364c69167448da.tiff,True,True
22c2e58ea58b90066e98d86bfb8a0baf,D:\prostat\train_images\22c2e58ea58b90066e98d86bfb8a0baf.tiff,True,True
4ea43ff0fefba731d58e440e346aeec7,D:\prostat\train_images\4ea43ff0fefba731d58e440e346aeec7.tiff,True,True
7ec4b5a5d165debf9e06aba787d1ab7a,D:\prostat\train_images\7ec4b5a5d165debf9e06aba787d1ab7a.tiff,True,True
60bf955e8135c580681a253469151ed6,D:\prostat\train_images\60bf955e8135c580681a253469151ed6.tiff,True,True
445cf98409d19e5044546b0a46e5c4c8,D:\prostat\train_images\445cf98409d19e5044546b0a46e5c4c8.tiff,True,True
2f711ff54c15f3d9d627cb5e98b278fb,D:\prostat\train_images\2f711ff54c15f3d9d627cb5e98b278fb.tiff,True,True
d0cb73c9ad19c13c6fe93cc2c61cc073,D:\prostat\train_images\d0cb73c9ad19c13c6fe93cc2c61cc073.tiff,True,True
c7781e276fddb4b7a9b24fb9ece1b219,D:\prostat\train_images\c7781e276fddb4b7a9b24fb9ece1b219.tiff,True,True
cde6ea7eeb1b6c4fbca3c85f430b9ae7,D:\prostat\train_images\cde6ea7eeb1b6c4fbca3c85f430b9ae7.tiff,True,True
cca2cbc5a43349c6e79201e8ee02660b,D:\prostat\train_images\cca2cbc5a43349c6e79201e8ee02660b.tiff,True,True
462c6bf7bbd0d05bb2d8b950a72bc891,D:\prostat\train_images\462c6bf7bbd0d05bb2d8b950a72bc891.tiff,True,True
55204bdec9718d7d1e3c17a8f452c0f5,D:\prostat\train_images\55204bdec9718d7d1e3c17a8f452c0f5.tiff,True,True
34159ad757c19c1bded93e4505dc2903,D:\prostat\train_images\34159ad757c19c1bded93e4505dc2903.tiff,True,True
a5be8826190732e7519cdd326f5a2483,D:\prostat\train_images\a5be8826190732e7519cdd326f5a2483.tiff,True,True
57cccd066af8374b532f812c280571c1,D:\prostat\train_images\57cccd066af8374b532f812c280571c1.tiff,True,True
d60a54e0359baa5b161a897efa7e87ee,D:\prostat\train_images\d60a54e0359baa5b161a897efa7e87ee.tiff,True,True
0a0f8e20b1222b69416301444b117678,D:\prostat\train_images\0a0f8e20b1222b69416301444b117678.tiff,True,True
a6fac45c289010871304ffaf13f94d39,D:\prostat\train_images\a6fac45c289010871304ffaf13f94d39.tiff,True,True
184bc80c0ef21eb49d00434f52477f04,D:\prostat\train_images\184bc80c0ef21eb49d00434f52477f04.tiff,True,True
1453f0c51c9d2fe1a8ca6711d11b1608,D:\prostat\train_images\1453f0c51c9d2fe1a8ca6711d11b1608.tiff,True,True
528421f82bedbe7fa89705ebca3df38e,D:\prostat\train_images\528421f82bedbe7fa89705ebca3df38e.tiff,True,True
86c36106feb06bb5867255e46c7a73bb,D:\prostat\train_images\86c36106feb06bb5867255e46c7a73bb.tiff,True,True
3f92431272720b409a74cec554e2573f,D:\prostat\train_images\3f92431272720b409a74cec554e2573f.tiff,True,True
44bd92639cb37e2cc41d253bc4671241,D:\prostat\train_images\44bd92639cb37e2cc41d253bc4671241.tiff,True,True
b469e5dc0fe1674e4251027393658f1e,D:\prostat\train_images\b469e5dc0fe1674e4251027393658f1e.tiff,True,True
6a452b5662c18fdefc5dd4c8669eb781,D:\prostat\train_images\6a452b5662c18fdefc5dd4c8669eb781.tiff,True,True
842ec03f75b9933c49274bae3e7cc5fc,D:\prostat\train_images\842ec03f75b9933c49274bae3e7cc5fc.tiff,True,True
fa8bd8ed36122387823f6b268e6ecb83,D:\prostat\train_images\fa8bd8ed36122387823f6b268e6ecb83.tiff,True,True
20ec7cf1e184baab03dad85a1a601532,D:\prostat\train_images\20ec7cf1e184baab03dad85a1a601532.tiff,True,True
77edc8db84f358e3c7ff787f907cb1f1,D:\prostat\train_images\77edc8db84f358e3c7ff787f907cb1f1.tiff,True,True
c2b0f5adcd95f930b892f269a7656f1c,D:\prostat\train_images\c2b0f5adcd95f930b892f269a7656f1c.tiff,True,True
bceb6394825406de71ab3107fb86ef5c,D:\prostat\train_images\bceb6394825406de71ab3107fb86ef5c.tiff,True,True
c3f6dfc5c801b1f2aed4c9e318bd015d,D:\prostat\train_images\c3f6dfc5c801b1f2aed4c9e318bd015d.tiff,True,True
fc07f0ce6d2cdff9d65591e94fc2130e,D:\prostat\train_images\fc07f0ce6d2cdff9d65591e94fc2130e.tiff,True,True
aef2f50710677c1204538d88d3475e63,D:\prostat\train_images\aef2f50710677c1204538d88d3475e63.tiff,True,True
b498ef879c259999363dafe50f2b7acc,D:\prostat\train_images\b498ef879c259999363dafe50f2b7acc.tiff,True,True
aeaa36ea58cad0b8121e59321ef1d41e,D:\prostat\train_images\aeaa36ea58cad0b8121e59321ef1d41e.tiff,True,True
401125cfff3d551db4dbd096e9eb1f08,D:\prostat\train_images\401125cfff3d551db4dbd096e9eb1f08.tiff,True,True
d284c0c04e9c24ed036a882a92823ec5,D:\prostat\train_images\d284c0c04e9c24ed036a882a92823ec5.tiff,True,True
ecc3d16c7cbe0903bfe1bea8f3755236,D:\prostat\train_images\ecc3d16c7cbe0903bfe1bea8f3755236.tiff,True,True
463b0017e84cfe5ed9e1e78c99a22554,D:\prostat\train_images\463b0017e84cfe5ed9e1e78c99a22554.tiff,True,True
553fa72290f35f2cb58beef577855ad8,D:\prostat\train_images\553fa72290f35f2cb58beef577855ad8.tiff,True,True
c8cd9282130842208245bd0ec8c0f22e,D:\prostat\train_images\c8cd9282130842208245bd0ec8c0f22e.tiff,True,True
95b532b4358d9b7df9102074081e7e31,D:\prostat\train_images\95b532b4358d9b7df9102074081e7e31.tiff,True,True
b9791f986bcc4f84ca2da793e933c5ac,D:\prostat\train_images\b9791f986bcc4f84ca2da793e933c5ac.tiff,True,True
ddd0edc9c6eb676649934adbb8ab0f8b,D:\prostat\train_images\ddd0edc9c6eb676649934adbb8ab0f8b.tiff,True,True
b3438f39bb7db17a8c77e5520613de21,D:\prostat\train_images\b3438f39bb7db17a8c77e5520613de21.tiff,True,True
7a95a6fb15692d43bdee94ae40b7437a,D:\prostat\train_images\7a95a6fb15692d43bdee94ae40b7437a.tiff,True,True
2be8c910fac204ab798528ec628e7495,D:\prostat\train_images\2be8c910fac204ab798528ec628e7495.tiff,True,True
25397c3a483ae10a695772a7c5ce8f8f,D:\prostat\train_images\25397c3a483ae10a695772a7c5ce8f8f.tiff,True,True
8fcc3efc049396629dedaf22cb4a1c14,D:\prostat\train_images\8fcc3efc049396629dedaf22cb4a1c14.tiff,True,True
0550b23f29085f41b10d165a46ad4371,D:\prostat\train_images\0550b23f29085f41b10d165a46ad4371.tiff,True,True
3818629922ae8cfaf651080972cba367,D:\prostat\train_images\3818629922ae8cfaf651080972cba367.tiff,True,True
05ae9c45c764c3e40da1e8785a688852,D:\prostat\train_images\05ae9c45c764c3e40da1e8785a688852.tiff,True,True
8610bfa14edc267fd6c047665e785b6b,D:\prostat\train_images\8610bfa14edc267fd6c047665e785b6b.tiff,True,True
78c5e472a9d41b66a53ac0d2b9be7cae,D:\prostat\train_images\78c5e472a9d41b66a53ac0d2b9be7cae.tiff,True,True
248055652d366e498410b86a233d8978,D:\prostat\train_images\248055652d366e498410b86a233d8978.tiff,True,True
2cb257b54e4f700a448606578ac3261b,D:\prostat\train_images\2cb257b54e4f700a448606578ac3261b.tiff,True,True
4e94a11759c86bca9836e27cfd2fb670,D:\prostat\train_images\4e94a11759c86bca9836e27cfd2fb670.tiff,True,True
b01f92809dbfa747dc4d1881f400d99b,D:\prostat\train_images\b01f92809dbfa747dc4d1881f400d99b.tiff,True,True
36b55596d75cb210bce9db1166353568,D:\prostat\train_images\36b55596d75cb210bce9db1166353568.tiff,True,True
c970573e9cb96664f92635e105212888,D:\prostat\train_images\c970573e9cb96664f92635e105212888.tiff,True,True
ccf41d11135d582d9e184970c7eff9c8,D:\prostat\train_images\ccf41d11135d582d9e184970c7eff9c8.tiff,True,True
bbc3af10b2b28e237b786efa802e226f,D:\prostat\train_images\bbc3af10b2b28e237b786efa802e226f.tiff,True,True
0ace5c189da8f9f9d9cb92e85f142904,D:\prostat\train_images\0ace5c189da8f9f9d9cb92e85f142904.tiff,True,True
fefabb166e46f9096f4b5afa23b86e1a,D:\prostat\train_images\fefabb166e46f9096f4b5afa23b86e1a.tiff,True,True
34bf0923d7382e438664901cf794d748,D:\prostat\train_images\34bf0923d7382e438664901cf794d748.tiff,True,True
51eff3eca711a0e2dc3153a420c98c8d,D:\prostat\train_images\51eff3eca711a0e2dc3153a420c98c8d.tiff,True,True
1987d293a6345a3fdfd2accf524bc2d1,D:\prostat\train_images\1987d293a6345a3fdfd2accf524bc2d1.tiff,True,True
58c6772feea732357604d4178abc4032,D:\prostat\train_images\58c6772feea732357604d4178abc4032.tiff,True,True
3531763820dc825219b9d6283721a959,D:\prostat\train_images\3531763820dc825219b9d6283721a959.tiff,True,True
581a0ecff3a2c886dbf5725909d210fe,D:\prostat\train_images\581a0ecff3a2c886dbf5725909d210fe.tiff,True,True
6c2b1416fd7b6b544c7c60f9b8d2548c,D:\prostat\train_images\6c2b1416fd7b6b544c7c60f9b8d2548c.tiff,True,True
bae0ff238ba5e0f675f06a72a383bcd6,D:\prostat\train_images\bae0ff238ba5e0f675f06a72a383bcd6.tiff,True,True
4b9990a038b7b29a12d971fb17372c2e,D:\prostat\train_images\4b9990a038b7b29a12d971fb17372c2e.tiff,True,True
228e60ce9785add71bcd377e0c6fafa9,D:\prostat\train_images\228e60ce9785add71bcd377e0c6fafa9.tiff,True,True
da5bbea85af39c137a264ee0bd56ef50,D:\prostat\train_images\da5bbea85af39c137a264ee0bd56ef50.tiff,True,True
9b688ada62f8dd3fb913afa90d5a3e07,D:\prostat\train_images\9b688ada62f8dd3fb913afa90d5a3e07.tiff,True,True
e455ae3e3577a5dbc38d6893edbd943f,D:\prostat\train_images\e455ae3e3577a5dbc38d6893edbd943f.tiff,True,True
afaa3f61f49c3e47bbfa02f3d657994f,D:\prostat\train_images\afaa3f61f49c3e47bbfa02f3d657994f.tiff,True,True
42045280ad96d543a1edb099b0b05940,D:\prostat\train_images\42045280ad96d543a1edb099b0b05940.tiff,True,True
7c2193a1c4e1fc13d15f3e8aca036274,D:\prostat\train_images\7c2193a1c4e1fc13d15f3e8aca036274.tiff,True,True
79e7ac532c7b4052075ad6c85be3facc,D:\prostat\train_images\79e7ac532c7b4052075ad6c85be3facc.tiff,True,True
0748aba46621600d1e6b6ec02f90dfe5,D:\prostat\train_images\0748aba46621600d1e6b6ec02f90dfe5.tiff,True,True
55c29d1ac14d39d5efb42fa48d98a249,D:\prostat\train_images\55c29d1ac14d39d5efb42fa48d98a249.tiff,True,True
ef5dbd7a78bc04a0a5d236739ce11f20,D:\prostat\train_images\ef5dbd7a78bc04a0a5d236739ce11f20.tiff,True,True
8a21fc0aed2fd06a8b3fe4824c53413e,D:\prostat\train_images\8a21fc0aed2fd06a8b3fe4824c53413e.tiff,True,True
b1ecc44ba2bffeba5ad09c2a339f40fa,D:\prostat\train_images\b1ecc44ba2bffeba5ad09c2a339f40fa.tiff,True,True
724b9b63d3a951e612d08a288fc89da7,D:\prostat\train_images\724b9b63d3a951e612d08a288fc89da7.tiff,True,True
836e64bc05fc3ca33fcaae4102d1f989,D:\prostat\train_images\836e64bc05fc3ca33fcaae4102d1f989.tiff,True,True
13a2f4b3f904a0893997c4fc8f2ec7d5,D:\prostat\train_images\13a2f4b3f904a0893997c4fc8f2ec7d5.tiff,True,True
871b51f7bba1b86959706048ebb3707b,D:\prostat\train_images\871b51f7bba1b86959706048ebb3707b.tiff,True,True
d7f7dfd23c0224a2a66728dc37274832,D:\prostat\train_images\d7f7dfd23c0224a2a66728dc37274832.tiff,True,True
89ede291a13f7e38b926fc6ad5c4b959,D:\prostat\train_images\89ede291a13f7e38b926fc6ad5c4b959.tiff,True,True
2442cc58025c02b3d153183bb0f65bd4,D:\prostat\train_images\2442cc58025c02b3d153183bb0f65bd4.tiff,True,True
5252182ded15f6179aba4b367c0215dc,D:\prostat\train_images\5252182ded15f6179aba4b367c0215dc.tiff,True,True
58068fcdb3562d6c87a5984660f7c81b,D:\prostat\train_images\58068fcdb3562d6c87a5984660f7c81b.tiff,True,True
fe5717205561fb01917f7e1a27ddc2a9,D:\prostat\train_images\fe5717205561fb01917f7e1a27ddc2a9.tiff,True,True
644bfd69ca745dd7e1884a4f4c2fc408,D:\prostat\train_images\644bfd69ca745dd7e1884a4f4c2fc408.tiff,True,True
8fc8a9625136be2a7a2d0b394d82a382,D:\prostat\train_images\8fc8a9625136be2a7a2d0b394d82a382.tiff,True,True
0bfcecec15bb9bef0c8e59e2776ee3c7,D:\prostat\train_images\0bfcecec15bb9bef0c8e59e2776ee3c7.tiff,True,True
771b4d1f002ddd740017d6e4371df8d0,D:\prostat\train_images\771b4d1f002ddd740017d6e4371df8d0.tiff,True,True
e10c337764347d31c843126ea3156504,D:\prostat\train_images\e10c337764347d31c843126ea3156504.tiff,True,True
630cd3bb436af3e09290f7f4458b8f60,D:\prostat\train_images\630cd3bb436af3e09290f7f4458b8f60.tiff,True,True
237a26535117ff8e51d28df0058e488d,D:\prostat\train_images\237a26535117ff8e51d28df0058e488d.tiff,True,True
3ed6a37e2e5a9a48ebfe9a8f6e2f1a39,D:\prostat\train_images\3ed6a37e2e5a9a48ebfe9a8f6e2f1a39.tiff,True,True
1d33889037497d32695ac48a786af6d5,D:\prostat\train_images\1d33889037497d32695ac48a786af6d5.tiff,True,True
b0664a3b144f7f75e5620930a0a1a0bc,D:\prostat\train_images\b0664a3b144f7f75e5620930a0a1a0bc.tiff,True,True
cca53cbca33dc4a5548e85a1067c1943,D:\prostat\train_images\cca53cbca33dc4a5548e85a1067c1943.tiff,True,True
dcaddc63f80b66a1ecac19a135fbfe66,D:\prostat\train_images\dcaddc63f80b66a1ecac19a135fbfe66.tiff,True,True
86ac44c7c69cbaec3cb234023c436341,D:\prostat\train_images\86ac44c7c69cbaec3cb234023c436341.tiff,True,True
25f05be992338d0229bf3a5cd110143c,D:\prostat\train_images\25f05be992338d0229bf3a5cd110143c.tiff,True,True
d3f6434f43689a211788c03214c49a8c,D:\prostat\train_images\d3f6434f43689a211788c03214c49a8c.tiff,True,True
d7502ac103c3191346e8d4217809fc22,D:\prostat\train_images\d7502ac103c3191346e8d4217809fc22.tiff,True,True
b25f6e37fd35d5d8f7e2e7726ada2368,D:\prostat\train_images\b25f6e37fd35d5d8f7e2e7726ada2368.tiff,True,True
d8eb251809fb58ce9497165de727591e,D:\prostat\train_images\d8eb251809fb58ce9497165de727591e.tiff,True,True
f2e0a29fb9a4f366cf2cd9c3e535e852,D:\prostat\train_images\f2e0a29fb9a4f366cf2cd9c3e535e852.tiff,True,True
319b3e952790c3b1136e48067886c6dc,D:\prostat\train_images\319b3e952790c3b1136e48067886c6dc.tiff,True,True
8003fd3fd9c33b3c72cf7b70f619809f,D:\prostat\train_images\8003fd3fd9c33b3c72cf7b70f619809f.tiff,True,True
22b05f7f7b5dc2c88e0b2038cd1a96a4,D:\prostat\train_images\22b05f7f7b5dc2c88e0b2038cd1a96a4.tiff,True,True
7cbab4cb4f2b654dab01864409304a36,D:\prostat\train_images\7cbab4cb4f2b654dab01864409304a36.tiff,True,True
e6c2b43503bee624d35122991a011007,D:\prostat\train_images\e6c2b43503bee624d35122991a011007.tiff,True,True
4fb0466bef8ba34cfb92cafa959f029d,D:\prostat\train_images\4fb0466bef8ba34cfb92cafa959f029d.tiff,True,True
d1088ba933bd7066a3a777f542f61fa6,D:\prostat\train_images\d1088ba933bd7066a3a777f542f61fa6.tiff,True,True
840285977e44c0eb0fee56caab3da73c,D:\prostat\train_images\840285977e44c0eb0fee56caab3da73c.tiff,True,True
b82d2dc0da3da820bed80131d301c96b,D:\prostat\train_images\b82d2dc0da3da820bed80131d301c96b.tiff,True,True
7537c295737f3a982a8859919c962c66,D:\prostat\train_images\7537c295737f3a982a8859919c962c66.tiff,True,True
2ee68cce1ed0a65cf352ed55488979a0,D:\prostat\train_images\2ee68cce1ed0a65cf352ed55488979a0.tiff,True,True
e561cdb33e597cb88ab37af8d677eeac,D:\prostat\train_images\e561cdb33e597cb88ab37af8d677eeac.tiff,True,True
c303cc999de4cd885cdc8450af892c6e,D:\prostat\train_images\c303cc999de4cd885cdc8450af892c6e.tiff,True,True
afe59339b8fe3ed8a390ccdf9030f6b1,D:\prostat\train_images\afe59339b8fe3ed8a390ccdf9030f6b1.tiff,True,True
e34756c845af0df51049713c5d5f30be,D:\prostat\train_images\e34756c845af0df51049713c5d5f30be.tiff,True,True
8ed8da75b8a46d9e025378993e4dc41e,D:\prostat\train_images\8ed8da75b8a46d9e025378993e4dc41e.tiff,True,True
f2681b7d31d93187bec658359690b57d,D:\prostat\train_images\f2681b7d31d93187bec658359690b57d.tiff,True,True
67b316fcbdac6392f500c587f2cb2b16,D:\prostat\train_images\67b316fcbdac6392f500c587f2cb2b16.tiff,True,True
4329ecc226ab6eaac30528500da78995,D:\prostat\train_images\4329ecc226ab6eaac30528500da78995.tiff,True,True
037f29b7d62479c7fb257903f401269a,D:\prostat\train_images\037f29b7d62479c7fb257903f401269a.tiff,True,True
65f6854bc7b6c9e360645a242afaff3d,D:\prostat\train_images\65f6854bc7b6c9e360645a242afaff3d.tiff,True,True
fe1a80cbadf8d02cb130b9911c7a83e8,D:\prostat\train_images\fe1a80cbadf8d02cb130b9911c7a83e8.tiff,True,True
dd4a6b2c2370f47add9ec08e2f7e7458,D:\prostat\train_images\dd4a6b2c2370f47add9ec08e2f7e7458.tiff,True,True
40f53e192b5ef10af5d9f176cb1705bc,D:\prostat\train_images\40f53e192b5ef10af5d9f176cb1705bc.tiff,True,True
501e4c383b777dd289d4e4f49a6bcf0a,D:\prostat\train_images\501e4c383b777dd289d4e4f49a6bcf0a.tiff,True,True
3cb4631d3f2db61bfa503633d37dc45a,D:\prostat\train_images\3cb4631d3f2db61bfa503633d37dc45a.tiff,True,True
2a0413cade5edfb4cf5b0d43e7346659,D:\prostat\train_images\2a0413cade5edfb4cf5b0d43e7346659.tiff,True,True
62a976bdc21bd2c8a34de5ec3d192857,D:\prostat\train_images\62a976bdc21bd2c8a34de5ec3d192857.tiff,True,True
6d35e2b7e296586b9654009085774c81,D:\prostat\train_images\6d35e2b7e296586b9654009085774c81.tiff,True,True
01642d24ac5520681d6a20f6c42dc4fe,D:\prostat\train_images\01642d24ac5520681d6a20f6c42dc4fe.tiff,True,True
ee9d46e743ccade3196701a6068fa860,D:\prostat\train_images\ee9d46e743ccade3196701a6068fa860.tiff,True,True
f300013a1ea43769dff32ac02e6f0cef,D:\prostat\train_images\f300013a1ea43769dff32ac02e6f0cef.tiff,True,True
f331956c0ae3f7b276a7792cb9a1eb71,D:\prostat\train_images\f331956c0ae3f7b276a7792cb9a1eb71.tiff,True,True
c0f9ad8d304ace3f08d367a0f088d2ae,D:\prostat\train_images\c0f9ad8d304ace3f08d367a0f088d2ae.tiff,True,True
b4ea5ca894812aa2b51b8b17efe9da3f,D:\prostat\train_images\b4ea5ca894812aa2b51b8b17efe9da3f.tiff,True,True
3c2dd628b93ce49260c21b8aa9d8fba5,D:\prostat\train_images\3c2dd628b93ce49260c21b8aa9d8fba5.tiff,True,True
789a88aa6341166fa4e3e08647d3d0e8,D:\prostat\train_images\789a88aa6341166fa4e3e08647d3d0e8.tiff,True,True
4621bcbbece53892b356cd1d7ca6d884,D:\prostat\train_images\4621bcbbece53892b356cd1d7ca6d884.tiff,True,True
b04fde49acc617ccfc5e966c0a6bd71a,D:\prostat\train_images\b04fde49acc617ccfc5e966c0a6bd71a.tiff,True,True
6d2141c1c6593fc206e2a695cb591831,D:\prostat\train_images\6d2141c1c6593fc206e2a695cb591831.tiff,True,True
6bcc8593ad6683f8edf4a39cffebc426,D:\prostat\train_images\6bcc8593ad6683f8edf4a39cffebc426.tiff,True,True
be9c4411b1591a38eb110f641f9bf0a6,D:\prostat\train_images\be9c4411b1591a38eb110f641f9bf0a6.tiff,True,True
f2bdcd0529edc4f24290b17c93f49743,D:\prostat\train_images\f2bdcd0529edc4f24290b17c93f49743.tiff,True,True
2285fafb1f76a5c4fc268b08c7e8ff9b,D:\prostat\train_images\2285fafb1f76a5c4fc268b08c7e8ff9b.tiff,True,True
5618b00aeacbdf535a22fa008a8f2ad7,D:\prostat\train_images\5618b00aeacbdf535a22fa008a8f2ad7.tiff,True,True
17b83466a22a8a96ccf3a7cccd83068f,D:\prostat\train_images\17b83466a22a8a96ccf3a7cccd83068f.tiff,True,True
0c63ad44d6bc717dcf0c965d1284d503,D:\prostat\train_images\0c63ad44d6bc717dcf0c965d1284d503.tiff,True,True
906a29d46ae1aa8cd2d3b50842646f29,D:\prostat\train_images\906a29d46ae1aa8cd2d3b50842646f29.tiff,True,True
a1623edb50042b97567bc9662436c264,D:\prostat\train_images\a1623edb50042b97567bc9662436c264.tiff,True,True
75e0312b501f37b88a274858cb8e7275,D:\prostat\train_images\75e0312b501f37b88a274858cb8e7275.tiff,True,True
6e9995fa4c8db46c8bef5798eda91bbc,D:\prostat\train_images\6e9995fa4c8db46c8bef5798eda91bbc.tiff,True,True
98bfad4a1ec921edc2f61c9c9dd5690a,D:\prostat\train_images\98bfad4a1ec921edc2f61c9c9dd5690a.tiff,True,True
39b20d5c2588bafb42c5d6915de11b6b,D:\prostat\train_images\39b20d5c2588bafb42c5d6915de11b6b.tiff,True,True
f5453bb85ab33f0f99e56b296293737e,D:\prostat\train_images\f5453bb85ab33f0f99e56b296293737e.tiff,True,True
4cca009687e182cad33fd58da6a15b1d,D:\prostat\train_images\4cca009687e182cad33fd58da6a15b1d.tiff,True,True
d696ba8f2bf63e937f78dd9e911e9025,D:\prostat\train_images\d696ba8f2bf63e937f78dd9e911e9025.tiff,True,True
0e16745ebec69d81333b472627815751,D:\prostat\train_images\0e16745ebec69d81333b472627815751.tiff,True,True
7c79546e808a9c6ae95c15bfe3b4b590,D:\prostat\train_images\7c79546e808a9c6ae95c15bfe3b4b590.tiff,True,True
df1d15665468688154a86a6b45b7fd71,D:\prostat\train_images\df1d15665468688154a86a6b45b7fd71.tiff,True,True
54d8ec6ad7fb212c188a3607553748cc,D:\prostat\train_images\54d8ec6ad7fb212c188a3607553748cc.tiff,True,True
ed15d638e47b2a7c449674702e4d988c,D:\prostat\train_images\ed15d638e47b2a7c449674702e4d988c.tiff,True,True
b743bbc6f10f0f164b24b5b6ee05def6,D:\prostat\train_images\b743bbc6f10f0f164b24b5b6ee05def6.tiff,True,True
78d0d8888cb53a305dd5931d7cdb84eb,D:\prostat\train_images\78d0d8888cb53a305dd5931d7cdb84eb.tiff,True,True
8e3e843a0eebb79b5ed06f97c078eb87,D:\prostat\train_images\8e3e843a0eebb79b5ed06f97c078eb87.tiff,True,True
cec6d31b042009cc924bffbe794b1da1,D:\prostat\train_images\cec6d31b042009cc924bffbe794b1da1.tiff,True,True
befda4b7504b03a7d5e9ca92f2757c41,D:\prostat\train_images\befda4b7504b03a7d5e9ca92f2757c41.tiff,True,True
bf35558d394ebcc49d64fc17503583bd,D:\prostat\train_images\bf35558d394ebcc49d64fc17503583bd.tiff,True,True
83388ee25283c6bdc0cd5ed50b5fb50d,D:\prostat\train_images\83388ee25283c6bdc0cd5ed50b5fb50d.tiff,True,True
4a2a3bb75dc38efd9525cf96c379feb6,D:\prostat\train_images\4a2a3bb75dc38efd9525cf96c379feb6.tiff,True,True
e55a011bf1ef19beaf3f44e7d06fa0d0,D:\prostat\train_images\e55a011bf1ef19beaf3f44e7d06fa0d0.tiff,True,True
bb6a5808a184427408654f15790faf50,D:\prostat\train_images\bb6a5808a184427408654f15790faf50.tiff,True,True
fbec0ff75cf34743b0143538e59c4641,D:\prostat\train_images\fbec0ff75cf34743b0143538e59c4641.tiff,True,True
497813868ecc84bc315997f428262cd7,D:\prostat\train_images\497813868ecc84bc315997f428262cd7.tiff,True,True
9921310eb85fdef96f5ec4b5bea102c5,D:\prostat\train_images\9921310eb85fdef96f5ec4b5bea102c5.tiff,True,True
79e6f48335f8260876bff6941eddbf18,D:\prostat\train_images\79e6f48335f8260876bff6941eddbf18.tiff,True,True
a798f33537433d71e8e219b26a2c7ec2,D:\prostat\train_images\a798f33537433d71e8e219b26a2c7ec2.tiff,True,True
32751c898368ef065ae6b907d1743846,D:\prostat\train_images\32751c898368ef065ae6b907d1743846.tiff,True,True
3bec458737cfadd414c267ce0200c941,D:\prostat\train_images\3bec458737cfadd414c267ce0200c941.tiff,True,True
8ed35a4d31711b9670bc5125f79fbdd7,D:\prostat\train_images\8ed35a4d31711b9670bc5125f79fbdd7.tiff,True,True
c8f5e704b9d4cc83d2ac4b7eec6d60ed,D:\prostat\train_images\c8f5e704b9d4cc83d2ac4b7eec6d60ed.tiff,True,True
3f5bab6cda2430e7cdf7ab27566599c8,D:\prostat\train_images\3f5bab6cda2430e7cdf7ab27566599c8.tiff,True,True
0841bb278823ec53920d723881c7afd9,D:\prostat\train_images\0841bb278823ec53920d723881c7afd9.tiff,True,True
53112d6426aa20a446eac73f72ef0458,D:\prostat\train_images\53112d6426aa20a446eac73f72ef0458.tiff,True,True
7b5b2d7f86f7725b0ea4f0ed3b4807de,D:\prostat\train_images\7b5b2d7f86f7725b0ea4f0ed3b4807de.tiff,True,True
d06f2b00a00eb4136df95c649807fc71,D:\prostat\train_images\d06f2b00a00eb4136df95c649807fc71.tiff,True,True
1562710a0cda2f5494cac08ea3c536ec,D:\prostat\train_images\1562710a0cda2f5494cac08ea3c536ec.tiff,True,True
efe68e8f9916ca5966a513f11282491c,D:\prostat\train_images\efe68e8f9916ca5966a513f11282491c.tiff,True,True
fe5d75959ab6290565b739951f2b8e1b,D:\prostat\train_images\fe5d75959ab6290565b739951f2b8e1b.tiff,True,True
7b3f3b2a473fa265132ca41c139372b0,D:\prostat\train_images\7b3f3b2a473fa265132ca41c139372b0.tiff,True,True
51c3d460a2f37b0c8948478f702bddb4,D:\prostat\train_images\51c3d460a2f37b0c8948478f702bddb4.tiff,True,True
d067d3241f1340c9c54c1b78a5a780cf,D:\prostat\train_images\d067d3241f1340c9c54c1b78a5a780cf.tiff,True,True
470fe78b3e1c56bc1117d440c92b8c8f,D:\prostat\train_images\470fe78b3e1c56bc1117d440c92b8c8f.tiff,True,True
230181f28dca7a3923e3f3e224464a53,D:\prostat\train_images\230181f28dca7a3923e3f3e224464a53.tiff,True,True
a36452af1afcef236f75414233521c8e,D:\prostat\train_images\a36452af1afcef236f75414233521c8e.tiff,True,True
45de9b11fe9e7be0cfa1501034111d11,D:\prostat\train_images\45de9b11fe9e7be0cfa1501034111d11.tiff,True,True
97bf4d65f07954809658e01478408637,D:\prostat\train_images\97bf4d65f07954809658e01478408637.tiff,True,True
725d408c201802a91191f299824b0a3b,D:\prostat\train_images\725d408c201802a91191f299824b0a3b.tiff,True,True
2c2ea50438dabda801440d9ee961a13f,D:\prostat\train_images\2c2ea50438dabda801440d9ee961a13f.tiff,True,True
6f8bf6cfb0c020fdfef1ddb79a250464,D:\prostat\train_images\6f8bf6cfb0c020fdfef1ddb79a250464.tiff,True,True
67470bde06cb2a3fe8460fdfc41891ff,D:\prostat\train_images\67470bde06cb2a3fe8460fdfc41891ff.tiff,True,True
3e07800d6b2beb390b39f0c534bfd719,D:\prostat\train_images\3e07800d6b2beb390b39f0c534bfd719.tiff,True,True
75e60534dd93f29fda25575c1c2e910f,D:\prostat\train_images\75e60534dd93f29fda25575c1c2e910f.tiff,True,True
44d8195408cf47c03270035175e63a05,D:\prostat\train_images\44d8195408cf47c03270035175e63a05.tiff,True,True
d34c7fe759808771f0b2dc65ad0df03c,D:\prostat\train_images\d34c7fe759808771f0b2dc65ad0df03c.tiff,True,True
68a68e1d6735eed0b0aec0022e5da010,D:\prostat\train_images\68a68e1d6735eed0b0aec0022e5da010.tiff,True,True
aa082e66a044358b7222c7e2fb499a2b,D:\prostat\train_images\aa082e66a044358b7222c7e2fb499a2b.tiff,True,True
d0c4142647b620df5a8b8e5e21f970e1,D:\prostat\train_images\d0c4142647b620df5a8b8e5e21f970e1.tiff,True,True
7ad5685ded3cccaaed64166a7bad4798,D:\prostat\train_images\7ad5685ded3cccaaed64166a7bad4798.tiff,True,True
71ed9d8a5cc6fb819ffe17b776310e74,D:\prostat\train_images\71ed9d8a5cc6fb819ffe17b776310e74.tiff,True,True
bfaca5eeb8747937eef3f91f3a2da1f9,D:\prostat\train_images\bfaca5eeb8747937eef3f91f3a2da1f9.tiff,True,True
cbd1cef3de1dcfd55e489e41c4ae514c,D:\prostat\train_images\cbd1cef3de1dcfd55e489e41c4ae514c.tiff,True,True
f28d60a3f5606122a0f412e1092c94a4,D:\prostat\train_images\f28d60a3f5606122a0f412e1092c94a4.tiff,True,True
120f3222f28aea27936ebacdfc0af3b6,D:\prostat\train_images\120f3222f28aea27936ebacdfc0af3b6.tiff,True,True
d9c9948c3c66446410dfc95adcafd115,D:\prostat\train_images\d9c9948c3c66446410dfc95adcafd115.tiff,True,True
d227b2a18afb71ff3a163bad22e090d4,D:\prostat\train_images\d227b2a18afb71ff3a163bad22e090d4.tiff,True,True
810ade586864058f358c1253fc09a8eb,D:\prostat\train_images\810ade586864058f358c1253fc09a8eb.tiff,True,True
cab3d02d82d55997dfabc99e84516de7,D:\prostat\train_images\cab3d02d82d55997dfabc99e84516de7.tiff,True,True
b4265cba12f772b5bb29989f775f8906,D:\prostat\train_images\b4265cba12f772b5bb29989f775f8906.tiff,True,True
17537cf7df9f40a7ffb523b4d2a2bb8e,D:\prostat\train_images\17537cf7df9f40a7ffb523b4d2a2bb8e.tiff,True,True
7b167a43593cb2fcbdd16b62c995ea2c,D:\prostat\train_images\7b167a43593cb2fcbdd16b62c995ea2c.tiff,True,True
7ee441bf99f40865e465910785ea56ce,D:\prostat\train_images\7ee441bf99f40865e465910785ea56ce.tiff,True,True
39f36065811dabb953b5fa41f826f669,D:\prostat\train_images\39f36065811dabb953b5fa41f826f669.tiff,True,True
fa724c9d2493e8d587dad738b92f21a5,D:\prostat\train_images\fa724c9d2493e8d587dad738b92f21a5.tiff,True,True
ad4a5651b91f3194db3ed570a0b80e84,D:\prostat\train_images\ad4a5651b91f3194db3ed570a0b80e84.tiff,True,True
21ab5bb704709f8b9143a6bf5274dd3a,D:\prostat\train_images\21ab5bb704709f8b9143a6bf5274dd3a.tiff,True,True
146b34839149849ceb98aa7b9bd7edcd,D:\prostat\train_images\146b34839149849ceb98aa7b9bd7edcd.tiff,True,True
3a1ddf8e4a84bd270520fc080f4a3f0a,D:\prostat\train_images\3a1ddf8e4a84bd270520fc080f4a3f0a.tiff,True,True
7f50cd92c0f5cca94434fc6165354acd,D:\prostat\train_images\7f50cd92c0f5cca94434fc6165354acd.tiff,True,True
79d835c5885552240b7e7dd5a5201dde,D:\prostat\train_images\79d835c5885552240b7e7dd5a5201dde.tiff,True,True
c23c7dc1f98cf30339ed926849413355,D:\prostat\train_images\c23c7dc1f98cf30339ed926849413355.tiff,True,True
da808179f9d32176f9eb34ede63017e5,D:\prostat\train_images\da808179f9d32176f9eb34ede63017e5.tiff,True,True
9d931784c507a8633fdc623cc916d8d3,D:\prostat\train_images\9d931784c507a8633fdc623cc916d8d3.tiff,True,True
14be156bb67b73f034b0c326e4b973d0,D:\prostat\train_images\14be156bb67b73f034b0c326e4b973d0.tiff,True,True
7fad834b5a2804776b9f68ce9b30a756,D:\prostat\train_images\7fad834b5a2804776b9f68ce9b30a756.tiff,True,True
4f53892473ee239f9dc9d80047cb3627,D:\prostat\train_images\4f53892473ee239f9dc9d80047cb3627.tiff,True,True
b4bd3a393ca7c948b7e4d9b42c697fd3,D:\prostat\train_images\b4bd3a393ca7c948b7e4d9b42c697fd3.tiff,True,True
08e5d5b878d7049cf9e8c817f1508bff,D:\prostat\train_images\08e5d5b878d7049cf9e8c817f1508bff.tiff,True,True
0277b937ddc8679ae69b3c54bfd714f1,D:\prostat\train_images\0277b937ddc8679ae69b3c54bfd714f1.tiff,True,True
dbe7f4456dfcc47d0f380de5b31c5e87,D:\prostat\train_images\dbe7f4456dfcc47d0f380de5b31c5e87.tiff,True,True
42c97dfa8a8d7ab5ee5ddcc6a5c968da,D:\prostat\train_images\42c97dfa8a8d7ab5ee5ddcc6a5c968da.tiff,True,True
fb25f7ff2cc4e75558a70c33645e3fb7,D:\prostat\train_images\fb25f7ff2cc4e75558a70c33645e3fb7.tiff,True,True
6166cc11159083920af9b3c14670f8b4,D:\prostat\train_images\6166cc11159083920af9b3c14670f8b4.tiff,True,True
4d30d4e5e4ad03b56b9125263caff7ee,D:\prostat\train_images\4d30d4e5e4ad03b56b9125263caff7ee.tiff,True,True
ab1f4d1aa956de906fa909f5fee8fbee,D:\prostat\train_images\ab1f4d1aa956de906fa909f5fee8fbee.tiff,True,True
07fd80d1fce4d559b61bc7103ca21146,D:\prostat\train_images\07fd80d1fce4d559b61bc7103ca21146.tiff,True,True
50203fbd5de280144cbb16749814a3fe,D:\prostat\train_images\50203fbd5de280144cbb16749814a3fe.tiff,True,True
40a7138f52ba6bcb66a4cdc432280261,D:\prostat\train_images\40a7138f52ba6bcb66a4cdc432280261.tiff,True,True
745ff65e8c4d1006694049e1da8b938b,D:\prostat\train_images\745ff65e8c4d1006694049e1da8b938b.tiff,True,True
06fc0c8a36a83d5150fca83d5bbb2612,D:\prostat\train_images\06fc0c8a36a83d5150fca83d5bbb2612.tiff,True,True
caa1847f0e0917d784836c1ef7799d53,D:\prostat\train_images\caa1847f0e0917d784836c1ef7799d53.tiff,True,True
3df74d2fbfaa978ea7dddd31ff05f9f2,D:\prostat\train_images\3df74d2fbfaa978ea7dddd31ff05f9f2.tiff,True,True
b75ccb008444e0845df0ee3ee505ca5c,D:\prostat\train_images\b75ccb008444e0845df0ee3ee505ca5c.tiff,True,True
e273dba6ce943ac5c5a2b2f0ca62fddd,D:\prostat\train_images\e273dba6ce943ac5c5a2b2f0ca62fddd.tiff,True,True
df4146c2cb4e97d9c227bdd90d4dc6f8,D:\prostat\train_images\df4146c2cb4e97d9c227bdd90d4dc6f8.tiff,True,True
8f390d3f70eb8c12b3e56bb1976c71dc,D:\prostat\train_images\8f390d3f70eb8c12b3e56bb1976c71dc.tiff,True,True
6fd6b536110b95a0b8c26072ae5a0c39,D:\prostat\train_images\6fd6b536110b95a0b8c26072ae5a0c39.tiff,True,True
d782c4a766ad5d361a9370fd0c6c6fd5,D:\prostat\train_images\d782c4a766ad5d361a9370fd0c6c6fd5.tiff,True,True
e465f9a9968e474dedf75ee3110b68ce,D:\prostat\train_images\e465f9a9968e474dedf75ee3110b68ce.tiff,True,True
5dc2eb47ce16235ddb6da0b2bd1f449d,D:\prostat\train_images\5dc2eb47ce16235ddb6da0b2bd1f449d.tiff,True,True
38915115592f1775fb6506b4dc039250,D:\prostat\train_images\38915115592f1775fb6506b4dc039250.tiff,True,True
82c5a0e06d697ad6afa1ddbc67c08c46,D:\prostat\train_images\82c5a0e06d697ad6afa1ddbc67c08c46.tiff,True,True
164b9b20392561c3e89dbee047e8f4bf,D:\prostat\train_images\164b9b20392561c3e89dbee047e8f4bf.tiff,True,True
7c064b4fa48467ba6c1ff3b8a6c28bac,D:\prostat\train_images\7c064b4fa48467ba6c1ff3b8a6c28bac.tiff,True,True
44bf5f6b5fe8e1928f3a5037175b6972,D:\prostat\train_images\44bf5f6b5fe8e1928f3a5037175b6972.tiff,True,True
60f0dc0ff216b409ca44a9ba097a0f85,D:\prostat\train_images\60f0dc0ff216b409ca44a9ba097a0f85.tiff,True,True
08134913a9aa1d541f719e9f356f9378,D:\prostat\train_images\08134913a9aa1d541f719e9f356f9378.tiff,True,True
6b8bcd9c84523e1151cefad443a137c2,D:\prostat\train_images\6b8bcd9c84523e1151cefad443a137c2.tiff,True,True
84ae5b7bd213e53668fa2eeba29ac60d,D:\prostat\train_images\84ae5b7bd213e53668fa2eeba29ac60d.tiff,True,True
61dc08bdb56ba45b21c97e583d2869a8,D:\prostat\train_images\61dc08bdb56ba45b21c97e583d2869a8.tiff,True,True
f7a72aee39b9551a4027fd7db0ef8d7e,D:\prostat\train_images\f7a72aee39b9551a4027fd7db0ef8d7e.tiff,True,True
9cacb539b16561b6987029301b5f4bff,D:\prostat\train_images\9cacb539b16561b6987029301b5f4bff.tiff,True,True
473fe1a74a91897154a200ceaa48b4c3,D:\prostat\train_images\473fe1a74a91897154a200ceaa48b4c3.tiff,True,True
9e0f4a948ca41284a9bfd7eedaa7aad3,D:\prostat\train_images\9e0f4a948ca41284a9bfd7eedaa7aad3.tiff,True,True
ca83118f81f560d2f8a27b80307089c3,D:\prostat\train_images\ca83118f81f560d2f8a27b80307089c3.tiff,True,True
db8ff1904b4dbb6dced48061856d9849,D:\prostat\train_images\db8ff1904b4dbb6dced48061856d9849.tiff,True,True
6b84c34486bb12dd87599bf6bb5d7bb1,D:\prostat\train_images\6b84c34486bb12dd87599bf6bb5d7bb1.tiff,True,True
006f4d8d3556dd21f6424202c2d294a9,D:\prostat\train_images\006f4d8d3556dd21f6424202c2d294a9.tiff,True,True
3b60ca0ed4e75480321776ba7aeba987,D:\prostat\train_images\3b60ca0ed4e75480321776ba7aeba987.tiff,True,True
31e2791b5cab69a7ad81589bf9da9c4e,D:\prostat\train_images\31e2791b5cab69a7ad81589bf9da9c4e.tiff,True,True
7586acca9d42458aebf5dec54a544792,D:\prostat\train_images\7586acca9d42458aebf5dec54a544792.tiff,True,True
cea56801015e8f1ee57c6e13bdb4231b,D:\prostat\train_images\cea56801015e8f1ee57c6e13bdb4231b.tiff,True,True
e96abe7cf94b26fff31bc9d9ab8820f5,D:\prostat\train_images\e96abe7cf94b26fff31bc9d9ab8820f5.tiff,True,True
c0a8a6e08e518643663b9635eea0eddc,D:\prostat\train_images\c0a8a6e08e518643663b9635eea0eddc.tiff,True,True
15b9c9c16952a563a85bc7a9c91e323f,D:\prostat\train_images\15b9c9c16952a563a85bc7a9c91e323f.tiff,True,True
32fcd30edb849c78bb61c64a00a0ac79,D:\prostat\train_images\32fcd30edb849c78bb61c64a00a0ac79.tiff,True,True
671932297b6d1cdd3155c01250f62d5c,D:\prostat\train_images\671932297b6d1cdd3155c01250f62d5c.tiff,True,True
3d7a6ed3325520d2325441bb3ede70ea,D:\prostat\train_images\3d7a6ed3325520d2325441bb3ede70ea.tiff,True,True
b0c0c27f31e61e4baac76e71dd29287e,D:\prostat\train_images\b0c0c27f31e61e4baac76e71dd29287e.tiff,True,True
d9471d56985f343c8f300d622628ffaf,D:\prostat\train_images\d9471d56985f343c8f300d622628ffaf.tiff,True,True
80c69b5f428d37636414e89a0adaf228,D:\prostat\train_images\80c69b5f428d37636414e89a0adaf228.tiff,True,True
fc3c4b863c8e9defaf8f430cdee91183,D:\prostat\train_images\fc3c4b863c8e9defaf8f430cdee91183.tiff,True,True
c0908bfcf70cd527ccd3baa20f331a0a,D:\prostat\train_images\c0908bfcf70cd527ccd3baa20f331a0a.tiff,True,True
9cf499926b48d9cafb7d952e1e9f725b,D:\prostat\train_images\9cf499926b48d9cafb7d952e1e9f725b.tiff,True,True
9a0fc7a2679d20d5c7bab1f220316e58,D:\prostat\train_images\9a0fc7a2679d20d5c7bab1f220316e58.tiff,True,True
e165dce4a64276f8ed3048f4aa7b008c,D:\prostat\train_images\e165dce4a64276f8ed3048f4aa7b008c.tiff,True,True
60b1e0a6eb4de198026b8119e7543a8b,D:\prostat\train_images\60b1e0a6eb4de198026b8119e7543a8b.tiff,True,True
